/*
SQLyog Ultimate v12.08 (64 bit)
MySQL - 8.0.17 : Database - docker_0xiang_cn
*********************************************************************
*/

/*!40101 SET NAMES utf8 */;

/*!40101 SET SQL_MODE=''*/;

/*!40014 SET @OLD_UNIQUE_CHECKS=@@UNIQUE_CHECKS, UNIQUE_CHECKS=0 */;
/*!40014 SET @OLD_FOREIGN_KEY_CHECKS=@@FOREIGN_KEY_CHECKS, FOREIGN_KEY_CHECKS=0 */;
/*!40101 SET @OLD_SQL_MODE=@@SQL_MODE, SQL_MODE='NO_AUTO_VALUE_ON_ZERO' */;
/*!40111 SET @OLD_SQL_NOTES=@@SQL_NOTES, SQL_NOTES=0 */;
CREATE DATABASE /*!32312 IF NOT EXISTS*/`docker_0xiang_cn` /*!40100 DEFAULT CHARACTER SET utf8 */ /*!80016 DEFAULT ENCRYPTION='N' */;

USE `docker_0xiang_cn`;

/*Table structure for table `ims_admin` */

DROP TABLE IF EXISTS `ims_admin`;

CREATE TABLE `ims_admin` (
  `admin_id` int(11) unsigned NOT NULL AUTO_INCREMENT,
  `username` varchar(80) CHARACTER SET utf8mb4 COLLATE utf8mb4_unicode_ci NOT NULL COMMENT '账号',
  `password` varchar(60) CHARACTER SET utf8mb4 COLLATE utf8mb4_unicode_ci NOT NULL COMMENT '密码',
  `group_id` mediumint(8) unsigned NOT NULL COMMENT '用户组Id',
  `nickname` varchar(50) CHARACTER SET utf8mb4 COLLATE utf8mb4_unicode_ci NOT NULL DEFAULT '' COMMENT '昵称',
  `head_pic` varchar(512) CHARACTER SET utf8mb4 COLLATE utf8mb4_unicode_ci NOT NULL DEFAULT '' COMMENT '头像',
  `last_login` int(11) NOT NULL DEFAULT '0' COMMENT '最后登录日期',
  `last_ip` varchar(15) CHARACTER SET utf8mb4 COLLATE utf8mb4_unicode_ci NOT NULL DEFAULT '' COMMENT '最后登录ip',
  `status` tinyint(1) NOT NULL DEFAULT '1' COMMENT '0=禁用 1=启用',
  `is_delete` tinyint(1) NOT NULL DEFAULT '0' COMMENT '0=未删 1=已删 ',
  `create_time` int(11) NOT NULL DEFAULT '0' COMMENT '创建日期',
  `update_time` int(11) NOT NULL DEFAULT '0' COMMENT '更新日期',
  PRIMARY KEY (`admin_id`),
  KEY `username` (`username`),
  KEY `status` (`status`),
  KEY `is_delete` (`is_delete`),
  KEY `nickname` (`nickname`),
  KEY `group_id` (`group_id`)
) ENGINE=InnoDB AUTO_INCREMENT=85 DEFAULT CHARSET=utf8mb4 COLLATE=utf8mb4_unicode_ci COMMENT='管理组账号';

/*Data for the table `ims_admin` */

insert  into `ims_admin`(`admin_id`,`username`,`password`,`group_id`,`nickname`,`head_pic`,`last_login`,`last_ip`,`status`,`is_delete`,`create_time`,`update_time`) values (57,'admin','8dfd90869c0f575918f4c31dec71006f',1,'管理员1','',1575507511,'222.240.1.29',1,0,1483200000,0),(58,'admin1','8dfd90869c0f575918f4c31dec71006f',1,'管理员222','',0,'',1,0,1483200000,1575532199),(59,'admin9','8dfd90869c0f575918f4c31dec71006f',1,'管理员3','',0,'',1,0,1483200000,0),(60,'admin4','8dfd90869c0f575918f4c31dec71006f',1,'管理员44','',0,'',1,0,1483200000,1575532159),(61,'admin3','8dfd90869c0f575918f4c31dec71006f',1,'管理员5','',0,'',1,0,1483200000,0),(62,'admin2','8dfd90869c0f575918f4c31dec71006f',1,'管理员6','',0,'',1,0,1483200000,0),(63,'admin11','8dfd90869c0f575918f4c31dec71006f',1,'管理员7','',0,'',1,0,1483200000,0),(64,'admin10','8dfd90869c0f575918f4c31dec71006f',1,'管理员8','',0,'',1,0,1483200000,0),(65,'admin8','8dfd90869c0f575918f4c31dec71006f',1,'管理员9','',0,'',1,0,1483200000,0),(66,'admin6','8dfd90869c0f575918f4c31dec71006f',1,'管理员10','',0,'',1,0,1483200000,0),(67,'admin7','8dfd90869c0f575918f4c31dec71006f',1,'管理员11','',0,'',1,0,1483200000,0),(68,'admin5','8dfd90869c0f575918f4c31dec71006f',1,'管理员12','',0,'',1,0,1483200000,0),(69,'admin12','8dfd90869c0f575918f4c31dec71006f',1,'管理员13','',0,'',1,0,1483200000,0),(70,'admin19','8dfd90869c0f575918f4c31dec71006f',1,'管理员14','',0,'',1,0,0,0),(71,'admin15','8dfd90869c0f575918f4c31dec71006f',1,'管理员15','',0,'',1,0,0,0),(72,'admin14','8dfd90869c0f575918f4c31dec71006f',1,'管理员16','',0,'',1,0,0,0),(73,'admin13','8dfd90869c0f575918f4c31dec71006f',1,'管理员17','',0,'',1,0,0,0),(74,'admin21','8dfd90869c0f575918f4c31dec71006f',1,'管理员18','',0,'',1,0,0,0),(75,'admin20','8dfd90869c0f575918f4c31dec71006f',1,'管理员19','',0,'',1,0,0,0),(76,'admin18','8dfd90869c0f575918f4c31dec71006f',1,'管理员20','',0,'',1,0,0,0),(77,'admin17','8dfd90869c0f575918f4c31dec71006f',1,'管理员21','',0,'',1,0,0,0),(78,'admin16','8dfd90869c0f575918f4c31dec71006f',1,'管理员22','',0,'',1,0,0,0),(79,'test','8dfd90869c0f575918f4c31dec71006f',25,'test','',0,'',1,1,0,0),(80,'test2','8dfd90869c0f575918f4c31dec71006f',25,'test2','',0,'',1,1,0,0),(81,'test3','f2eb130e376f98b4ead4f74ef13d4e3f',25,'test333','',0,'',1,1,0,1575533454),(82,'1111111','3fee0435db13b36dd31489e2a2f335c5',7,'11111','',0,'',1,1,1575535785,1575535785),(83,'test','8dfd90869c0f575918f4c31dec71006f',25,'test','',0,'',1,0,1575536214,1576199033),(84,'零象王士杰','8dfd90869c0f575918f4c31dec71006f',28,'零象王士杰','',0,'',1,0,1576199309,1576466085);

/*Table structure for table `ims_article` */

DROP TABLE IF EXISTS `ims_article`;

CREATE TABLE `ims_article` (
  `article_id` int(11) unsigned NOT NULL AUTO_INCREMENT,
  `article_cat_id` smallint(5) unsigned NOT NULL COMMENT '对应article_cat表',
  `title` varchar(200) CHARACTER SET utf8mb4 COLLATE utf8mb4_unicode_ci NOT NULL COMMENT '标题',
  `image` varchar(512) CHARACTER SET utf8mb4 COLLATE utf8mb4_unicode_ci NOT NULL DEFAULT '' COMMENT '封面',
  `content` mediumtext CHARACTER SET utf8mb4 COLLATE utf8mb4_unicode_ci NOT NULL COMMENT '内容',
  `source` varchar(60) CHARACTER SET utf8mb4 COLLATE utf8mb4_unicode_ci NOT NULL DEFAULT '' COMMENT '来源',
  `source_url` varchar(255) CHARACTER SET utf8mb4 COLLATE utf8mb4_unicode_ci NOT NULL DEFAULT '' COMMENT '来源地址',
  `keywords` varchar(255) CHARACTER SET utf8mb4 COLLATE utf8mb4_unicode_ci NOT NULL DEFAULT '' COMMENT '关键词',
  `description` varchar(255) CHARACTER SET utf8mb4 COLLATE utf8mb4_unicode_ci NOT NULL DEFAULT '' COMMENT '描述',
  `url` varchar(255) CHARACTER SET utf8mb4 COLLATE utf8mb4_unicode_ci NOT NULL DEFAULT '' COMMENT '外部链接',
  `target` enum('_self','_blank') CHARACTER SET utf8mb4 COLLATE utf8mb4_unicode_ci NOT NULL DEFAULT '_self' COMMENT '_self _blank',
  `page_views` int(11) NOT NULL DEFAULT '0' COMMENT '游览量',
  `is_top` tinyint(1) NOT NULL DEFAULT '0' COMMENT '是否置顶 0=否 1=是',
  `status` tinyint(1) NOT NULL DEFAULT '1' COMMENT '0=禁用 1=启用',
  `create_time` int(11) NOT NULL DEFAULT '0' COMMENT '创建日期',
  `update_time` int(11) NOT NULL DEFAULT '0' COMMENT '更新日期',
  PRIMARY KEY (`article_id`),
  KEY `article_cat_id` (`article_cat_id`),
  KEY `is_top` (`is_top`),
  KEY `status` (`status`) USING BTREE
) ENGINE=InnoDB AUTO_INCREMENT=268 DEFAULT CHARSET=utf8mb4 COLLATE=utf8mb4_unicode_ci COMMENT='文章管理';

/*Data for the table `ims_article` */

insert  into `ims_article`(`article_id`,`article_cat_id`,`title`,`image`,`content`,`source`,`source_url`,`keywords`,`description`,`url`,`target`,`page_views`,`is_top`,`status`,`create_time`,`update_time`) values (4,22,'3G知识普及','','4c','','','','','','_self',2,1,0,0,0),(8,24,'标题','','内容8','','','','','','_self',0,1,1,1482677358,1483516111),(9,1,'标题','','内容9','社区','http://www.baidu.com','','','','_self',0,0,1,1482677466,1482677466),(10,1,'标题','','内容10','','http://www.baidu.com','','','','_self',0,0,1,1482677473,1482677473),(12,1,'标题','','12C','百度','https://www.baidu.com','','','','_self',0,0,1,1482677531,1482715541),(13,9,'111标题','','12C','百度','https://www.baidu.com','','','','_self',2,1,1,1482677531,1482715541),(14,8,'测试','','内容','','','','','','_self',0,0,0,1499781644,1499781644),(15,7,'测试','','内容','','','','','','_self',0,0,0,1499781803,1499781803),(16,6,'测试','','内容','','','','','','_self',0,0,0,1499781870,1499781870),(17,5,'测试','','内容','','','','','','_self',0,0,0,1499959652,1499959652),(18,4,'测试','','内容','','','','','','_self',0,0,0,1499959656,1499959656),(20,4,'测试B','','内容','','','','','','_self',0,1,0,1499959763,1499959763),(21,1,'测试A','','内容','','','','','','_self',1000000009,1,0,1499959767,1499959767),(26,24,'标题','','内容8','','','','','','_self',0,1,1,1482677358,1483516111),(27,1,'标题','','内容9','社区','http://www.baidu.com','','','','_self',0,0,1,1482677466,1482677466),(28,1,'标题','','内容10','','http://www.baidu.com','','','','_self',0,0,1,1482677473,1482677473),(30,1,'标题','','12C','百度','https://www.baidu.com','','','','_self',0,0,1,1482677531,1482715541),(31,9,'111标题','','12C','百度','https://www.baidu.com','','','','_self',0,0,1,1482677531,1482715541),(32,8,'测试','','内容','','','','','','_self',0,0,0,1499781644,1499781644),(33,7,'测试','','内容','','','','','','_self',0,0,0,1499781803,1499781803),(34,6,'测试','','内容','','','','','','_self',0,0,0,1499781870,1499781870),(35,5,'测试','','内容','','','','','','_self',0,0,0,1499959652,1499959652),(36,4,'测试','','内容','','','','','','_self',0,0,0,1499959656,1499959656),(38,4,'测试B','','内容','','','','','','_self',0,1,0,1499959763,1499959763),(39,1,'测试A','','内容','','','','','','_self',1000000009,1,0,1499959767,1499959767),(40,22,'3G知识普及','','4c','','','','','','_self',3,1,1,0,0),(44,24,'标题','','内容8','','','','','','_self',1,1,1,1482677358,1483516111),(45,1,'标题','','内容9','社区','http://www.baidu.com','','','','_self',1,0,1,1482677466,1482677466),(46,1,'标题','','内容10','','http://www.baidu.com','','','','_self',0,0,1,1482677473,1482677473),(48,1,'标题','','12C','百度','https://www.baidu.com','','','','_self',1,0,1,1482677531,1482715541),(49,9,'111标题','','12C','百度','https://www.baidu.com','','','','_self',0,0,1,1482677531,1482715541),(50,8,'测试','','内容','','','','','','_self',1,0,0,1499781644,1499781644),(51,7,'测试','','内容','','','','','','_self',0,0,0,1499781803,1499781803),(52,6,'测试','','内容','','','','','','_self',0,0,0,1499781870,1499781870),(53,5,'测试','','内容','','','','','','_self',1,0,0,1499959652,1499959652),(54,4,'测试','','内容','','','','','','_self',1,0,0,1499959656,1499959656),(56,4,'测试B','','内容','','','','','','_self',0,1,0,1499959763,1499959763),(57,1,'测试A','','内容','','','','','','_self',1000000009,1,0,1499959767,1499959767),(58,22,'3G知识普及','','4c','','','','','','_self',2,1,1,0,0),(62,24,'标题qq','','内容8','','','','','','_self',1,1,0,1482677358,1575855674),(63,1,'标题','','内容9','社区','http://www.baidu.com','','','','_self',0,0,1,1482677466,1482677466),(64,1,'标题3455634','','内容10','','http://www.baidu.com','','','','_self',0,0,1,1482677473,1575855652),(67,9,'111标题','','12C','百度','https://www.baidu.com','','','','_self',0,0,0,1482677531,1482715541),(68,8,'测试','','内容','','','','','','_self',0,0,0,1499781644,1499781644),(69,7,'测试','','内容','','','','','','_self',2,0,0,1499781803,1499781803),(70,6,'测试','','内容','','','','','','_self',5,0,0,1499781870,1558714530),(71,5,'测试','','内容','','','','','','_self',29,0,0,1499959652,1558714525),(72,4,'测试666','aliyun.oss.careyshop.cn/uploads/files/20190525/0bbe0a19-20c7-46b8-be66-5cff5809dbf3.jpg?type=aliyun','<code></code>\n<table class=\"highlight tab-size js-file-line-container\" data-tab-size=\"8\">\n<tbody>\n<tr>\n<td id=\"LC1\" class=\"blob-code blob-code-inner js-file-line\">&lt;<span class=\"pl-ent\">template</span>&gt;</td>\n</tr>\n<tr>\n<td id=\"L2\" class=\"blob-num js-line-number\" data-line-number=\"2\">&nbsp;</td>\n<td id=\"LC2\" class=\"blob-code blob-code-inner js-file-line\">&lt;<span class=\"pl-ent\">d2-container</span></td>\n</tr>\n<tr>\n<td id=\"L3\" class=\"blob-num js-line-number\" data-line-number=\"3\">&nbsp;</td>\n<td id=\"LC3\" class=\"blob-code blob-code-inner js-file-line\"><span class=\"pl-e\">ref</span>=<span class=\"pl-s\"><span class=\"pl-pds\">\"</span>container<span class=\"pl-pds\">\"</span></span></td>\n</tr>\n<tr>\n<td id=\"L4\" class=\"blob-num js-line-number\" data-line-number=\"4\">&nbsp;</td>\n<td id=\"LC4\" class=\"blob-code blob-code-inner js-file-line\">:<span class=\"pl-e\">type</span>=<span class=\"pl-s1\"><span class=\"pl-pds\">\"</span>containerType<span class=\"pl-pds\">\"</span></span></td>\n</tr>\n<tr>\n<td id=\"L5\" class=\"blob-num js-line-number\" data-line-number=\"5\">&nbsp;</td>\n<td id=\"LC5\" class=\"blob-code blob-code-inner js-file-line\">:<span class=\"pl-e\">better-scroll</span>=<span class=\"pl-s1\"><span class=\"pl-pds\">\"</span>betterScroll<span class=\"pl-pds\">\"</span></span></td>\n</tr>\n<tr>\n<td id=\"L6\" class=\"blob-num js-line-number\" data-line-number=\"6\">&nbsp;</td>\n<td id=\"LC6\" class=\"blob-code blob-code-inner js-file-line\">:<span class=\"pl-e\">scroll-delay</span>=<span class=\"pl-s1\"><span class=\"pl-pds\">\"</span>scrollDelay<span class=\"pl-pds\">\"</span></span></td>\n</tr>\n<tr>\n<td id=\"L7\" class=\"blob-num js-line-number\" data-line-number=\"7\">&nbsp;</td>\n<td id=\"LC7\" class=\"blob-code blob-code-inner js-file-line\">@<span class=\"pl-e\">scroll</span>=<span class=\"pl-s1\"><span class=\"pl-pds\">\"</span>({x, y}) <span class=\"pl-k\">=&gt;</span> { scrollTop <span class=\"pl-k\">=</span> y }<span class=\"pl-pds\">\"</span></span>&gt;</td>\n</tr>\n<tr>\n<td id=\"L8\" class=\"blob-num js-line-number\" data-line-number=\"8\">&nbsp;</td>\n<td id=\"LC8\" class=\"blob-code blob-code-inner js-file-line\">&lt;<span class=\"pl-ent\">template</span> <span class=\"pl-e\">slot</span>=<span class=\"pl-s\"><span class=\"pl-pds\">\"</span>header<span class=\"pl-pds\">\"</span></span>&gt;</td>\n</tr>\n<tr>\n<td id=\"L9\" class=\"blob-num js-line-number\" data-line-number=\"9\">&nbsp;</td>\n<td id=\"LC9\" class=\"blob-code blob-code-inner js-file-line\">&lt;<span class=\"pl-ent\">el-form</span></td>\n</tr>\n<tr>\n<td id=\"L10\" class=\"blob-num js-line-number\" data-line-number=\"10\">&nbsp;</td>\n<td id=\"LC10\" class=\"blob-code blob-code-inner js-file-line\">:<span class=\"pl-e\">inline</span>=<span class=\"pl-s1\"><span class=\"pl-pds\">\"</span><span class=\"pl-c1\">true</span><span class=\"pl-pds\">\"</span></span></td>\n</tr>\n<tr>\n<td id=\"L11\" class=\"blob-num js-line-number\" data-line-number=\"11\">&nbsp;</td>\n<td id=\"LC11\" class=\"blob-code blob-code-inner js-file-line\"><span class=\"pl-e\">size</span>=<span class=\"pl-s\"><span class=\"pl-pds\">\"</span>mini<span class=\"pl-pds\">\"</span></span>&gt;</td>\n</tr>\n<tr>\n<td id=\"L12\" class=\"blob-num js-line-number\" data-line-number=\"12\">&nbsp;</td>\n<td id=\"LC12\" class=\"blob-code blob-code-inner js-file-line\">&lt;<span class=\"pl-ent\">el-form-item</span></td>\n</tr>\n<tr>\n<td id=\"L13\" class=\"blob-num js-line-number\" data-line-number=\"13\">&nbsp;</td>\n<td id=\"LC13\" class=\"blob-code blob-code-inner js-file-line\"><span class=\"pl-e\">label</span>=<span class=\"pl-s\"><span class=\"pl-pds\">\"</span>布局类型<span class=\"pl-pds\">\"</span></span></td>\n</tr>\n<tr>\n<td id=\"L14\" class=\"blob-num js-line-number\" data-line-number=\"14\">&nbsp;</td>\n<td id=\"LC14\" class=\"blob-code blob-code-inner js-file-line\"><span class=\"pl-e\">class</span>=<span class=\"pl-s\"><span class=\"pl-pds\">\"</span>d2-mb-0<span class=\"pl-pds\">\"</span></span>&gt;</td>\n</tr>\n<tr>\n<td id=\"L15\" class=\"blob-num js-line-number\" data-line-number=\"15\">&nbsp;</td>\n<td id=\"LC15\" class=\"blob-code blob-code-inner js-file-line\">&lt;<span class=\"pl-ent\">el-radio-group</span> <span class=\"pl-e\">v-model</span>=<span class=\"pl-s1\"><span class=\"pl-pds\">\"</span>containerType<span class=\"pl-pds\">\"</span></span>&gt;</td>\n</tr>\n<tr>\n<td id=\"L16\" class=\"blob-num js-line-number\" data-line-number=\"16\">&nbsp;</td>\n<td id=\"LC16\" class=\"blob-code blob-code-inner js-file-line\">&lt;<span class=\"pl-ent\">el-radio-button</span> <span class=\"pl-e\">label</span>=<span class=\"pl-s\"><span class=\"pl-pds\">\"</span>full<span class=\"pl-pds\">\"</span></span>&gt;&lt;/<span class=\"pl-ent\">el-radio-button</span>&gt;</td>\n</tr>\n<tr>\n<td id=\"L17\" class=\"blob-num js-line-number\" data-line-number=\"17\">&nbsp;</td>\n<td id=\"LC17\" class=\"blob-code blob-code-inner js-file-line\">&lt;<span class=\"pl-ent\">el-radio-button</span> <span class=\"pl-e\">label</span>=<span class=\"pl-s\"><span class=\"pl-pds\">\"</span>card<span class=\"pl-pds\">\"</span></span>&gt;&lt;/<span class=\"pl-ent\">el-radio-button</span>&gt;</td>\n</tr>\n<tr>\n<td id=\"L18\" class=\"blob-num js-line-number\" data-line-number=\"18\">&nbsp;</td>\n<td id=\"LC18\" class=\"blob-code blob-code-inner js-file-line\">&lt;<span class=\"pl-ent\">el-radio-button</span> <span class=\"pl-e\">label</span>=<span class=\"pl-s\"><span class=\"pl-pds\">\"</span>ghost<span class=\"pl-pds\">\"</span></span>&gt;&lt;/<span class=\"pl-ent\">el-radio-button</span>&gt;</td>\n</tr>\n<tr>\n<td id=\"L19\" class=\"blob-num js-line-number\" data-line-number=\"19\">&nbsp;</td>\n<td id=\"LC19\" class=\"blob-code blob-code-inner js-file-line\">&lt;/<span class=\"pl-ent\">el-radio-group</span>&gt;</td>\n</tr>\n<tr>\n<td id=\"L20\" class=\"blob-num js-line-number\" data-line-number=\"20\">&nbsp;</td>\n<td id=\"LC20\" class=\"blob-code blob-code-inner js-file-line\">&lt;/<span class=\"pl-ent\">el-form-item</span>&gt;</td>\n</tr>\n<tr>\n<td id=\"L21\" class=\"blob-num js-line-number\" data-line-number=\"21\">&nbsp;</td>\n<td id=\"LC21\" class=\"blob-code blob-code-inner js-file-line\">&lt;<span class=\"pl-ent\">el-form-item</span></td>\n</tr>\n<tr>\n<td id=\"L22\" class=\"blob-num js-line-number\" data-line-number=\"22\">&nbsp;</td>\n<td id=\"LC22\" class=\"blob-code blob-code-inner js-file-line\"><span class=\"pl-e\">label</span>=<span class=\"pl-s\"><span class=\"pl-pds\">\"</span>滚动距离<span class=\"pl-pds\">\"</span></span></td>\n</tr>\n<tr>\n<td id=\"L23\" class=\"blob-num js-line-number\" data-line-number=\"23\">&nbsp;</td>\n<td id=\"LC23\" class=\"blob-code blob-code-inner js-file-line\"><span class=\"pl-e\">class</span>=<span class=\"pl-s\"><span class=\"pl-pds\">\"</span>d2-mb-0<span class=\"pl-pds\">\"</span></span>&gt;</td>\n</tr>\n<tr>\n<td id=\"L24\" class=\"blob-num js-line-number\" data-line-number=\"24\">&nbsp;</td>\n<td id=\"LC24\" class=\"blob-code blob-code-inner js-file-line\">&lt;<span class=\"pl-ent\">el-input</span></td>\n</tr>\n<tr>\n<td id=\"L25\" class=\"blob-num js-line-number\" data-line-number=\"25\">&nbsp;</td>\n<td id=\"LC25\" class=\"blob-code blob-code-inner js-file-line\">:<span class=\"pl-e\">value</span>=<span class=\"pl-s1\"><span class=\"pl-pds\">\"</span>scrollTop<span class=\"pl-pds\">\"</span></span></td>\n</tr>\n<tr>\n<td id=\"L26\" class=\"blob-num js-line-number\" data-line-number=\"26\">&nbsp;</td>\n<td id=\"LC26\" class=\"blob-code blob-code-inner js-file-line\"><span class=\"pl-e\">style</span>=<span class=\"pl-s\"><span class=\"pl-pds\">\"</span>width: 130px;<span class=\"pl-pds\">\"</span></span>&gt;</td>\n</tr>\n<tr>\n<td id=\"L27\" class=\"blob-num js-line-number\" data-line-number=\"27\">&nbsp;</td>\n<td id=\"LC27\" class=\"blob-code blob-code-inner js-file-line\">&lt;<span class=\"pl-ent\">template</span> <span class=\"pl-e\">slot</span>=<span class=\"pl-s\"><span class=\"pl-pds\">\"</span>append<span class=\"pl-pds\">\"</span></span>&gt;px&lt;/<span class=\"pl-ent\">template</span>&gt;</td>\n</tr>\n<tr>\n<td id=\"L28\" class=\"blob-num js-line-number\" data-line-number=\"28\">&nbsp;</td>\n<td id=\"LC28\" class=\"blob-code blob-code-inner js-file-line\">&lt;/<span class=\"pl-ent\">el-input</span>&gt;</td>\n</tr>\n<tr>\n<td id=\"L29\" class=\"blob-num js-line-number\" data-line-number=\"29\">&nbsp;</td>\n<td id=\"LC29\" class=\"blob-code blob-code-inner js-file-line\">&lt;/<span class=\"pl-ent\">el-form-item</span>&gt;</td>\n</tr>\n<tr>\n<td id=\"L30\" class=\"blob-num js-line-number\" data-line-number=\"30\">&nbsp;</td>\n<td id=\"LC30\" class=\"blob-code blob-code-inner js-file-line\">&lt;<span class=\"pl-ent\">el-form-item</span></td>\n</tr>\n<tr>\n<td id=\"L31\" class=\"blob-num js-line-number\" data-line-number=\"31\">&nbsp;</td>\n<td id=\"LC31\" class=\"blob-code blob-code-inner js-file-line\"><span class=\"pl-e\">v-if</span>=<span class=\"pl-s1\"><span class=\"pl-pds\">\"</span><span class=\"pl-k\">!</span>betterScroll<span class=\"pl-pds\">\"</span></span></td>\n</tr>\n<tr>\n<td id=\"L32\" class=\"blob-num js-line-number\" data-line-number=\"32\">&nbsp;</td>\n<td id=\"LC32\" class=\"blob-code blob-code-inner js-file-line\"><span class=\"pl-e\">label</span>=<span class=\"pl-s\"><span class=\"pl-pds\">\"</span>事件延迟(ms)<span class=\"pl-pds\">\"</span></span></td>\n</tr>\n<tr>\n<td id=\"L33\" class=\"blob-num js-line-number\" data-line-number=\"33\">&nbsp;</td>\n<td id=\"LC33\" class=\"blob-code blob-code-inner js-file-line\"><span class=\"pl-e\">class</span>=<span class=\"pl-s\"><span class=\"pl-pds\">\"</span>d2-mb-0<span class=\"pl-pds\">\"</span></span>&gt;</td>\n</tr>\n<tr>\n<td id=\"L34\" class=\"blob-num js-line-number\" data-line-number=\"34\">&nbsp;</td>\n<td id=\"LC34\" class=\"blob-code blob-code-inner js-file-line\">&lt;<span class=\"pl-ent\">el-input-number</span></td>\n</tr>\n<tr>\n<td id=\"L35\" class=\"blob-num js-line-number\" data-line-number=\"35\">&nbsp;</td>\n<td id=\"LC35\" class=\"blob-code blob-code-inner js-file-line\"><span class=\"pl-e\">v-model</span>=<span class=\"pl-s1\"><span class=\"pl-pds\">\"</span>scrollDelay<span class=\"pl-pds\">\"</span></span></td>\n</tr>\n<tr>\n<td id=\"L36\" class=\"blob-num js-line-number\" data-line-number=\"36\">&nbsp;</td>\n<td id=\"LC36\" class=\"blob-code blob-code-inner js-file-line\">:<span class=\"pl-e\">min</span>=<span class=\"pl-s1\"><span class=\"pl-pds\">\"</span><span class=\"pl-c1\">10</span><span class=\"pl-pds\">\"</span></span></td>\n</tr>\n<tr>\n<td id=\"L37\" class=\"blob-num js-line-number\" data-line-number=\"37\">&nbsp;</td>\n<td id=\"LC37\" class=\"blob-code blob-code-inner js-file-line\">:<span class=\"pl-e\">max</span>=<span class=\"pl-s1\"><span class=\"pl-pds\">\"</span><span class=\"pl-c1\">2000</span><span class=\"pl-pds\">\"</span></span></td>\n</tr>\n<tr>\n<td id=\"L38\" class=\"blob-num js-line-number\" data-line-number=\"38\">&nbsp;</td>\n<td id=\"LC38\" class=\"blob-code blob-code-inner js-file-line\">:<span class=\"pl-e\">step</span>=<span class=\"pl-s1\"><span class=\"pl-pds\">\"</span><span class=\"pl-c1\">100</span><span class=\"pl-pds\">\"</span></span></td>\n</tr>\n<tr>\n<td id=\"L39\" class=\"blob-num js-line-number\" data-line-number=\"39\">&nbsp;</td>\n<td id=\"LC39\" class=\"blob-code blob-code-inner js-file-line\"><span class=\"pl-e\">style</span>=<span class=\"pl-s\"><span class=\"pl-pds\">\"</span>width: 110px;<span class=\"pl-pds\">\"</span></span>/&gt;</td>\n</tr>\n<tr>\n<td id=\"L40\" class=\"blob-num js-line-number\" data-line-number=\"40\">&nbsp;</td>\n<td id=\"LC40\" class=\"blob-code blob-code-inner js-file-line\">&lt;/<span class=\"pl-ent\">el-form-item</span>&gt;</td>\n</tr>\n<tr>\n<td id=\"L41\" class=\"blob-num js-line-number\" data-line-number=\"41\">&nbsp;</td>\n<td id=\"LC41\" class=\"blob-code blob-code-inner js-file-line\">&lt;<span class=\"pl-ent\">el-form-item</span> <span class=\"pl-e\">class</span>=<span class=\"pl-s\"><span class=\"pl-pds\">\"</span>d2-mb-0<span class=\"pl-pds\">\"</span></span>&gt;</td>\n</tr>\n<tr>\n<td id=\"L42\" class=\"blob-num js-line-number\" data-line-number=\"42\">&nbsp;</td>\n<td id=\"LC42\" class=\"blob-code blob-code-inner js-file-line\">&lt;<span class=\"pl-ent\">el-button</span></td>\n</tr>\n<tr>\n<td id=\"L43\" class=\"blob-num js-line-number\" data-line-number=\"43\">&nbsp;</td>\n<td id=\"LC43\" class=\"blob-code blob-code-inner js-file-line\"><span class=\"pl-e\">v-if</span>=<span class=\"pl-s1\"><span class=\"pl-pds\">\"</span>scrollTop <span class=\"pl-k\">&gt;=</span> <span class=\"pl-c1\">55</span><span class=\"pl-pds\">\"</span></span></td>\n</tr>\n<tr>\n<td id=\"L44\" class=\"blob-num js-line-number\" data-line-number=\"44\">&nbsp;</td>\n<td id=\"LC44\" class=\"blob-code blob-code-inner js-file-line\"><span class=\"pl-e\">type</span>=<span class=\"pl-s\"><span class=\"pl-pds\">\"</span>primary<span class=\"pl-pds\">\"</span></span></td>\n</tr>\n<tr>\n<td id=\"L45\" class=\"blob-num js-line-number\" data-line-number=\"45\">&nbsp;</td>\n<td id=\"LC45\" class=\"blob-code blob-code-inner js-file-line\">@<span class=\"pl-e\">click</span>=<span class=\"pl-s1\"><span class=\"pl-pds\">\"</span><span class=\"pl-smi\">$refs</span>.<span class=\"pl-smi\">container</span>.<span class=\"pl-smi\">scrollToTop</span><span class=\"pl-pds\">\"</span></span>&gt;</td>\n</tr>\n<tr>\n<td id=\"L46\" class=\"blob-num js-line-number\" data-line-number=\"46\">&nbsp;</td>\n<td id=\"LC46\" class=\"blob-code blob-code-inner js-file-line\">回到顶部</td>\n</tr>\n<tr>\n<td id=\"L47\" class=\"blob-num js-line-number\" data-line-number=\"47\">&nbsp;</td>\n<td id=\"LC47\" class=\"blob-code blob-code-inner js-file-line\">&lt;/<span class=\"pl-ent\">el-button</span>&gt;</td>\n</tr>\n<tr>\n<td id=\"L48\" class=\"blob-num js-line-number\" data-line-number=\"48\">&nbsp;</td>\n<td id=\"LC48\" class=\"blob-code blob-code-inner js-file-line\">&lt;/<span class=\"pl-ent\">el-form-item</span>&gt;</td>\n</tr>\n<tr>\n<td id=\"L49\" class=\"blob-num js-line-number\" data-line-number=\"49\">&nbsp;</td>\n<td id=\"LC49\" class=\"blob-code blob-code-inner js-file-line\">&lt;/<span class=\"pl-ent\">el-form</span>&gt;</td>\n</tr>\n<tr>\n<td id=\"L50\" class=\"blob-num js-line-number\" data-line-number=\"50\">&nbsp;</td>\n<td id=\"LC50\" class=\"blob-code blob-code-inner js-file-line\">&lt;/<span class=\"pl-ent\">template</span>&gt;</td>\n</tr>\n<tr>\n<td id=\"L51\" class=\"blob-num js-line-number\" data-line-number=\"51\">&nbsp;</td>\n<td id=\"LC51\" class=\"blob-code blob-code-inner js-file-line\">&lt;<span class=\"pl-ent\">el-alert</span></td>\n</tr>\n<tr>\n<td id=\"L52\" class=\"blob-num js-line-number\" data-line-number=\"52\">&nbsp;</td>\n<td id=\"LC52\" class=\"blob-code blob-code-inner js-file-line\"><span class=\"pl-e\">type</span>=<span class=\"pl-s\"><span class=\"pl-pds\">\"</span>success<span class=\"pl-pds\">\"</span></span></td>\n</tr>\n<tr>\n<td id=\"L53\" class=\"blob-num js-line-number\" data-line-number=\"53\">&nbsp;</td>\n<td id=\"LC53\" class=\"blob-code blob-code-inner js-file-line\">:<span class=\"pl-e\">title</span>=<span class=\"pl-s1\"><span class=\"pl-pds\">\"</span><span class=\"pl-s\"><span class=\"pl-pds\">`</span><span class=\"pl-pse\">${</span>betterScroll <span class=\"pl-k\">?</span> <span class=\"pl-pds\">\'</span>此示例开启了 BetterScroll <span class=\"pl-pds\">\'</span> <span class=\"pl-k\">:</span> <span class=\"pl-pds\">\'</span><span class=\"pl-pds\">\'</span><span class=\"pl-pse\">}</span>请向下滚动<span class=\"pl-pds\">`</span></span><span class=\"pl-pds\">\"</span></span></td>\n</tr>\n<tr>\n<td id=\"L54\" class=\"blob-num js-line-number\" data-line-number=\"54\">&nbsp;</td>\n<td id=\"LC54\" class=\"blob-code blob-code-inner js-file-line\"><span class=\"pl-e\">class</span>=<span class=\"pl-s\"><span class=\"pl-pds\">\"</span>d2-mb-10<span class=\"pl-pds\">\"</span></span></td>\n</tr>\n<tr>\n<td id=\"L55\" class=\"blob-num js-line-number\" data-line-number=\"55\">&nbsp;</td>\n<td id=\"LC55\" class=\"blob-code blob-code-inner js-file-line\"><span class=\"pl-e\">center</span>/&gt;</td>\n</tr>\n<tr>\n<td id=\"L56\" class=\"blob-num js-line-number\" data-line-number=\"56\">&nbsp;</td>\n<td id=\"LC56\" class=\"blob-code blob-code-inner js-file-line\">&lt;<span class=\"pl-ent\">d2-demo-article</span></td>\n</tr>\n<tr>\n<td id=\"L57\" class=\"blob-num js-line-number\" data-line-number=\"57\">&nbsp;</td>\n<td id=\"LC57\" class=\"blob-code blob-code-inner js-file-line\"><span class=\"pl-e\">v-for</span>=<span class=\"pl-s1\"><span class=\"pl-pds\">\"</span>i <span class=\"pl-k\">in</span> <span class=\"pl-c1\">10</span><span class=\"pl-pds\">\"</span></span></td>\n</tr>\n<tr>\n<td id=\"L58\" class=\"blob-num js-line-number\" data-line-number=\"58\">&nbsp;</td>\n<td id=\"LC58\" class=\"blob-code blob-code-inner js-file-line\">:<span class=\"pl-e\">key</span>=<span class=\"pl-s1\"><span class=\"pl-pds\">\"</span>i<span class=\"pl-pds\">\"</span></span></td>\n</tr>\n<tr>\n<td id=\"L59\" class=\"blob-num js-line-number\" data-line-number=\"59\">&nbsp;</td>\n<td id=\"LC59\" class=\"blob-code blob-code-inner js-file-line\">:<span class=\"pl-e\">style</span>=<span class=\"pl-s1\"><span class=\"pl-pds\">\"</span>articleStyle<span class=\"pl-pds\">\"</span></span></td>\n</tr>\n<tr>\n<td id=\"L60\" class=\"blob-num js-line-number\" data-line-number=\"60\">&nbsp;</td>\n<td id=\"LC60\" class=\"blob-code blob-code-inner js-file-line\"><span class=\"pl-e\">long</span>/&gt;</td>\n</tr>\n<tr>\n<td id=\"L61\" class=\"blob-num js-line-number\" data-line-number=\"61\">&nbsp;</td>\n<td id=\"LC61\" class=\"blob-code blob-code-inner js-file-line\">&lt;<span class=\"pl-ent\">template</span> <span class=\"pl-e\">slot</span>=<span class=\"pl-s\"><span class=\"pl-pds\">\"</span>footer<span class=\"pl-pds\">\"</span></span>&gt;</td>\n</tr>\n<tr>\n<td id=\"L62\" class=\"blob-num js-line-number\" data-line-number=\"62\">&nbsp;</td>\n<td id=\"LC62\" class=\"blob-code blob-code-inner js-file-line\">&lt;<span class=\"pl-ent\">el-form</span></td>\n</tr>\n<tr>\n<td id=\"L63\" class=\"blob-num js-line-number\" data-line-number=\"63\">&nbsp;</td>\n<td id=\"LC63\" class=\"blob-code blob-code-inner js-file-line\">:<span class=\"pl-e\">inline</span>=<span class=\"pl-s1\"><span class=\"pl-pds\">\"</span><span class=\"pl-c1\">true</span><span class=\"pl-pds\">\"</span></span></td>\n</tr>\n<tr>\n<td id=\"L64\" class=\"blob-num js-line-number\" data-line-number=\"64\">&nbsp;</td>\n<td id=\"LC64\" class=\"blob-code blob-code-inner js-file-line\"><span class=\"pl-e\">size</span>=<span class=\"pl-s\"><span class=\"pl-pds\">\"</span>mini<span class=\"pl-pds\">\"</span></span>&gt;</td>\n</tr>\n<tr>\n<td id=\"L65\" class=\"blob-num js-line-number\" data-line-number=\"65\">&nbsp;</td>\n<td id=\"LC65\" class=\"blob-code blob-code-inner js-file-line\">&lt;<span class=\"pl-ent\">el-form-item</span> <span class=\"pl-e\">class</span>=<span class=\"pl-s\"><span class=\"pl-pds\">\"</span>d2-mb-0<span class=\"pl-pds\">\"</span></span>&gt;</td>\n</tr>\n<tr>\n<td id=\"L66\" class=\"blob-num js-line-number\" data-line-number=\"66\">&nbsp;</td>\n<td id=\"LC66\" class=\"blob-code blob-code-inner js-file-line\">&lt;<span class=\"pl-ent\">el-button</span> @<span class=\"pl-e\">click</span>=<span class=\"pl-s1\"><span class=\"pl-pds\">\"</span><span class=\"pl-smi\">$refs</span>.<span class=\"pl-smi\">container</span>.<span class=\"pl-c1\">scrollBy</span>(<span class=\"pl-c1\">0</span>, <span class=\"pl-c1\">30</span>)<span class=\"pl-pds\">\"</span></span>&gt;相对滚动 (0, 30) 像素&lt;/<span class=\"pl-ent\">el-button</span>&gt;</td>\n</tr>\n<tr>\n<td id=\"L67\" class=\"blob-num js-line-number\" data-line-number=\"67\">&nbsp;</td>\n<td id=\"LC67\" class=\"blob-code blob-code-inner js-file-line\">&lt;/<span class=\"pl-ent\">el-form-item</span>&gt;</td>\n</tr>\n<tr>\n<td id=\"L68\" class=\"blob-num js-line-number\" data-line-number=\"68\">&nbsp;</td>\n<td id=\"LC68\" class=\"blob-code blob-code-inner js-file-line\">&lt;<span class=\"pl-ent\">el-form-item</span> <span class=\"pl-e\">class</span>=<span class=\"pl-s\"><span class=\"pl-pds\">\"</span>d2-mb-0<span class=\"pl-pds\">\"</span></span>&gt;</td>\n</tr>\n<tr>\n<td id=\"L69\" class=\"blob-num js-line-number\" data-line-number=\"69\">&nbsp;</td>\n<td id=\"LC69\" class=\"blob-code blob-code-inner js-file-line\">&lt;<span class=\"pl-ent\">el-button</span> @<span class=\"pl-e\">click</span>=<span class=\"pl-s1\"><span class=\"pl-pds\">\"</span><span class=\"pl-smi\">$refs</span>.<span class=\"pl-smi\">container</span>.<span class=\"pl-c1\">scrollTo</span>(<span class=\"pl-c1\">0</span>, <span class=\"pl-c1\">100</span>)<span class=\"pl-pds\">\"</span></span>&gt;滚动到 (0, 100) 像素位置&lt;/<span class=\"pl-ent\">el-button</span>&gt;</td>\n</tr>\n<tr>\n<td id=\"L70\" class=\"blob-num js-line-number\" data-line-number=\"70\">&nbsp;</td>\n<td id=\"LC70\" class=\"blob-code blob-code-inner js-file-line\">&lt;/<span class=\"pl-ent\">el-form-item</span>&gt;</td>\n</tr>\n<tr>\n<td id=\"L71\" class=\"blob-num js-line-number\" data-line-number=\"71\">&nbsp;</td>\n<td id=\"LC71\" class=\"blob-code blob-code-inner js-file-line\">&lt;<span class=\"pl-ent\">el-form-item</span> <span class=\"pl-e\">class</span>=<span class=\"pl-s\"><span class=\"pl-pds\">\"</span>d2-mb-0<span class=\"pl-pds\">\"</span></span>&gt;</td>\n</tr>\n<tr>\n<td id=\"L72\" class=\"blob-num js-line-number\" data-line-number=\"72\">&nbsp;</td>\n<td id=\"LC72\" class=\"blob-code blob-code-inner js-file-line\">&lt;<span class=\"pl-ent\">el-button</span> @<span class=\"pl-e\">click</span>=<span class=\"pl-s1\"><span class=\"pl-pds\">\"</span><span class=\"pl-smi\">$refs</span>.<span class=\"pl-smi\">container</span>.<span class=\"pl-en\">scrollTop</span>(<span class=\"pl-c1\">100</span>)<span class=\"pl-pds\">\"</span></span>&gt;滚动到垂直位置 100&lt;/<span class=\"pl-ent\">el-button</span>&gt;</td>\n</tr>\n<tr>\n<td id=\"L73\" class=\"blob-num js-line-number\" data-line-number=\"73\">&nbsp;</td>\n<td id=\"LC73\" class=\"blob-code blob-code-inner js-file-line\">&lt;/<span class=\"pl-ent\">el-form-item</span>&gt;</td>\n</tr>\n<tr>\n<td id=\"L74\" class=\"blob-num js-line-number\" data-line-number=\"74\">&nbsp;</td>\n<td id=\"LC74\" class=\"blob-code blob-code-inner js-file-line\">&lt;/<span class=\"pl-ent\">el-form</span>&gt;</td>\n</tr>\n<tr>\n<td id=\"L75\" class=\"blob-num js-line-number\" data-line-number=\"75\">&nbsp;</td>\n<td id=\"LC75\" class=\"blob-code blob-code-inner js-file-line\">&lt;/<span class=\"pl-ent\">template</span>&gt;</td>\n</tr>\n<tr>\n<td id=\"L76\" class=\"blob-num js-line-number\" data-line-number=\"76\">&nbsp;</td>\n<td id=\"LC76\" class=\"blob-code blob-code-inner js-file-line\">&lt;/<span class=\"pl-ent\">d2-container</span>&gt;</td>\n</tr>\n<tr>\n<td id=\"L77\" class=\"blob-num js-line-number\" data-line-number=\"77\">&nbsp;</td>\n<td id=\"LC77\" class=\"blob-code blob-code-inner js-file-line\">&lt;/<span class=\"pl-ent\">template</span>&gt;</td>\n</tr>\n<tr>\n<td id=\"L78\" class=\"blob-num js-line-number\" data-line-number=\"78\">&nbsp;</td>\n<td id=\"LC78\" class=\"blob-code blob-code-inner js-file-line\">&nbsp;</td>\n</tr>\n<tr>\n<td id=\"L79\" class=\"blob-num js-line-number\" data-line-number=\"79\">&nbsp;</td>\n<td id=\"LC79\" class=\"blob-code blob-code-inner js-file-line\"><span class=\"pl-s1\">&lt;<span class=\"pl-ent\">script</span>&gt;</span></td>\n</tr>\n<tr>\n<td id=\"L80\" class=\"blob-num js-line-number\" data-line-number=\"80\">&nbsp;</td>\n<td id=\"LC80\" class=\"blob-code blob-code-inner js-file-line\"><span class=\"pl-s1\"><span class=\"pl-k\">import</span> <span class=\"pl-smi\">d2DemoArticle</span> <span class=\"pl-k\">from</span> <span class=\"pl-s\"><span class=\"pl-pds\">\'</span>./components/d2-demo-article<span class=\"pl-pds\">\'</span></span></span></td>\n</tr>\n<tr>\n<td id=\"L81\" class=\"blob-num js-line-number\" data-line-number=\"81\">&nbsp;</td>\n<td id=\"LC81\" class=\"blob-code blob-code-inner js-file-line\"><span class=\"pl-s1\"><span class=\"pl-k\">export</span> <span class=\"pl-c1\">default</span> {</span></td>\n</tr>\n<tr>\n<td id=\"L82\" class=\"blob-num js-line-number\" data-line-number=\"82\">&nbsp;</td>\n<td id=\"LC82\" class=\"blob-code blob-code-inner js-file-line\"><span class=\"pl-s1\"> components<span class=\"pl-k\">:</span> {</span></td>\n</tr>\n<tr>\n<td id=\"L83\" class=\"blob-num js-line-number\" data-line-number=\"83\">&nbsp;</td>\n<td id=\"LC83\" class=\"blob-code blob-code-inner js-file-line\"><span class=\"pl-s1\"> <span class=\"pl-s\"><span class=\"pl-pds\">\'</span>d2-demo-article<span class=\"pl-pds\">\'</span></span><span class=\"pl-k\">:</span> d2DemoArticle</span></td>\n</tr>\n<tr>\n<td id=\"L84\" class=\"blob-num js-line-number\" data-line-number=\"84\">&nbsp;</td>\n<td id=\"LC84\" class=\"blob-code blob-code-inner js-file-line\"><span class=\"pl-s1\"> },</span></td>\n</tr>\n<tr>\n<td id=\"L85\" class=\"blob-num js-line-number\" data-line-number=\"85\">&nbsp;</td>\n<td id=\"LC85\" class=\"blob-code blob-code-inner js-file-line\"><span class=\"pl-s1\"> <span class=\"pl-en\">data</span> () {</span></td>\n</tr>\n<tr>\n<td id=\"L86\" class=\"blob-num js-line-number\" data-line-number=\"86\">&nbsp;</td>\n<td id=\"LC86\" class=\"blob-code blob-code-inner js-file-line\"><span class=\"pl-s1\"> <span class=\"pl-k\">return</span> {</span></td>\n</tr>\n<tr>\n<td id=\"L87\" class=\"blob-num js-line-number\" data-line-number=\"87\">&nbsp;</td>\n<td id=\"LC87\" class=\"blob-code blob-code-inner js-file-line\"><span class=\"pl-s1\"> containerType<span class=\"pl-k\">:</span> <span class=\"pl-s\"><span class=\"pl-pds\">\'</span>full<span class=\"pl-pds\">\'</span></span>,</span></td>\n</tr>\n<tr>\n<td id=\"L88\" class=\"blob-num js-line-number\" data-line-number=\"88\">&nbsp;</td>\n<td id=\"LC88\" class=\"blob-code blob-code-inner js-file-line\"><span class=\"pl-s1\"> scrollDelay<span class=\"pl-k\">:</span> <span class=\"pl-c1\">10</span>,</span></td>\n</tr>\n<tr>\n<td id=\"L89\" class=\"blob-num js-line-number\" data-line-number=\"89\">&nbsp;</td>\n<td id=\"LC89\" class=\"blob-code blob-code-inner js-file-line\"><span class=\"pl-s1\"> scrollTop<span class=\"pl-k\">:</span> <span class=\"pl-c1\">0</span></span></td>\n</tr>\n<tr>\n<td id=\"L90\" class=\"blob-num js-line-number\" data-line-number=\"90\">&nbsp;</td>\n<td id=\"LC90\" class=\"blob-code blob-code-inner js-file-line\"><span class=\"pl-s1\"> }</span></td>\n</tr>\n<tr>\n<td id=\"L91\" class=\"blob-num js-line-number\" data-line-number=\"91\">&nbsp;</td>\n<td id=\"LC91\" class=\"blob-code blob-code-inner js-file-line\"><span class=\"pl-s1\"> },</span></td>\n</tr>\n<tr>\n<td id=\"L92\" class=\"blob-num js-line-number\" data-line-number=\"92\">&nbsp;</td>\n<td id=\"LC92\" class=\"blob-code blob-code-inner js-file-line\"><span class=\"pl-s1\"> computed<span class=\"pl-k\">:</span> {</span></td>\n</tr>\n<tr>\n<td id=\"L93\" class=\"blob-num js-line-number\" data-line-number=\"93\">&nbsp;</td>\n<td id=\"LC93\" class=\"blob-code blob-code-inner js-file-line\"><span class=\"pl-s1\"> <span class=\"pl-c\">// 是否开启 better scroll</span></span></td>\n</tr>\n<tr>\n<td id=\"L94\" class=\"blob-num js-line-number\" data-line-number=\"94\">&nbsp;</td>\n<td id=\"LC94\" class=\"blob-code blob-code-inner js-file-line\"><span class=\"pl-s1\"> <span class=\"pl-en\">betterScroll</span> () {</span></td>\n</tr>\n<tr>\n<td id=\"L95\" class=\"blob-num js-line-number\" data-line-number=\"95\">&nbsp;</td>\n<td id=\"LC95\" class=\"blob-code blob-code-inner js-file-line\"><span class=\"pl-s1\"> <span class=\"pl-k\">return</span> <span class=\"pl-c1\">this</span>.<span class=\"pl-smi\">$route</span>.<span class=\"pl-smi\">query</span>.<span class=\"pl-smi\">bs</span> <span class=\"pl-k\">===</span> <span class=\"pl-s\"><span class=\"pl-pds\">\'</span>true<span class=\"pl-pds\">\'</span></span></span></td>\n</tr>\n<tr>\n<td id=\"L96\" class=\"blob-num js-line-number\" data-line-number=\"96\">&nbsp;</td>\n<td id=\"LC96\" class=\"blob-code blob-code-inner js-file-line\"><span class=\"pl-s1\"> },</span></td>\n</tr>\n<tr>\n<td id=\"L97\" class=\"blob-num js-line-number\" data-line-number=\"97\">&nbsp;</td>\n<td id=\"LC97\" class=\"blob-code blob-code-inner js-file-line\"><span class=\"pl-s1\"> <span class=\"pl-c\">// 根据滚动位置返回文章的样式</span></span></td>\n</tr>\n<tr>\n<td id=\"L98\" class=\"blob-num js-line-number\" data-line-number=\"98\">&nbsp;</td>\n<td id=\"LC98\" class=\"blob-code blob-code-inner js-file-line\"><span class=\"pl-s1\"> <span class=\"pl-en\">articleStyle</span> () {</span></td>\n</tr>\n<tr>\n<td id=\"L99\" class=\"blob-num js-line-number\" data-line-number=\"99\">&nbsp;</td>\n<td id=\"LC99\" class=\"blob-code blob-code-inner js-file-line\"><span class=\"pl-s1\"> <span class=\"pl-k\">return</span> {</span></td>\n</tr>\n<tr>\n<td id=\"L100\" class=\"blob-num js-line-number\" data-line-number=\"100\">&nbsp;</td>\n<td id=\"LC100\" class=\"blob-code blob-code-inner js-file-line\"><span class=\"pl-s1\"> opacity<span class=\"pl-k\">:</span> <span class=\"pl-c1\">this</span>.<span class=\"pl-smi\">scrollTop</span> <span class=\"pl-k\">&gt;</span> <span class=\"pl-c1\">55</span> <span class=\"pl-k\">?</span> <span class=\"pl-s\"><span class=\"pl-pds\">\'</span>1<span class=\"pl-pds\">\'</span></span> <span class=\"pl-k\">:</span> <span class=\"pl-s\"><span class=\"pl-pds\">\'</span>.1<span class=\"pl-pds\">\'</span></span></span></td>\n</tr>\n<tr>\n<td id=\"L101\" class=\"blob-num js-line-number\" data-line-number=\"101\">&nbsp;</td>\n<td id=\"LC101\" class=\"blob-code blob-code-inner js-file-line\"><span class=\"pl-s1\"> }</span></td>\n</tr>\n<tr>\n<td id=\"L102\" class=\"blob-num js-line-number\" data-line-number=\"102\">&nbsp;</td>\n<td id=\"LC102\" class=\"blob-code blob-code-inner js-file-line\"><span class=\"pl-s1\"> }</span></td>\n</tr>\n<tr>\n<td id=\"L103\" class=\"blob-num js-line-number\" data-line-number=\"103\">&nbsp;</td>\n<td id=\"LC103\" class=\"blob-code blob-code-inner js-file-line\"><span class=\"pl-s1\"> }</span></td>\n</tr>\n<tr>\n<td id=\"L104\" class=\"blob-num js-line-number\" data-line-number=\"104\">&nbsp;</td>\n<td id=\"LC104\" class=\"blob-code blob-code-inner js-file-line\"><span class=\"pl-s1\">}</span></td>\n</tr>\n<tr>\n<td id=\"L105\" class=\"blob-num js-line-number\" data-line-number=\"105\">&nbsp;</td>\n<td id=\"LC105\" class=\"blob-code blob-code-inner js-file-line\"><span class=\"pl-s1\">&lt;/<span class=\"pl-ent\">script</span>&gt;</span></td>\n</tr>\n</tbody>\n</table>\n<code></code>','','','','','','_self',94,1,0,1499959656,1563239965),(74,2,'测试B','aliyun.oss.careyshop.cn/uploads/files/20190809/c740ac04-350a-4144-9ce5-961e70940e92.png?type=aliyun','<p><strong> <img src=\"../api/v1/storage/method/get.storage.thumb/code/inside_content?url=aliyun.oss.careyshop.cn/uploads/files/20190511/c14c58fe-e725-4ccb-8280-e6bc59e407ff.jpg?type=aliyun\" alt=\"\" />@ClouderSky </strong> commented on this pull request.</p>\n<hr />\n<p>In <a href=\"https://github.com/overtrue/wechat/pull/1457#discussion_r249626156\" target=\"_blank\" rel=\"noopener\"> src/Payment/Sharing/Client.php </a> :</p>\n<pre style=\"color: #555;\">&gt; +     */\n\n+    public function multiSharing(\n\n+        string $transactionId,\n\n+        string $outOrderNo,\n\n+        array $receivers\n\n+    ) {\n\n+        $params = [\n\n+            \'appid\' =&gt; $this-&gt;app[\'config\']-&gt;app_id,\n\n+            \'transaction_id\' =&gt; $transactionId,\n\n+            \'out_order_no\' =&gt; $outOrderNo,\n\n+            \'receivers\' =&gt; json_encode(\n\n+                $receivers, JSON_UNESCAPED_UNICODE\n\n+            ),\n\n+        ];\n\n+\n\n+        return $this-&gt;safeRequest(\n\n</pre>\n<p>具体可参考 <a href=\"https://pay.weixin.qq.com/wiki/doc/api/allocation_sl.php?chapter=25_6&amp;index=2\" target=\"_blank\" rel=\"nofollow noopener\"> 文档 </a> 。</p>\n<p>按照个人的理解：</p>\n<ul>\n<li>\n<p>单次分账的含义是对一笔支付进行一次性的分账操作，所有该次分账未声明去处的资金都在该次分账中被认为是归入收款主体账户的，于是分账结束后所有资金都被处理完成。</p>\n</li>\n<li>\n<p>多次分账是指一次分账操作后，剩余未分配资金仍然保持未分配状态，等待下一个分账指令处理或者通过markOrderAsFinished操作一次性归入收款主体账户。</p>\n</li>\n</ul>\n<p style=\"font-size: small; -webkit-text-size-adjust: none; color: #666;\">&mdash; <br />You are receiving this because you are subscribed to this thread. <br />Reply to this email directly, <a href=\"https://github.com/overtrue/wechat/pull/1457#discussion_r249626156\" target=\"_blank\" rel=\"noopener\"> view it on GitHub </a> , or <a href=\"https://github.com/notifications/unsubscribe-auth/AclPcFh6qlZ4itE1KK4KMG2L1mZ3xcySks5vFnsPgaJpZM4aKL-7\" target=\"_blank\" rel=\"noopener\"> mute the thread </a> . <img style=\"display: none !important;\" hidden=\"\" src=\"https://github.com/notifications/beacon/AclPcIqq4UUIR3SIt0mEYzzrq2aM7MCUks5vFnsPgaJpZM4aKL-7.gif\" alt=\"\" width=\"1\" height=\"1\" /></p>','','','','','http://www.baidu.com','_self',78,1,0,1499959763,1565313826),(264,4,'test222222378','','434324343','','','','','','_self',0,0,1,1575707465,1575856037),(265,9,'test22227','','fdafdasfdas','','','','','','_blank',0,0,1,1575707590,1575856048),(267,33,'111','','1111','','','','','1','_self',0,0,1,1576487707,1576487707);

/*Table structure for table `ims_article_cat` */

DROP TABLE IF EXISTS `ims_article_cat`;

CREATE TABLE `ims_article_cat` (
  `article_cat_id` smallint(5) unsigned NOT NULL AUTO_INCREMENT,
  `parent_id` smallint(5) unsigned NOT NULL DEFAULT '0' COMMENT '父id',
  `cat_name` varchar(100) CHARACTER SET utf8mb4 COLLATE utf8mb4_unicode_ci NOT NULL COMMENT '分类名称',
  `cat_type` tinyint(3) NOT NULL DEFAULT '0' COMMENT '类型(自定义)',
  `keywords` varchar(255) CHARACTER SET utf8mb4 COLLATE utf8mb4_unicode_ci NOT NULL DEFAULT '' COMMENT '关键词',
  `description` varchar(255) CHARACTER SET utf8mb4 COLLATE utf8mb4_unicode_ci NOT NULL DEFAULT '' COMMENT '分类描述',
  `sort` tinyint(3) unsigned NOT NULL DEFAULT '50' COMMENT '排序',
  `is_navi` tinyint(1) NOT NULL DEFAULT '0' COMMENT '导航 0=否 1=是',
  PRIMARY KEY (`article_cat_id`),
  KEY `parent_id` (`parent_id`),
  KEY `cat_type` (`cat_type`),
  KEY `sort` (`sort`),
  KEY `is_navi` (`is_navi`) USING BTREE
) ENGINE=InnoDB AUTO_INCREMENT=34 DEFAULT CHARSET=utf8mb4 COLLATE=utf8mb4_unicode_ci COMMENT='文章分类';

/*Data for the table `ims_article_cat` */

insert  into `ims_article_cat`(`article_cat_id`,`parent_id`,`cat_name`,`cat_type`,`keywords`,`description`,`sort`,`is_navi`) values (1,0,'物流配送',0,'','',50,1),(4,1,'配送费用',0,'','',50,1),(5,1,'配送时效',0,'','',50,1),(6,1,'签收与验货',0,'','',50,1),(7,0,'支付与账户',0,'','',50,1),(8,7,'货到付款',0,'','',50,1),(9,7,'在线支付',0,'','',50,1),(10,7,'分期付款',0,'','',50,1),(11,7,'门店支付',0,'','',50,1),(12,7,'发票制度',0,'','',50,1),(13,0,'售后服务',0,'','',50,1),(14,13,'退换货服务',0,'','',50,1),(15,13,'退款说明',0,'','',50,1),(16,13,'专业维修',0,'','',50,1),(17,13,'延保服务',0,'','',50,1),(18,13,'家电回收',0,'','',50,1),(19,0,'会员专区',0,'','',50,1),(20,19,'会员介绍',0,'','',50,1),(21,19,'优惠券说明',0,'','',50,1),(22,19,'商品评价',0,'','',50,1),(23,0,'购物帮助',0,'','',50,1),(24,23,'购物保障',0,'','',50,1),(25,23,'购物流程',0,'','',50,1),(26,23,'促销优惠',0,'','',50,1),(27,23,'焦点问题',0,'','',50,1),(28,23,'联系我们',0,'','',50,1),(31,3,'test3',0,'','22333',50,1),(33,4,'1111',0,'','',50,1);

/*Table structure for table `ims_ask` */

DROP TABLE IF EXISTS `ims_ask`;

CREATE TABLE `ims_ask` (
  `ask_id` int(11) unsigned NOT NULL AUTO_INCREMENT,
  `parent_id` int(11) unsigned NOT NULL DEFAULT '0' COMMENT '父id',
  `user_id` int(11) unsigned NOT NULL COMMENT '对应user表',
  `ask_type` tinyint(1) NOT NULL DEFAULT '0' COMMENT '0=咨询 1=售后 2=投诉 3=求购',
  `type` tinyint(1) NOT NULL DEFAULT '0' COMMENT '0=主题 1=提问 2=回答',
  `title` varchar(120) CHARACTER SET utf8mb4 COLLATE utf8mb4_unicode_ci NOT NULL DEFAULT '' COMMENT '主题',
  `ask` varchar(200) CHARACTER SET utf8mb4 COLLATE utf8mb4_unicode_ci NOT NULL DEFAULT '' COMMENT '提问内容',
  `answer` varchar(200) CHARACTER SET utf8mb4 COLLATE utf8mb4_unicode_ci NOT NULL DEFAULT '' COMMENT '回答内容',
  `status` tinyint(1) NOT NULL DEFAULT '0' COMMENT '0=待回答 1=已回答',
  `is_delete` tinyint(1) NOT NULL DEFAULT '0' COMMENT '0=未删 1=已删',
  `create_time` int(11) NOT NULL DEFAULT '0' COMMENT '创建日期',
  PRIMARY KEY (`ask_id`),
  KEY `user_id` (`user_id`),
  KEY `status` (`status`),
  KEY `parent_id` (`parent_id`),
  KEY `ask_type` (`ask_type`) USING BTREE,
  KEY `is_delete` (`is_delete`)
) ENGINE=InnoDB AUTO_INCREMENT=170 DEFAULT CHARSET=utf8mb4 COLLATE=utf8mb4_unicode_ci COMMENT='咨询问答';

/*Data for the table `ims_ask` */

insert  into `ims_ask`(`ask_id`,`parent_id`,`user_id`,`ask_type`,`type`,`title`,`ask`,`answer`,`status`,`is_delete`,`create_time`) values (1,0,1,0,0,'咨询问答','','',1,0,1561966946),(2,1,1,0,1,'','咨询问答内容','',0,0,1561966946),(3,0,1,0,0,'咨询问答','','',1,0,1561966957),(4,3,1,0,1,'','咨询问答内容','',0,0,1561966957),(5,0,1,0,0,'咨询问答','','',1,0,1561966963),(6,5,1,0,1,'','咨询问答内容','',0,0,1561966963),(7,0,1,0,0,'咨询问答','','',1,0,1561966963),(8,7,1,0,1,'','咨询问答内容','',0,0,1561966963),(9,0,1,0,0,'咨询问答','','',0,0,1561966963),(10,9,1,0,1,'','咨询问答内容','',0,0,1561966963),(11,0,1,0,0,'咨询问答','','',0,0,1561966963),(12,11,1,0,1,'','咨询问答内容','',0,0,1561966963),(13,0,1,0,0,'咨询问答','','',0,0,1561966964),(14,13,1,0,1,'','咨询问答内容','',0,0,1561966964),(15,0,1,0,0,'咨询问答','','',0,0,1561966964),(16,15,1,0,1,'','咨询问答内容','',0,0,1561966964),(17,0,1,0,0,'咨询问答','','',0,0,1561966964),(18,17,1,0,1,'','咨询问答内容','',0,0,1561966964),(19,0,1,0,0,'咨询问答','','',0,0,1561966964),(20,19,1,0,1,'','咨询问答内容','',0,0,1561966964),(21,0,1,0,0,'咨询问答','','',0,0,1561966964),(22,21,1,0,1,'','咨询问答内容','',0,0,1561966964),(23,0,1,0,0,'咨询问答','','',0,0,1561966964),(24,23,1,0,1,'','咨询问答内容','',0,0,1561966964),(25,0,1,0,0,'咨询问答','','',0,0,1561966965),(26,25,1,0,1,'','咨询问答内容','',0,0,1561966965),(27,0,1,0,0,'咨询问答','','',0,0,1561966965),(28,27,1,0,1,'','咨询问答内容','',0,0,1561966965),(29,0,1,0,0,'咨询问答','','',0,0,1561966965),(30,29,1,0,1,'','咨询问答内容','',0,0,1561966965),(31,0,1,0,0,'咨询问答','','',0,0,1561966966),(32,31,1,0,1,'','咨询问答内容','',0,0,1561966966),(33,0,1,0,0,'咨询问答','','',0,0,1561966966),(34,33,1,0,1,'','咨询问答内容','',0,0,1561966966),(35,0,1,0,0,'咨询问答','','',0,0,1561966966),(36,35,1,0,1,'','咨询问答内容','',0,0,1561966966),(37,0,1,0,0,'咨询问答','','',0,0,1561966966),(38,37,1,0,1,'','咨询问答内容','',0,0,1561966966),(39,0,1,0,0,'咨询问答','','',0,0,1561966966),(40,39,1,0,1,'','咨询问答内容','',0,0,1561966966),(41,0,1,0,0,'咨询问答','','',0,0,1561966973),(42,41,1,0,1,'','咨询问答内容','',0,0,1561966973),(43,0,1,0,0,'咨询问答','','',0,0,1561966973),(44,43,1,0,1,'','咨询问答内容','',0,0,1561966973),(45,0,1,0,0,'咨询问答','','',0,0,1561966973),(46,45,1,0,1,'','咨询问答内容','',0,0,1561966973),(47,0,1,0,0,'咨询问答','','',0,0,1561966974),(48,47,1,0,1,'','咨询问答内容','',0,0,1561966974),(49,0,1,0,0,'咨询问答','','',0,0,1561966974),(50,49,1,0,1,'','咨询问答内容','',0,0,1561966974),(51,0,1,0,0,'咨询问答','','',0,0,1561966974),(52,51,1,0,1,'','咨询问答内容','',0,0,1561966974),(53,0,1,0,0,'咨询问答','','',0,0,1561966976),(54,53,1,0,1,'','咨询问答内容','',0,0,1561966976),(55,0,1,0,0,'咨询问答','','',0,0,1561966977),(56,55,1,0,1,'','咨询问答内容','',0,0,1561966977),(57,0,1,0,0,'咨询问答','','',0,0,1561966977),(58,57,1,0,1,'','咨询问答内容','',0,0,1561966977),(59,0,1,0,0,'咨询问答','','',0,0,1561966977),(60,59,1,0,1,'','咨询问答内容','',0,0,1561966977),(61,0,1,0,0,'咨询问答','','',1,0,1561966977),(62,61,1,0,1,'','咨询问答内容','',0,0,1561966977),(63,0,1,0,0,'咨询问答','','',0,0,1561966977),(64,63,1,0,1,'','咨询问答内容','',0,0,1561966977),(65,0,1,0,0,'咨询问答','','',0,0,1561966978),(66,65,1,0,1,'','咨询问答内容','',0,0,1561966978),(67,0,1,0,0,'咨询问答','','',0,0,1561966978),(68,67,1,0,1,'','咨询问答内容','',0,0,1561966978),(69,0,1,0,0,'咨询问答','','',0,0,1561966978),(70,69,1,0,1,'','咨询问答内容','',0,0,1561966978),(71,0,1,0,0,'咨询问答','','',0,0,1561966979),(72,71,1,0,1,'','咨询问答内容','',0,0,1561966979),(73,0,1,0,0,'咨询问答','','',0,0,1561966979),(74,73,1,0,1,'','咨询问答内容','',0,0,1561966979),(75,0,1,0,0,'咨询问答','','',0,0,1561966979),(76,75,1,0,1,'','咨询问答内容','',0,0,1561966979),(77,0,1,0,0,'咨询问答','','',0,0,1561966980),(78,77,1,0,1,'','咨询问答内容','',0,0,1561966980),(79,0,1,0,0,'咨询问答','','',0,0,1561966980),(80,79,1,0,1,'','咨询问答内容','',0,0,1561966980),(81,0,1,0,0,'咨询问答','','',0,0,1561966980),(82,81,1,0,1,'','咨询问答内容','',0,0,1561966980),(83,0,1,0,0,'咨询问答','','',0,0,1561966980),(84,83,1,0,1,'','咨询问答内容','',0,0,1561966980),(85,0,1,0,0,'咨询问答','','',0,0,1561966981),(86,85,1,0,1,'','咨询问答内容','',0,0,1561966981),(87,0,1,0,0,'咨询问答','','',0,0,1561966981),(88,87,1,0,1,'','咨询问答内容','',0,0,1561966981),(89,0,1,0,0,'咨询问答','','',0,0,1561966981),(90,89,1,0,1,'','咨询问答内容','',0,0,1561966981),(91,0,1,0,0,'咨询问答','','',0,0,1561966988),(92,91,1,0,1,'','咨询问答内容','',0,0,1561966988),(93,0,1,0,0,'咨询问答','','',0,0,1561966988),(94,93,1,0,1,'','咨询问答内容','',0,0,1561966988),(95,0,1,0,0,'咨询问答','','',0,0,1561966988),(96,95,1,0,1,'','咨询问答内容','',0,0,1561966988),(97,0,1,0,0,'咨询问答','','',1,0,1561966988),(98,97,1,0,1,'','咨询问答内容','',0,0,1561966988),(99,0,1,0,0,'咨询问答','','',1,1,1561966988),(100,99,1,0,1,'','咨询问答内容','',0,1,1561966988),(101,0,1,0,0,'咨询问答','','',1,1,1561966989),(102,101,1,0,1,'','咨询问答内容','',0,1,1561966989),(103,0,1,0,0,'咨询问答','','',1,1,1561966989),(104,103,1,0,1,'','咨询问答内容','',0,1,1561966989),(105,0,1,0,0,'咨询问答','','',1,1,1561966989),(106,105,1,0,1,'','咨询问答内容','',0,1,1561966989),(107,0,1,0,0,'咨询问答5','','',1,1,1561966989),(108,107,1,0,1,'','咨询问答内容','',0,1,1561966989),(109,0,1,0,0,'咨询问答4','','',1,1,1561966990),(110,109,1,0,1,'','咨询问答内容','',0,1,1561966990),(111,0,1,0,0,'咨询问答3','','',0,1,1561966990),(112,111,1,0,1,'','咨询问答内容','',0,1,1561966990),(113,0,1,0,0,'咨询问答2','','',1,1,1561966990),(114,113,1,0,1,'','咨询问答内容','',0,1,1561966990),(115,0,1,0,0,'咨询问答1','','',1,1,1561966991),(116,115,1,0,1,'','咨询问答内容','',0,1,1561966991),(117,0,72,0,0,'新买了ecs 网络选成了专有网络，想换回经典网络','','',0,0,1561966992),(118,117,1,0,1,'','咨询问答内容','',0,0,1561966992),(119,0,71,0,0,'由于服务器需要发送邮件,而邮件服务器只开通了25端口','','',1,0,1561966992),(120,119,1,0,1,'','咨询问答内容','',0,0,1561966992),(121,119,1,0,1,'','可以继续提问','',0,0,1561966992),(122,119,1,0,2,'','','售后人员回答问题',0,0,1561966992),(123,119,1,0,2,'','','可以回答多条问题',0,0,1561966992),(124,119,1,0,1,'','获得回答后可继续提问','',0,0,1561966992),(125,119,1,0,2,'','','售后人员继续回答问题,直到没有新的提问(需要添加可关闭)',0,0,1561966992),(142,99,1,0,2,'','','时间似乎不对',0,1,1561966988),(143,99,1,0,2,'','','存在于第二个回复',0,1,1561966988),(144,99,1,0,2,'','','第三个回复',0,1,1561966988),(145,99,1,0,2,'','','继续回复',0,1,1561966988),(147,99,1,0,1,'','测试','',0,1,1561966988),(148,99,1,0,1,'','测试','',0,1,1561966988),(149,99,1,0,1,'','测试AAA','',0,1,1562120954),(150,99,1,0,1,'','测试AAA','',0,1,1562120961),(151,99,1,0,2,'','','测试CCC',0,1,1562120986),(152,99,1,0,2,'','','测试CCC',0,1,1562120989),(153,99,1,0,2,'','','继续',0,1,1562121342),(154,0,84,3,0,'计算机的本质是什么？逻辑？数学？','','',1,0,1562121522),(155,154,1,3,1,'','1946年，在美国的宾夕法尼亚大学诞生了第一台现代电子计算机ENIAC。虽然在今天看来ENIAC计算能力连手机，甚至是十几块钱的计算器都比不上，但它在当时却是相当强大。ENIAC的体积非常庞大，得好几个大房间才能放下它，耗电也相当恐怖，一开机全城家家户户电灯都要变暗。','',0,0,1562121522),(156,154,1,3,1,'','之所以称ENIAC是第一台现代计算机，是因为现代计算机理论的奠基人是图灵和冯诺依曼。这两个超级天才应该大家都听过，图灵提出了图灵机理论模型，而冯诺依曼设计确定了现代计算机的基础结构，他以数学语言阐述了计算机模型，将程序和数据都存在存储器中。','',0,0,1562121586),(157,154,1,3,1,'','实际上，计算机的发展并非一蹴而就。现代电子计算机属于狭义上的计算机，而广义上的计算机其实包括所有人类制造出来的计算设备，比如古代的算盘也属于计算机，只不过它是靠人力驱动的，再比如机械式计算机，使用机械齿轮来进行运算。','',0,0,1562121600),(158,154,1,3,2,'','','在广义上，对于计算机我们更应该将其理解为一种思想。计算机其实是为了帮助人类将思想转化为代码仿真出来，这就要求我们需要先对思想进行解码工作。而在古代就已经有先贤在逻辑学和数学方面进行研究，其中最伟大的思想家就是柏拉图和亚里士多德，他们俩也互为师生关系。',0,0,1562121630),(159,154,1,3,2,'','','亚里士多德首次将哲学与科学分离，并在逻辑方面进行了研究，他认为逻辑是一切科学的基础，是形式逻辑学的创始人奠基人。他将人的思维和存在联系起来，然后根据实际阐明逻辑。亚里士多德在推理逻辑中提出了三段论：',0,0,1562121643),(160,154,1,3,2,'','','1.所有动物都会死所有人都是動物所以，所有人都會死\n2.所以，所有人都會死',0,0,1562121729),(161,154,1,3,2,'','','1\n2\n3\n4\n5',0,0,1562133703),(162,1,1,0,2,'','','666',0,0,1562134619),(163,3,1,0,2,'','','888',0,0,1562134650),(164,3,1,0,2,'','','999',0,0,1562134654),(165,7,1,0,2,'','','1',0,0,1562134687),(166,5,1,0,2,'','','2',0,0,1562134689),(167,97,1,0,2,'','','ok',0,0,1562134713),(168,154,84,3,2,'','','远程登录端口 ： \n是否开启实例内部防火墙 ： 是\n其他操作情况说明 ： ',0,0,1562134989),(169,61,1,0,2,'','','test',0,0,1564197467);

/*Table structure for table `ims_auth_group` */

DROP TABLE IF EXISTS `ims_auth_group`;

CREATE TABLE `ims_auth_group` (
  `group_id` mediumint(8) unsigned NOT NULL AUTO_INCREMENT,
  `name` varchar(32) CHARACTER SET utf8mb4 COLLATE utf8mb4_unicode_ci NOT NULL COMMENT '名称',
  `description` varchar(255) CHARACTER SET utf8mb4 COLLATE utf8mb4_unicode_ci NOT NULL DEFAULT '' COMMENT '描述',
  `system` tinyint(1) NOT NULL DEFAULT '0' COMMENT '系统保留',
  `sort` tinyint(3) unsigned NOT NULL DEFAULT '50' COMMENT '排序',
  `status` tinyint(1) NOT NULL DEFAULT '1' COMMENT '0=禁用 1=启用',
  PRIMARY KEY (`group_id`),
  KEY `sort` (`sort`),
  KEY `status` (`status`)
) ENGINE=InnoDB AUTO_INCREMENT=29 DEFAULT CHARSET=utf8mb4 COLLATE=utf8mb4_unicode_ci COMMENT='用户组';

/*Data for the table `ims_auth_group` */

insert  into `ims_auth_group`(`group_id`,`name`,`description`,`system`,`sort`,`status`) values (1,'超级管理员2','系统保留，拥有最高权限',1,55,1),(2,'普通管理员','系统保留，拥有较高权限',1,50,1),(3,'普通顾客','系统保留，前台普通顾客',1,50,1),(4,'游客','系统保留，无需授权即可访问',1,50,1),(7,'后勤','这是一段描述',0,50,1),(8,'售后','这是一段描述',0,50,1),(9,'客服','这是一段描述',0,50,1),(10,'财务','这是一段描述',0,50,1),(25,'test','',0,50,1),(28,'设置组','',0,50,1);

/*Table structure for table `ims_auth_rule` */

DROP TABLE IF EXISTS `ims_auth_rule`;

CREATE TABLE `ims_auth_rule` (
  `rule_id` mediumint(8) unsigned NOT NULL AUTO_INCREMENT,
  `module` varchar(16) CHARACTER SET utf8mb4 COLLATE utf8mb4_unicode_ci NOT NULL COMMENT '所属模块',
  `group_id` mediumint(8) unsigned NOT NULL COMMENT '用户组Id',
  `name` varchar(32) CHARACTER SET utf8mb4 COLLATE utf8mb4_unicode_ci NOT NULL COMMENT '规则名称',
  `menu_auth` text CHARACTER SET utf8mb4 COLLATE utf8mb4_unicode_ci NOT NULL COMMENT '菜单权限',
  `log_auth` text CHARACTER SET utf8mb4 COLLATE utf8mb4_unicode_ci NOT NULL COMMENT '记录权限',
  `sort` tinyint(3) unsigned NOT NULL DEFAULT '50' COMMENT '排序',
  `status` tinyint(1) NOT NULL DEFAULT '1' COMMENT '0=禁用 1=启用',
  PRIMARY KEY (`rule_id`),
  KEY `module` (`module`),
  KEY `status` (`status`),
  KEY `group_id` (`group_id`),
  KEY `sort` (`sort`)
) ENGINE=InnoDB AUTO_INCREMENT=34 DEFAULT CHARSET=utf8mb4 COLLATE=utf8mb4_unicode_ci COMMENT='权限规则';

/*Data for the table `ims_auth_rule` */

insert  into `ims_auth_rule`(`rule_id`,`module`,`group_id`,`name`,`menu_auth`,`log_auth`,`sort`,`status`) values (1,'api',1,'超级管理员','[1,2,3,4,5,6,7,8,9,10,11,12,13,14,15,16,17,18,19,20,21,22,615,617,618,23,24,25,26,27,28,29,30,614,616,31,32,33,34,35,36,37,38,39,40,41,42,43,44,45,46,47,48,49,50,51,52,53,54,55,56,57,58,59,60,61,62,63,619,66,67,69,70,71,72,73,74,75,76,77,78,620,79,80,81,82,83,84,85,86,621,87,88,89,90,91,92,93,94,95,96,622,97,98,99,100,101,102,103,106,107,110,130,131,132,133,134,135,136,137,138,141,142,144,145,146,147,150,151,152,153,154,155,156,157,158,159,160,623,161,162,163,164,165,166,169,171,172,774,168,173,174,175,176,177,178,179,180,777,181,182,183,184,185,186,187,188,189,190,191,192,193,194,195,196,197,624,199,200,201,202,203,204,205,206,207,208,209,210,211,212,215,216,217,218,219,220,221,222,223,224,225,226,227,228,908,229,230,231,625,232,233,234,235,236,237,238,239,240,241,242,626,246,247,249,250,251,252,253,254,255,258,259,260,261,262,265,266,267,268,269,270,271,272,273,274,281,282,283,284,734,285,286,287,288,289,290,291,292,293,294,295,296,627,297,298,299,300,301,302,303,304,305,306,307,308,309,310,311,312,313,314,315,316,317,318,319,628,320,321,322,323,324,325,326,327,328,329,332,333,334,335,336,337,338,341,342,343,344,345,346,347,348,349,350,353,354,355,360,361,362,363,366,367,368,370,371,372,373,374,375,376,377,379,380,629,383,384,385,386,387,388,389,390,391,392,393,394,395,723,724,725,726,727,396,397,398,399,400,401,402,403,404,630,405,406,407,408,409,410,411,412,413,414,415,416,417,418,419,907,420,421,631,422,423,424,425,426,427,428,429,430,431,432,433,434,435,574,641,648,664,665,436,437,438,439,440,441,442,443,632,444,445,446,447,448,449,450,451,452,454,455,456,457,459,461,462,463,464,465,466,467,468,469,840,470,475,476,477,478,479,480,481,482,483,484,485,486,487,488,489,490,491,492,493,494,495,496,498,499,502,503,504,505,506,507,508,509,510,511,512,575,576,577,633,634,635,636,637,638,639,640,657,658,659,660,661,662,663,64,104,139,167,198,243,256,263,330,351,369,381,453,460,497]','[4,5,6,7,8,9,12,13,14,72,73,74,75,77,78,80,81,82,83,85,86,283,284,286,287,288,289,293,294,295,377,464,465,466,467,468,487,488,502,503,504,507,508,509,1,71,79,281,285,369,460,483,497,506]',1,1),(2,'api',2,'普通管理员','[1,2,3,4,5,6,7,8,9,10,11,12,13,14,15,16,17,18,19,20,21,22,615,617,618,23,24,25,26,27,28,29,30,614,616,31,32,33,34,35,36,37,38,39,40,41,42,43,44,45,46,47,48,49,50,51,52,53,54,55,56,57,58,59,60,61,62,63,619,66,67,69,70,74,76,81,84,87,88,89,90,91,92,93,94,95,96,622,97,98,99,100,101,102,103,106,107,110,130,131,132,133,134,135,136,137,138,141,142,144,145,146,147,150,151,152,153,154,155,156,157,158,159,160,623,161,162,163,164,165,166,169,171,172,774,168,173,174,175,176,177,178,179,180,777,181,182,183,184,185,186,187,188,189,190,191,192,193,194,195,196,197,624,199,200,201,202,203,204,205,206,207,208,209,210,211,212,215,216,217,218,219,220,221,222,223,224,225,226,227,228,908,229,230,231,625,232,233,234,235,236,237,238,239,240,241,242,626,246,247,249,250,251,252,253,254,255,258,259,260,261,262,265,266,267,268,269,270,271,272,273,274,281,282,283,284,734,287,290,291,292,296,297,298,299,300,301,302,303,304,305,306,307,308,309,310,311,312,313,314,315,316,317,318,319,628,320,321,322,323,324,325,326,327,328,329,332,333,334,335,336,337,338,341,342,343,344,345,346,347,348,349,350,353,354,355,360,361,362,363,366,367,368,372,373,374,377,379,380,383,384,385,386,387,388,389,390,391,392,393,394,395,723,724,725,726,727,396,397,398,399,400,401,402,403,404,630,406,414,415,416,417,418,419,907,420,421,631,422,423,424,425,426,427,428,429,430,431,432,433,434,435,574,641,648,664,665,436,437,438,439,440,441,442,443,632,444,445,446,447,448,449,450,451,452,454,455,456,457,459,461,462,463,464,465,466,467,468,469,840,470,475,476,477,478,479,480,481,482,483,484,485,486,487,488,489,490,491,492,493,494,495,496,498,499,502,503,504,505,506,507,508,509,510,511,512,575,576,577,633,634,635,636,637,638,639,640,657,658,659,660,661,662,663,64,71,79,104,139,167,198,243,256,263,285,330,351,369,381,405,453,460,497]','[4,5,6,7,8,9,10,11,12,13,14,377,465,467,487,488,502,503,504,507,508,509,1,369,460,483,497,506]',2,1),(3,'api',3,'普通顾客','[617,616,46,51,52,59,60,61,65,66,68,69,70,93,94,95,105,108,109,110,111,112,113,114,115,116,117,118,119,120,121,122,123,124,125,126,127,128,129,138,143,144,145,146,148,149,156,157,171,172,774,180,777,189,195,202,209,210,211,213,214,216,237,238,239,244,245,248,249,253,254,255,257,261,262,264,266,275,276,277,278,279,280,291,292,296,304,305,306,307,308,309,310,316,331,335,336,337,338,339,340,341,342,343,346,347,348,349,350,352,354,355,356,357,358,359,360,364,365,367,372,379,380,381,382,383,384,392,394,395,400,401,402,404,418,419,907,425,427,428,433,434,574,641,648,440,441,448,449,451,452,455,456,457,461,462,463,464,465,467,469,840,471,472,473,474,475,476,477,478,479,480,481,482,489,490,491,492,493,494,495,496,498,499,500,501,505,506,507,508,509,510,511,512,637,638,660,663,15,23,40,47,55,64,87,104,130,139,150,167,173,182,190,198,232,243,256,263,285,297,311,330,351,369,385,393,396,414,422,436,444,453,460,497,633,657]','[467,500,501,507,508,509,460,497,506]',3,1),(4,'api',4,'游客','[13,616,46,51,52,59,60,61,93,94,95,115,138,156,157,170,180,189,195,202,209,210,211,213,214,216,237,238,239,249,253,254,255,282,316,341,342,378,392,394,395,400,401,402,404,418,419,907,425,427,428,433,434,574,641,648,440,441,448,449,458,461,462,463,464,472,473,474,491,492,493,494,495,496,637,660,663,1,23,40,47,55,87,113,130,150,167,173,182,190,198,232,243,281,311,330,369,385,393,396,414,422,436,444,453,460,633,657]','[13,170,378,458,1,167,369,453]',4,1),(5,'admin',1,'超级管理员','[513,534,535,536,679,514,871,872,873,940,882,874,884,885,886,887,888,889,890,875,891,892,893,894,897,898,895,896,876,901,902,903,904,905,906,878,909,910,911,912,913,914,915,877,916,917,918,919,920,921,923,924,879,880,932,933,934,935,936,937,939,938,881,927,928,929,930,931,515,867,868,865,866,869,870,516,854,857,858,859,855,860,861,856,862,864,517,819,812,813,828,829,830,831,832,833,834,835,836,846,847,848,849,837,841,842,843,844,845,838,839,814,820,821,822,823,651,815,816,824,825,826,827,817,818,852,850,851,518,519,520,735,523,524,587,541,542,543,544,545,546,525,526,588,547,548,549,550,551,552,528,589,529,530,531,532,533,527,590,553,554,555,556,557,558,538,559,560,591,567,568,569,570,561,592,578,579,580,583,584,585,586,562,593,594,595,596,598,599,563,564,600,601,602,603,604,605,565,606,607,608,609,610,612,613,571,572,667,668,669,670,671,672,674,673,675,676,677,678,573,642,643,644,645,646,647,539,540,686,687,688,689,690,566,680,681,682,683,684,685,652,656,706,714,715,716,717,718,719,698,707,720,721,722,653,691,692,696,693,697,694,695,654,699,700,701,702,703,704,705,655,708,728,729,730,731,521,740,712,713,733,732,741,742,743,744,745,746,747,710,748,751,752,753,754,755,756,650,709,757,764,765,766,767,768,758,769,770,771,772,773,760,778,779,780,781,785,782,786,787,788,789,790,783,784,759,804,805,711,802,806,807,808,809,810,811,522]','[]',2,1),(6,'admin',25,'普通管理员','[535,536,515,867,868,865,866,869,870,516,854,857,858,859,855,860,861,517,819,812,813,828,829,830,831,832,833,834,835,836,846,847,848,849,837,841,842,843,844,845,838,839,814,820,821,822,823,651,815,816,824,825,826,827,817,818,852,850,851,520,735,523,524,587,541,542,543,544,545,546,525,526,588,547,548,549,550,551,552,528,589,529,530,531,532,533,527,590,553,554,555,556,557,558,538,559,560,591,567,568,569,570,561,592,578,579,580,583,584,585,586,562,593,594,595,596,598,599,563,564,600,601,602,603,604,605,565,606,607,608,609,610,612,613,539,540,686,687,688,689,690,566,680,681,682,683,684,685,521,740,712,713,733,710,748,751,752,753,754,755,756,650,709,757,764,765,766,767,768,711,802,806,807,808,809,810,811,513,534]','[]',1,1),(27,'home',1,'超级管理员','[]','[]',1,0),(28,'home',2,'普通管理员','[]','[]',2,0),(32,'admin',28,'设置组','[513,534,535,536,679,948,521,740,712,713,733,732,741,742,743,744,745,746,747,710,748,751,752,753,754,755,756,650,709,757,764,765,766,767,768,758,769,770,771,772,773,760,778,779,780,781,785,782,786,787,788,789,790,783,784,759,804,805,711,802,806,807,808,809,810,811]','[]',50,1);

/*Table structure for table `ims_help` */

DROP TABLE IF EXISTS `ims_help`;

CREATE TABLE `ims_help` (
  `help_id` int(11) unsigned NOT NULL AUTO_INCREMENT,
  `router` varchar(100) CHARACTER SET utf8mb4 COLLATE utf8mb4_unicode_ci NOT NULL COMMENT '路由',
  `ver` char(16) CHARACTER SET utf8mb4 COLLATE utf8mb4_unicode_ci NOT NULL COMMENT '版本号',
  `module` char(16) CHARACTER SET utf8mb4 COLLATE utf8mb4_unicode_ci NOT NULL COMMENT '所属模块',
  `content` text CHARACTER SET utf8mb4 COLLATE utf8mb4_unicode_ci NOT NULL COMMENT '内容',
  `url` varchar(255) CHARACTER SET utf8mb4 COLLATE utf8mb4_unicode_ci NOT NULL DEFAULT '' COMMENT '外部链接',
  PRIMARY KEY (`help_id`),
  KEY `router` (`router`),
  KEY `module` (`module`)
) ENGINE=InnoDB AUTO_INCREMENT=9 DEFAULT CHARSET=utf8mb4 COLLATE=utf8mb4_unicode_ci;

/*Data for the table `ims_help` */

insert  into `ims_help`(`help_id`,`router`,`ver`,`module`,`content`,`url`) values (2,'/member/user/client','1.0.1','admin','艰苦拉萨东方航空拉萨大家发','http://0xiang.cn'),(3,'/system/ads/ads','1.0.1','admin','<ul style=\"list-style-type: disc;\">\r\n<li>这是一行内容这是一行内容这是一行内容这是一行内容这是一行内容这是一行内容这是一行内容这是一行内容这是一行内容这是一行内容这是一行内容这是一行内容这是一行内容</li>\r\n<li>这是另外一行内容</li>\r\n</ul>','http://0xiang.cn'),(4,'/system/auth/menu','1.0.1','admin','任何操作完成后涉及到的账号都需要注销，重新登录才会生效。',''),(5,'/system/auth/rule','1.0.1','admin','任何操作完成后涉及到的账号都需要注销，重新登录才会生效。',''),(6,'/setting/logistics/delivery','1.0.1','admin','&ldquo;费用设置&rdquo;将作为 <strong>配送区域 </strong>中的基础费用，如果 <strong>配送区域 </strong>中的区域未单独设置运费，那么此设置将作为计算值。',''),(7,'/member/withdraw/list','1.0.1','admin','&ldquo;提现金额&rdquo;为实际需打款给对方的金额','http://0xiang.cn'),(8,'/goods/setting/brand','1.0.1','admin','1、不同的分类下允许品牌名称重复<br>\r\n2、分类搜索品牌时，如果子分类下的品牌条件符合也会出现结果','');

/*Table structure for table `ims_menu` */

DROP TABLE IF EXISTS `ims_menu`;

CREATE TABLE `ims_menu` (
  `menu_id` smallint(5) unsigned NOT NULL AUTO_INCREMENT,
  `parent_id` smallint(5) unsigned NOT NULL DEFAULT '0' COMMENT '父id',
  `name` varchar(32) CHARACTER SET utf8mb4 COLLATE utf8mb4_unicode_ci NOT NULL COMMENT '名称',
  `alias` varchar(16) CHARACTER SET utf8mb4 COLLATE utf8mb4_unicode_ci NOT NULL DEFAULT '' COMMENT '别名',
  `icon` varchar(64) CHARACTER SET utf8mb4 COLLATE utf8mb4_unicode_ci NOT NULL DEFAULT '' COMMENT '图标',
  `remark` varchar(255) CHARACTER SET utf8mb4 COLLATE utf8mb4_unicode_ci NOT NULL DEFAULT '' COMMENT '备注',
  `module` char(16) CHARACTER SET utf8mb4 COLLATE utf8mb4_unicode_ci NOT NULL COMMENT '所属模块',
  `type` tinyint(1) NOT NULL COMMENT '0=模块 1=外链',
  `url` varchar(255) CHARACTER SET utf8mb4 COLLATE utf8mb4_unicode_ci NOT NULL DEFAULT '' COMMENT '链接',
  `params` varchar(255) CHARACTER SET utf8mb4 COLLATE utf8mb4_unicode_ci NOT NULL DEFAULT '' COMMENT '参数',
  `target` enum('_self','_blank') CHARACTER SET utf8mb4 COLLATE utf8mb4_unicode_ci NOT NULL DEFAULT '_self' COMMENT '_self _blank',
  `is_navi` tinyint(1) NOT NULL DEFAULT '0' COMMENT '导航 0=否 1=是',
  `sort` tinyint(3) unsigned NOT NULL DEFAULT '50' COMMENT '排序',
  `status` tinyint(1) NOT NULL DEFAULT '1' COMMENT '0=禁用 1=启用',
  PRIMARY KEY (`menu_id`),
  KEY `parent_id` (`parent_id`),
  KEY `sort` (`sort`),
  KEY `status` (`status`),
  KEY `module` (`module`) USING BTREE,
  KEY `is_navi` (`is_navi`)
) ENGINE=InnoDB AUTO_INCREMENT=950 DEFAULT CHARSET=utf8mb4 COLLATE=utf8mb4_unicode_ci COMMENT='菜单管理';

/*Data for the table `ims_menu` */

insert  into `ims_menu`(`menu_id`,`parent_id`,`name`,`alias`,`icon`,`remark`,`module`,`type`,`url`,`params`,`target`,`is_navi`,`sort`,`status`) values (1,0,'管理组账户','','','','api',0,'','','_self',0,50,1),(2,1,'验证账号是否合法','','','','api',0,'api/v1/admin/check.admin.username','','_self',0,50,1),(3,1,'验证账号昵称是否合法','','','','api',0,'api/v1/admin/check.admin.nickname','','_self',0,50,1),(4,1,'添加一个账号','','','','api',0,'api/v1/admin/add.admin.item','','_self',0,50,1),(5,1,'编辑一个账号','','','','api',0,'api/v1/admin/set.admin.item','','_self',0,50,1),(6,1,'批量设置账号状态','','','','api',0,'api/v1/admin/set.admin.status','','_self',0,50,1),(7,1,'修改一个账号密码','','','','api',0,'api/v1/admin/set.admin.password','','_self',0,50,1),(8,1,'重置一个账号密码','','','','api',0,'api/v1/admin/reset.admin.item','','_self',0,50,1),(9,1,'批量删除账号','','','','api',0,'api/v1/admin/del.admin.list','','_self',0,50,1),(10,1,'获取一个账号','','','','api',0,'api/v1/admin/get.admin.item','','_self',0,50,1),(11,1,'获取账号列表','','','','api',0,'api/v1/admin/get.admin.list','','_self',0,50,1),(12,1,'注销账号','','','','api',0,'api/v1/admin/logout.admin.user','','_self',0,50,1),(13,1,'登录账号','','','','api',0,'api/v1/admin/login.admin.user','','_self',0,50,1),(14,1,'刷新Token','','','','api',0,'api/v1/admin/refresh.admin.token','','_self',0,50,1),(15,0,'广告管理','','','','api',0,'','','_self',0,50,1),(16,15,'添加一个广告','','','','api',0,'api/v1/ads/add.ads.item','','_self',0,50,1),(17,15,'编辑一个广告','','','','api',0,'api/v1/ads/set.ads.item','','_self',0,50,1),(18,15,'批量删除广告','','','','api',0,'api/v1/ads/del.ads.list','','_self',0,50,1),(19,15,'设置广告排序','','','','api',0,'api/v1/ads/set.ads.sort','','_self',0,50,1),(20,15,'批量设置广告是否显示','','','','api',0,'api/v1/ads/set.ads.status','','_self',0,50,1),(21,15,'获取一个广告','','','','api',0,'api/v1/ads/get.ads.item','','_self',0,50,1),(22,15,'获取广告列表','','','','api',0,'api/v1/ads/get.ads.list','','_self',0,50,1),(23,0,'广告位置','','','','api',0,'','','_self',0,50,1),(24,23,'添加一个广告位置','','','','api',0,'api/v1/ads_position/add.ads.position.item','','_self',0,50,1),(25,23,'编辑一个广告位置','','','','api',0,'api/v1/ads_position/set.ads.position.item','','_self',0,50,1),(26,23,'批量删除广告位置','','','','api',0,'api/v1/ads_position/del.ads.position.list','','_self',0,50,1),(27,23,'验证广告位置名称是否唯一','','','','api',0,'api/v1/ads_position/unique.ads.position.name','','_self',0,50,1),(28,23,'获取一个广告位置','','','','api',0,'api/v1/ads_position/get.ads.position.item','','_self',0,50,1),(29,23,'获取广告位置列表','','','','api',0,'api/v1/ads_position/get.ads.position.list','','_self',0,50,1),(30,23,'批量设置广告位置状态','','','','api',0,'api/v1/ads_position/set.ads.position.status','','_self',0,50,1),(31,0,'应用管理','','','','api',0,'','','_self',0,50,1),(32,31,'添加一个应用','','','','api',0,'api/v1/app/add.app.item','','_self',0,50,1),(33,31,'编辑一个应用','','','','api',0,'api/v1/app/set.app.item','','_self',0,50,1),(34,31,'获取一个应用','','','','api',0,'api/v1/app/get.app.item','','_self',0,50,1),(35,31,'获取应用列表','','','','api',0,'api/v1/app/get.app.list','','_self',0,50,1),(36,31,'批量删除应用','','','','api',0,'api/v1/app/del.app.list','','_self',0,50,1),(37,31,'查询应用名称是否已存在','','','','api',0,'api/v1/app/unique.app.name','','_self',0,50,1),(38,31,'更换应用Secret','','','','api',0,'api/v1/app/replace.app.secret','','_self',0,50,1),(39,31,'批量设置应用状态','','','','api',0,'api/v1/app/set.app.status','','_self',0,50,1),(40,0,'应用安装包','','','','api',0,'','','_self',0,50,1),(41,40,'添加一个应用安装包','','','','api',0,'api/v1/app_install/add.app.install.item','','_self',0,50,1),(42,40,'编辑一个应用安装包','','','','api',0,'api/v1/app_install/set.app.install.item','','_self',0,50,1),(43,40,'获取一个应用安装包','','','','api',0,'api/v1/app_install/get.app.install.item','','_self',0,50,1),(44,40,'批量删除应用安装包','','','','api',0,'api/v1/app_install/del.app.install.list','','_self',0,50,1),(45,40,'获取应用安装包列表','','','','api',0,'api/v1/app_install/get.app.install.list','','_self',0,50,1),(46,40,'根据请求获取一个应用安装包','','','','api',0,'api/v1/app_install/request.app.install.item','','_self',0,50,1),(47,0,'文章管理','','','','api',0,'','','_self',0,50,1),(48,47,'添加一篇文章','','','','api',0,'api/v1/article/add.article.item','','_self',0,50,1),(49,47,'编辑一篇文章','','','','api',0,'api/v1/article/set.article.item','','_self',0,50,1),(50,47,'批量删除文章','','','','api',0,'api/v1/article/del.article.list','','_self',0,50,1),(51,47,'获取一篇文章','','','','api',0,'api/v1/article/get.article.item','','_self',0,50,1),(52,47,'获取文章列表','','','','api',0,'api/v1/article/get.article.list','','_self',0,50,1),(53,47,'批量设置文章置顶','','','','api',0,'api/v1/article/set.article.top','','_self',0,50,1),(54,47,'批量设置文章是否显示','','','','api',0,'api/v1/article/set.article.status','','_self',0,50,1),(55,0,'文章分类','','','','api',0,'','','_self',0,50,1),(56,55,'添加一个文章分类','','','','api',0,'api/v1/article_cat/add.article.cat.item','','_self',0,50,1),(57,55,'编辑一个文章分类','','','','api',0,'api/v1/article_cat/set.article.cat.item','','_self',0,50,1),(58,55,'批量删除文章分类','','','','api',0,'api/v1/article_cat/del.article.cat.list','','_self',0,50,1),(59,55,'根据主Id获取文章分类','','','','api',0,'api/v1/article_cat/get.article.cat.item','','_self',0,50,1),(60,55,'获取分类所有列表','','','','api',0,'api/v1/article_cat/get.article.cat.list','','_self',0,50,1),(61,55,'根据分类Id生成导航数据','','','','api',0,'api/v1/article_cat/get.article.cat.navi','','_self',0,50,1),(62,55,'设置文章分类排序','','','','api',0,'api/v1/article_cat/set.article.cat.sort','','_self',0,50,1),(63,55,'批量设置文章分类是否导航','','','','api',0,'api/v1/article_cat/set.article.cat.navi','','_self',0,50,1),(64,0,'问答管理','','','','api',0,'','','_self',0,50,1),(65,64,'添加一个新的咨询','','','','api',0,'api/v1/ask/add.ask.item','','_self',0,50,1),(66,64,'删除一条记录','','','','api',0,'api/v1/ask/del.ask.item','','_self',0,50,1),(67,64,'回复一个咨询','','','','api',0,'api/v1/ask/reply.ask.item','','_self',0,50,1),(68,64,'在主题上继续提交咨询','','','','api',0,'api/v1/ask/continue.ask.item','','_self',0,50,1),(69,64,'根据主题获取一个问答明细','','','','api',0,'api/v1/ask/get.ask.item','','_self',0,50,1),(70,64,'获取咨询主题列表','','','','api',0,'api/v1/ask/get.ask.list','','_self',0,50,1),(71,0,'用户组','','','','api',0,'','','_self',0,50,1),(72,71,'添加一个用户组','','','','api',0,'api/v1/auth_group/add.auth.group.item','','_self',0,50,1),(73,71,'编辑一个用户组','','','','api',0,'api/v1/auth_group/set.auth.group.item','','_self',0,50,1),(74,71,'获取一个用户组','','','','api',0,'api/v1/auth_group/get.auth.group.item','','_self',0,50,1),(75,71,'删除一个用户组','','','','api',0,'api/v1/auth_group/del.auth.group.item','','_self',0,50,1),(76,71,'获取用户组列表','','','','api',0,'api/v1/auth_group/get.auth.group.list','','_self',0,50,1),(77,71,'批量设置用户组状态','','','','api',0,'api/v1/auth_group/set.auth.group.status','','_self',0,50,1),(78,71,'设置用户组排序','','','','api',0,'api/v1/auth_group/set.auth.group.sort','','_self',0,50,1),(79,0,'权限规则','','','','api',0,'','','_self',0,50,1),(80,79,'添加一条规则','','','','api',0,'api/v1/auth_rule/add.auth.rule.item','','_self',0,50,1),(81,79,'获取一条规则','','','','api',0,'api/v1/auth_rule/get.auth.rule.item','','_self',0,50,1),(82,79,'编辑一条规则','','','','api',0,'api/v1/auth_rule/set.auth.rule.item','','_self',0,50,1),(83,79,'批量删除规则','','','','api',0,'api/v1/auth_rule/del.auth.rule.list','','_self',0,50,1),(84,79,'获取规则列表','','','','api',0,'api/v1/auth_rule/get.auth.rule.list','','_self',0,50,1),(85,79,'批量设置规则状态','','','','api',0,'api/v1/auth_rule/set.auth.rule.status','','_self',0,50,1),(86,79,'设置规则排序','','','','api',0,'api/v1/auth_rule/set.auth.rule.sort','','_self',0,50,1),(87,0,'品牌管理','','','','api',0,'','','_self',0,50,1),(88,87,'添加一个品牌','','','','api',0,'api/v1/brand/add.brand.item','','_self',0,50,1),(89,87,'编辑一个品牌','','','','api',0,'api/v1/brand/set.brand.item','','_self',0,50,1),(90,87,'批量删除品牌','','','','api',0,'api/v1/brand/del.brand.list','','_self',0,50,1),(91,87,'批量设置品牌是否显示','','','','api',0,'api/v1/brand/set.brand.status','','_self',0,50,1),(92,87,'验证品牌名称是否唯一','','','','api',0,'api/v1/brand/unique.brand.name','','_self',0,50,1),(93,87,'获取一个品牌','','','','api',0,'api/v1/brand/get.brand.item','','_self',0,50,1),(94,87,'获取品牌列表','','','','api',0,'api/v1/brand/get.brand.list','','_self',0,50,1),(95,87,'获取品牌选择列表','','','','api',0,'api/v1/brand/get.brand.select','','_self',0,50,1),(96,87,'设置品牌排序','','','','api',0,'api/v1/brand/set.brand.sort','','_self',0,50,1),(97,0,'购物卡','','','','api',0,'','','_self',0,50,1),(98,97,'添加一条购物卡','','','','api',0,'api/v1/card/add.card.item','','_self',0,50,1),(99,97,'编辑一条购物卡','','','','api',0,'api/v1/card/set.card.item','','_self',0,50,1),(100,97,'获取一条购物卡','','','','api',0,'api/v1/card/get.card.item','','_self',0,50,1),(101,97,'批量设置购物卡状态','','','','api',0,'api/v1/card/set.card.status','','_self',0,50,1),(102,97,'批量删除购物卡','','','','api',0,'api/v1/card/del.card.list','','_self',0,50,1),(103,97,'获取购物卡列表','','','','api',0,'api/v1/card/get.card.list','','_self',0,50,1),(104,0,'购物卡使用','','','','api',0,'','','_self',0,50,1),(105,104,'绑定购物卡','','','','api',0,'api/v1/card_use/bind.card.use.item','','_self',0,50,1),(106,104,'批量设置购物卡是否有效','','','','api',0,'api/v1/card_use/set.card.use.invalid','','_self',0,50,1),(107,104,'导出生成的购物卡','','','','api',0,'api/v1/card_use/get.card.use.export','','_self',0,50,1),(108,104,'获取可合并的购物卡列表','','','','api',0,'api/v1/card_use/get.card.use.merge','','_self',0,50,1),(109,104,'相同购物卡进行余额合并','','','','api',0,'api/v1/card_use/set.card.use.merge','','_self',0,50,1),(110,104,'获取已绑定的购物卡','','','','api',0,'api/v1/card_use/get.card.use.list','','_self',0,50,1),(111,104,'根据商品Id列出可使用的购物卡','','','','api',0,'api/v1/card_use/get.card.use.select','','_self',0,50,1),(112,104,'验证购物卡是否可使用','','','','api',0,'api/v1/card_use/get.card.use.check','','_self',0,50,1),(113,0,'购物车','','','','api',0,'','','_self',0,50,1),(114,113,'添加或编辑购物车商品','','','','api',0,'api/v1/cart/set.cart.item','','_self',0,50,1),(115,113,'验证是否允许添加或编辑购物车','','','','api',0,'api/v1/cart/check.cart.goods','','_self',0,50,1),(116,113,'批量添加商品到购物车','','','','api',0,'api/v1/cart/add.cart.list','','_self',0,50,1),(117,113,'获取购物车列表','','','','api',0,'api/v1/cart/get.cart.list','','_self',0,50,1),(118,113,'获取购物车商品数量','','','','api',0,'api/v1/cart/get.cart.count','','_self',0,50,1),(119,113,'设置购物车商品是否选中','','','','api',0,'api/v1/cart/set.cart.select','','_self',0,50,1),(120,113,'批量删除购物车商品','','','','api',0,'api/v1/cart/del.cart.list','','_self',0,50,1),(121,113,'清空购物车','','','','api',0,'api/v1/cart/clear.cart.list','','_self',0,50,1),(122,113,'请求商品立即购买','','','','api',0,'api/v1/cart/create.cart.buynow','','_self',0,50,1),(123,0,'收藏夹','','','','api',0,'','','_self',0,50,1),(124,123,'添加一个商品收藏','','','','api',0,'api/v1/collect/add.collect.item','','_self',0,50,1),(125,123,'批量删除商品收藏','','','','api',0,'api/v1/collect/del.collect.list','','_self',0,50,1),(126,123,'清空商品收藏夹','','','','api',0,'api/v1/collect/clear.collect.list','','_self',0,50,1),(127,123,'设置收藏商品是否置顶','','','','api',0,'api/v1/collect/set.collect.top','','_self',0,50,1),(128,123,'获取商品收藏列表','','','','api',0,'api/v1/collect/get.collect.list','','_self',0,50,1),(129,123,'获取商品收藏数量','','','','api',0,'api/v1/collect/get.collect.count','','_self',0,50,1),(130,0,'优惠劵','','','','api',0,'','','_self',0,50,1),(131,130,'添加一张优惠劵','','','','api',0,'api/v1/coupon/add.coupon.item','','_self',0,50,1),(132,130,'编辑一张优惠劵','','','','api',0,'api/v1/coupon/set.coupon.item','','_self',0,50,1),(133,130,'获取一张优惠劵','','','','api',0,'api/v1/coupon/get.coupon.item','','_self',0,50,1),(134,130,'获取优惠劵列表','','','','api',0,'api/v1/coupon/get.coupon.list','','_self',0,50,1),(135,130,'批量删除优惠劵','','','','api',0,'api/v1/coupon/del.coupon.list','','_self',0,50,1),(136,130,'批量设置优惠劵状态','','','','api',0,'api/v1/coupon/set.coupon.status','','_self',0,50,1),(137,130,'批量设置优惠劵是否失效','','','','api',0,'api/v1/coupon/set.coupon.invalid','','_self',0,50,1),(138,130,'获取当前可领取的优惠劵列表','','','','api',0,'api/v1/coupon/get.coupon.active','','_self',0,50,1),(139,0,'优惠劵发放','','','','api',0,'','','_self',0,50,1),(140,139,'使用优惠劵','','','','api',0,'api/v1/coupon_give/use.coupon.item','','_self',0,50,1),(141,139,'指定用户发放优惠劵','','','','api',0,'api/v1/coupon_give/give.coupon.user','','_self',0,50,1),(142,139,'生成线下优惠劵','','','','api',0,'api/v1/coupon_give/give.coupon.live','','_self',0,50,1),(143,139,'领取码领取优惠劵','','','','api',0,'api/v1/coupon_give/give.coupon.code','','_self',0,50,1),(144,139,'获取已领取优惠劵列表','','','','api',0,'api/v1/coupon_give/get.coupon.give.list','','_self',0,50,1),(145,139,'批量删除已领取优惠劵','','','','api',0,'api/v1/coupon_give/del.coupon.give.list','','_self',0,50,1),(146,139,'批量恢复已删优惠劵','','','','api',0,'api/v1/coupon_give/rec.coupon.give.list','','_self',0,50,1),(147,139,'导出线下生成的优惠劵','','','','api',0,'api/v1/coupon_give/get.coupon.give.export','','_self',0,50,1),(148,139,'根据商品Id列出可使用的优惠劵','','','','api',0,'api/v1/coupon_give/get.coupon.give.select','','_self',0,50,1),(149,139,'验证优惠劵是否可使用','','','','api',0,'api/v1/coupon_give/get.coupon.give.check','','_self',0,50,1),(150,0,'配送方式','','','','api',0,'','','_self',0,50,1),(151,150,'添加一个配送方式','','','','api',0,'api/v1/delivery/add.delivery.item','','_self',0,50,1),(152,150,'编辑一个配送方式','','','','api',0,'api/v1/delivery/set.delivery.item','','_self',0,50,1),(153,150,'批量删除配送方式','','','','api',0,'api/v1/delivery/del.delivery.list','','_self',0,50,1),(154,150,'获取一个配送方式','','','','api',0,'api/v1/delivery/get.delivery.item','','_self',0,50,1),(155,150,'获取配送方式列表','','','','api',0,'api/v1/delivery/get.delivery.list','','_self',0,50,1),(156,150,'获取配送方式选择列表','','','','api',0,'api/v1/delivery/get.delivery.select','','_self',0,50,1),(157,150,'根据配送方式获取运费','','','','api',0,'api/v1/delivery/get.delivery.freight','','_self',0,50,1),(158,150,'批量设置配送方式状态','','','','api',0,'api/v1/delivery/set.delivery.status','','_self',0,50,1),(159,150,'验证快递公司编号是否唯一','','','','api',0,'api/v1/delivery/unique.delivery.item.id','','_self',0,50,1),(160,150,'设置配送方式排序','','','','api',0,'api/v1/delivery/set.delivery.sort','','_self',0,50,1),(161,0,'配送区域','','','','api',0,'','','_self',0,50,1),(162,161,'添加一个配送区域','','','','api',0,'api/v1/delivery_area/add.delivery.area.item','','_self',0,50,1),(163,161,'编辑一个配送区域','','','','api',0,'api/v1/delivery_area/set.delivery.area.item','','_self',0,50,1),(164,161,'批量删除配送区域','','','','api',0,'api/v1/delivery_area/del.delivery.area.list','','_self',0,50,1),(165,161,'获取一个配送区域','','','','api',0,'api/v1/delivery_area/get.delivery.area.item','','_self',0,50,1),(166,161,'获取配送区域列表','','','','api',0,'api/v1/delivery_area/get.delivery.area.list','','_self',0,50,1),(167,0,'配送轨迹','','','','api',0,'','','_self',0,50,1),(168,167,'获取配送回调URL接口','','','','api',0,'api/v1/delivery_dist/get.delivery.dist.callback','','_self',0,7,1),(169,167,'添加一条配送轨迹','','','','api',0,'api/v1/delivery_dist/add.delivery.dist.item','','_self',0,1,1),(170,167,'接收推送过来的配送轨迹','','','','api',0,'api/v1/delivery_dist/put.delivery.dist.data','','_self',0,2,1),(171,167,'根据流水号获取配送轨迹','','','','api',0,'api/v1/delivery_dist/get.delivery.dist.code','','_self',0,3,1),(172,167,'获取配送轨迹列表','','','','api',0,'api/v1/delivery_dist/get.delivery.dist.list','','_self',0,4,1),(173,0,'快递公司','','','','api',0,'','','_self',0,50,1),(174,173,'添加一个快递公司','','','','api',0,'api/v1/delivery_item/add.delivery.company.item','','_self',0,1,1),(175,173,'编辑一个快递公司','','','','api',0,'api/v1/delivery_item/set.delivery.company.item','','_self',0,2,1),(176,173,'批量删除快递公司','','','','api',0,'api/v1/delivery_item/del.delivery.company.list','','_self',0,3,1),(177,173,'获取一个快递公司','','','','api',0,'api/v1/delivery_item/get.delivery.company.item','','_self',0,4,1),(178,173,'查询快递公司编码是否已存在','','','','api',0,'api/v1/delivery_item/unique.delivery.company.code','','_self',0,5,1),(179,173,'获取快递公司列表','','','','api',0,'api/v1/delivery_item/get.delivery.company.list','','_self',0,6,1),(180,173,'获取快递公司选择列表','','','','api',0,'api/v1/delivery_item/get.delivery.company.select','','_self',0,7,1),(181,173,'复制一个快递公司为\"热门类型\"','','','','api',0,'api/v1/delivery_item/copy.delivery.company.hot','','_self',0,9,1),(182,0,'商品折扣','','','','api',0,'','','_self',0,50,1),(183,182,'添加一个商品折扣','','','','api',0,'api/v1/discount/add.discount.item','','_self',0,50,1),(184,182,'编辑一个商品折扣','','','','api',0,'api/v1/discount/set.discount.item','','_self',0,50,1),(185,182,'获取一个商品折扣','','','','api',0,'api/v1/discount/get.discount.item','','_self',0,50,1),(186,182,'批量删除商品折扣','','','','api',0,'api/v1/discount/del.discount.list','','_self',0,50,1),(187,182,'批量设置商品折扣状态','','','','api',0,'api/v1/discount/set.discount.status','','_self',0,50,1),(188,182,'获取商品折扣列表','','','','api',0,'api/v1/discount/get.discount.list','','_self',0,50,1),(189,182,'根据商品编号获取折扣信息','','','','api',0,'api/v1/discount/get.discount.goods.info','','_self',0,50,1),(190,0,'友情链接','','','','api',0,'','','_self',0,50,1),(191,190,'添加一个友情链接','','','','api',0,'api/v1/friend_link/add.friendlink.item','','_self',0,50,1),(192,190,'编辑一个友情链接','','','','api',0,'api/v1/friend_link/set.friendlink.item','','_self',0,50,1),(193,190,'批量删除友情链接','','','','api',0,'api/v1/friend_link/del.friendlink.list','','_self',0,50,1),(194,190,'获取一个友情链接','','','','api',0,'api/v1/friend_link/get.friendlink.item','','_self',0,50,1),(195,190,'获取友情链接列表','','','','api',0,'api/v1/friend_link/get.friendlink.list','','_self',0,50,1),(196,190,'批量设置友情链接状态','','','','api',0,'api/v1/friend_link/set.friendlink.status','','_self',0,50,1),(197,190,'设置友情链接排序','','','','api',0,'api/v1/friend_link/set.friendlink.sort','','_self',0,50,1),(198,0,'商品管理','','','','api',0,'','','_self',0,50,1),(199,198,'检测商品货号是否唯一','','','','api',0,'api/v1/goods/unique.goods.code','','_self',0,50,1),(200,198,'添加一个商品','','','','api',0,'api/v1/goods/add.goods.item','','_self',0,50,1),(201,198,'编辑一个商品','','','','api',0,'api/v1/goods/set.goods.item','','_self',0,50,1),(202,198,'获取一个商品','','','','api',0,'api/v1/goods/get.goods.item','','_self',0,50,1),(203,198,'批量删除或恢复商品(回收站)','','','','api',0,'api/v1/goods/del.goods.list','','_self',0,50,1),(204,198,'批量开启或关闭商品可积分抵扣','','','','api',0,'api/v1/goods/set.integral.goods.list','','_self',0,50,1),(205,198,'批量设置商品是否推荐','','','','api',0,'api/v1/goods/set.recommend.goods.list','','_self',0,50,1),(206,198,'批量设置商品是否为新品','','','','api',0,'api/v1/goods/set.new.goods.list','','_self',0,50,1),(207,198,'批量设置商品是否为热卖','','','','api',0,'api/v1/goods/set.hot.goods.list','','_self',0,50,1),(208,198,'批量设置商品是否上下架','','','','api',0,'api/v1/goods/set.shelves.goods.list','','_self',0,50,1),(209,198,'获取指定商品的属性列表','','','','api',0,'api/v1/goods/get.goods.attr.list','','_self',0,50,1),(210,198,'获取指定商品的规格列表','','','','api',0,'api/v1/goods/get.goods.spec.list','','_self',0,50,1),(211,198,'获取指定商品的规格图','','','','api',0,'api/v1/goods/get.goods.spec.image','','_self',0,50,1),(212,198,'获取管理后台商品列表','','','','api',0,'api/v1/goods/get.goods.admin.list','','_self',0,50,1),(213,198,'根据商品分类获取指定类型的商品','','','','api',0,'api/v1/goods/get.goods.index.type','','_self',0,50,1),(214,198,'根据商品分类获取前台商品列表页','','','','api',0,'api/v1/goods/get.goods.index.list','','_self',0,50,1),(215,198,'设置商品排序','','','','api',0,'api/v1/goods/set.goods.sort','','_self',0,50,1),(216,198,'获取商品关键词联想词','','','','api',0,'api/v1/goods/get.goods.keywords.suggest','','_self',0,50,1),(217,198,'复制一个商品','','','','api',0,'api/v1/goods/copy.goods.item','','_self',0,50,1),(218,0,'商品属性','','','','api',0,'','','_self',0,50,1),(219,218,'添加一个商品属性主体','','','','api',0,'api/v1/goods_attribute/add.goods.attribute.body.item','','_self',0,1,1),(220,218,'编辑一个商品属性主体','','','','api',0,'api/v1/goods_attribute/set.goods.attribute.body.item','','_self',0,2,1),(221,218,'获取一个商品属性主体','','','','api',0,'api/v1/goods_attribute/get.goods.attribute.body.item','','_self',0,3,1),(222,218,'获取商品属性主体列表','','','','api',0,'api/v1/goods_attribute/get.goods.attribute.body.list','','_self',0,4,1),(223,218,'设置商品属性主体排序','','','','api',0,'api/v1/goods_attribute/set.goods.attribute.body.sort','','_self',0,5,1),(224,218,'添加一个商品属性','','','','api',0,'api/v1/goods_attribute/add.goods.attribute.item','','_self',0,6,1),(225,218,'编辑一个商品属性','','','','api',0,'api/v1/goods_attribute/set.goods.attribute.item','','_self',0,7,1),(226,218,'批量删除商品属性','','','','api',0,'api/v1/goods_attribute/del.goods.attribute.list','','_self',0,8,1),(227,218,'获取一个商品属性','','','','api',0,'api/v1/goods_attribute/get.goods.attribute.item','','_self',0,9,1),(228,218,'获取商品属性列表','','','','api',0,'api/v1/goods_attribute/get.goods.attribute.list','','_self',0,10,1),(229,218,'批量设置商品属性检索','','','','api',0,'api/v1/goods_attribute/set.goods.attribute.key','','_self',0,12,1),(230,218,'批量设置商品属性是否核心','','','','api',0,'api/v1/goods_attribute/set.goods.attribute.important','','_self',0,13,1),(231,218,'设置商品属性排序','','','','api',0,'api/v1/goods_attribute/set.goods.attribute.sort','','_self',0,14,1),(232,0,'商品分类','','','','api',0,'','','_self',0,50,1),(233,232,'添加一个商品分类','','','','api',0,'api/v1/goods_category/add.goods.category.item','','_self',0,50,1),(234,232,'编辑一个商品分类','','','','api',0,'api/v1/goods_category/set.goods.category.item','','_self',0,50,1),(235,232,'批量删除商品分类','','','','api',0,'api/v1/goods_category/del.goods.category.list','','_self',0,50,1),(236,232,'根据主Id获取商品分类','','','','api',0,'api/v1/goods_category/get.goods.category.item','','_self',0,50,1),(237,232,'获取所有商品分类','','','','api',0,'api/v1/goods_category/get.goods.category.list','','_self',0,50,1),(238,232,'根据主Id集合获取所有子级','','','','api',0,'api/v1/goods_category/get.goods.category.son','','_self',0,50,1),(239,232,'根据分类Id生成导航数据','','','','api',0,'api/v1/goods_category/get.goods.category.navi','','_self',0,50,1),(240,232,'批量设置商品分类是否显示','','','','api',0,'api/v1/goods_category/set.goods.category.status','','_self',0,50,1),(241,232,'设置商品分类排序','','','','api',0,'api/v1/goods_category/set.goods.category.sort','','_self',0,50,1),(242,232,'批量设置商品分类是否导航','','','','api',0,'api/v1/goods_category/set.goods.category.navi','','_self',0,50,1),(243,0,'商品评价','','','','api',0,'','','_self',0,50,1),(244,243,'添加一条新的商品评价','','','','api',0,'api/v1/goods_comment/add.goods.comment.item','','_self',0,50,1),(245,243,'追加一条商品评价','','','','api',0,'api/v1/goods_comment/add.goods.addition.item','','_self',0,50,1),(246,243,'回复一条商品评价或追加评价','','','','api',0,'api/v1/goods_comment/reply.goods.comment.item','','_self',0,50,1),(247,243,'删除商品评价任意内容','','','','api',0,'api/v1/goods_comment/del.goods.comment.item','','_self',0,50,1),(248,243,'点赞一条商品评价','','','','api',0,'api/v1/goods_comment/add.goods.praise.item','','_self',0,50,1),(249,243,'获取一个商品评价得分','','','','api',0,'api/v1/goods_comment/get.goods.comment.score','','_self',0,50,1),(250,243,'批量设置是否前台显示','','','','api',0,'api/v1/goods_comment/set.goods.comment.show','','_self',0,50,1),(251,243,'批量设置是否置顶','','','','api',0,'api/v1/goods_comment/set.goods.comment.top','','_self',0,50,1),(252,243,'批量设置商品评价是否已读','','','','api',0,'api/v1/goods_comment/set.goods.comment.status','','_self',0,50,1),(253,243,'获取一个商品评价数量','','','','api',0,'api/v1/goods_comment/get.goods.comment.count','','_self',0,50,1),(254,243,'获取某个主评价的明细','','','','api',0,'api/v1/goods_comment/get.goods.comment.item','','_self',0,50,1),(255,243,'获取评价列表','','','','api',0,'api/v1/goods_comment/get.goods.comment.list','','_self',0,50,1),(256,0,'商品咨询','','','','api',0,'','','_self',0,50,1),(257,256,'添加一个新的商品咨询','','','','api',0,'api/v1/goods_consult/add.goods.consult.item','','_self',0,50,1),(258,256,'批量删除商品咨询','','','','api',0,'api/v1/goods_consult/del.goods.consult.list','','_self',0,50,1),(259,256,'批量设置是否前台显示','','','','api',0,'api/v1/goods_consult/set.goods.consult.show','','_self',0,50,1),(260,256,'回复一个商品咨询','','','','api',0,'api/v1/goods_consult/reply.goods.consult.item','','_self',0,50,1),(261,256,'根据主Id获取一个问答明细','','','','api',0,'api/v1/goods_consult/get.goods.consult.item','','_self',0,50,1),(262,256,'获取商品咨询列表','','','','api',0,'api/v1/goods_consult/get.goods.consult.list','','_self',0,50,1),(263,0,'商品评价回复','','','','api',0,'','','_self',0,50,1),(264,263,'对商品评价添加一个回复','','','','api',0,'api/v1/goods_reply/add.goods.reply.item','','_self',0,50,1),(265,263,'批量删除商品评价的回复','','','','api',0,'api/v1/goods_reply/del.goods.reply.list','','_self',0,50,1),(266,263,'获取商品评价回复列表','','','','api',0,'api/v1/goods_reply/get.goods.reply.list','','_self',0,50,1),(267,0,'商品模型','','','','api',0,'','','_self',0,50,1),(268,267,'添加一个商品模型','','','','api',0,'api/v1/goods_type/add.goods.type.item','','_self',0,50,1),(269,267,'编辑一个商品模型','','','','api',0,'api/v1/goods_type/set.goods.type.item','','_self',0,50,1),(270,267,'批量删除商品模型','','','','api',0,'api/v1/goods_type/del.goods.type.list','','_self',0,50,1),(271,267,'查询商品模型名称是否已存在','','','','api',0,'api/v1/goods_type/unique.goods.type.name','','_self',0,50,1),(272,267,'获取一个商品模型','','','','api',0,'api/v1/goods_type/get.goods.type.item','','_self',0,50,1),(273,267,'获取商品模型列表','','','','api',0,'api/v1/goods_type/get.goods.type.list','','_self',0,50,1),(274,267,'获取商品模型选择列表','','','','api',0,'api/v1/goods_type/get.goods.type.select','','_self',0,50,1),(275,0,'我的足迹','','','','api',0,'','','_self',0,50,1),(276,275,'添加一条我的足迹','','','','api',0,'api/v1/history/add.history.item','','_self',0,50,1),(277,275,'批量删除我的足迹','','','','api',0,'api/v1/history/del.history.list','','_self',0,50,1),(278,275,'清空我的足迹','','','','api',0,'api/v1/history/clear.history.list','','_self',0,50,1),(279,275,'获取我的足迹数量','','','','api',0,'api/v1/history/get.history.count','','_self',0,50,1),(280,275,'获取我的足迹列表','','','','api',0,'api/v1/history/get.history.list','','_self',0,50,1),(281,0,'API访问测试','','','','api',0,'','','_self',0,50,1),(282,281,'API访问测试接口','','','','api',0,'api/v1/index/get.index.host','','_self',0,50,1),(283,281,'清空缓存','','','','api',0,'api/v1/index/clear.cache.all','','_self',0,50,1),(284,281,'正式环境下调整为最优状态','','','','api',0,'api/v1/index/set.system.optimize','','_self',0,50,1),(285,0,'菜单管理','','','','api',0,'','','_self',0,50,1),(286,285,'添加一个菜单','','','','api',0,'api/v1/menu/add.menu.item','','_self',0,50,1),(287,285,'获取一个菜单','','','','api',0,'api/v1/menu/get.menu.item','','_self',0,50,1),(288,285,'编辑一个菜单','','','','api',0,'api/v1/menu/set.menu.item','','_self',0,50,1),(289,285,'删除一个菜单','','','','api',0,'api/v1/menu/del.menu.item','','_self',0,50,1),(290,285,'获取菜单列表','','','','api',0,'api/v1/menu/get.menu.list','','_self',0,50,1),(291,285,'根据菜单Id生成导航数据','','','','api',0,'api/v1/menu/get.menu.id.navi','','_self',0,50,1),(292,285,'根据菜单url生成导航数据','','','','api',0,'api/v1/menu/get.menu.url.navi','','_self',0,50,1),(293,285,'批量设置是否属于导航菜单','','','','api',0,'api/v1/menu/set.menu.navi','','_self',0,50,1),(294,285,'设置菜单排序','','','','api',0,'api/v1/menu/set.menu.sort','','_self',0,50,1),(295,285,'设置菜单状态','','','','api',0,'api/v1/menu/set.menu.status','','_self',0,50,1),(296,285,'根据权限获取菜单列表','','','','api',0,'api/v1/menu/get.menu.auth.list','','_self',0,50,1),(297,0,'消息','','','','api',0,'','','_self',0,50,1),(298,297,'添加一条消息','','','','api',0,'api/v1/message/add.message.item','','_self',0,50,1),(299,297,'编辑一条消息','','','','api',0,'api/v1/message/set.message.item','','_self',0,50,1),(300,297,'批量删除消息','','','','api',0,'api/v1/message/del.message.list','','_self',0,50,1),(301,297,'批量正式发布消息','','','','api',0,'api/v1/message/set.message.status','','_self',0,50,1),(302,297,'获取一条消息(后台)','','','','api',0,'api/v1/message/get.message.item','','_self',0,50,1),(303,297,'获取消息列表(后台)','','','','api',0,'api/v1/message/get.message.list','','_self',0,50,1),(304,297,'用户获取一条消息','','','','api',0,'api/v1/message/get.message.user.item','','_self',0,50,1),(305,297,'用户获取消息列表','','','','api',0,'api/v1/message/get.message.user.list','','_self',0,50,1),(306,297,'用户获取未读消息数','','','','api',0,'api/v1/message/get.message.user.unread','','_self',0,50,1),(307,297,'用户批量设置消息已读','','','','api',0,'api/v1/message/set.message.user.read','','_self',0,50,1),(308,297,'用户设置消息全部已读','','','','api',0,'api/v1/message/set.message.user.allread','','_self',0,50,1),(309,297,'用户批量删除消息','','','','api',0,'api/v1/message/del.message.user.list','','_self',0,50,1),(310,297,'用户删除全部消息','','','','api',0,'api/v1/message/del.message.user.all','','_self',0,50,1),(311,0,'导航','','','','api',0,'','','_self',0,50,1),(312,311,'添加一个导航','','','','api',0,'api/v1/navigation/add.navigation.item','','_self',0,50,1),(313,311,'编辑一个导航','','','','api',0,'api/v1/navigation/set.navigation.item','','_self',0,50,1),(314,311,'批量删除导航','','','','api',0,'api/v1/navigation/del.navigation.list','','_self',0,50,1),(315,311,'获取一个导航','','','','api',0,'api/v1/navigation/get.navigation.item','','_self',0,50,1),(316,311,'获取导航列表','','','','api',0,'api/v1/navigation/get.navigation.list','','_self',0,50,1),(317,311,'批量设置是否新开窗口','','','','api',0,'api/v1/navigation/set.navigation.target','','_self',0,50,1),(318,311,'批量设置是否启用','','','','api',0,'api/v1/navigation/set.navigation.status','','_self',0,50,1),(319,311,'设置导航排序','','','','api',0,'api/v1/navigation/set.navigation.sort','','_self',0,50,1),(320,0,'通知系统','','','','api',0,'','','_self',0,50,1),(321,320,'获取一个通知系统','','','','api',0,'api/v1/notice/get.notice.item','','_self',0,50,1),(322,320,'获取通知系统列表','','','','api',0,'api/v1/notice/get.notice.list','','_self',0,50,1),(323,320,'批量设置通知系统是否启用','','','','api',0,'api/v1/notice/set.notice.status','','_self',0,50,1),(324,320,'设置一个通知系统','','','','api',0,'api/v1/notice/set.notice.item','','_self',0,50,1),(325,0,'通知系统模板','','','','api',0,'','','_self',0,50,1),(326,325,'获取一个通知系统模板','','','','api',0,'api/v1/notice_tpl/get.notice.tpl.item','','_self',0,50,1),(327,325,'获取通知系统模板列表','','','','api',0,'api/v1/notice_tpl/get.notice.tpl.list','','_self',0,50,1),(328,325,'编辑一个通知系统模板','','','','api',0,'api/v1/notice_tpl/set.notice.tpl.item','','_self',0,50,1),(329,325,'批量设置通知系统模板是否启用','','','','api',0,'api/v1/notice_tpl/set.notice.tpl.status','','_self',0,50,1),(330,0,'订单管理','','','','api',0,'','','_self',0,50,1),(331,330,'获取订单确认或提交订单','','','','api',0,'api/v1/order/confirm.order.list','','_self',0,50,1),(332,330,'调整订单应付金额','','','','api',0,'api/v1/order/change.price.order.item','','_self',0,50,1),(333,330,'添加或编辑卖家备注','','','','api',0,'api/v1/order/remark.order.item','','_self',0,50,1),(334,330,'编辑一个订单','','','','api',0,'api/v1/order/set.order.item','','_self',0,50,1),(335,330,'将订单放入回收站、还原或删除','','','','api',0,'api/v1/order/recycle.order.item','','_self',0,50,1),(336,330,'获取一个订单','','','','api',0,'api/v1/order/get.order.item','','_self',0,50,1),(337,330,'获取订单列表','','','','api',0,'api/v1/order/get.order.list','','_self',0,50,1),(338,330,'获取订单各个状态合计数','','','','api',0,'api/v1/order/get.order.status.total','','_self',0,50,1),(339,330,'再次购买与订单相同的商品','','','','api',0,'api/v1/order/buyagain.order.goods','','_self',0,50,1),(340,330,'获取可评价或可追评的订单商品列表','','','','api',0,'api/v1/order/get.order.goods.comment','','_self',0,50,1),(341,330,'未付款订单超时自动取消','','','','api',0,'api/v1/order/timeout.order.cancel','','_self',0,50,1),(342,330,'未确认收货订单超时自动完成','','','','api',0,'api/v1/order/timeout.order.complete','','_self',0,50,1),(343,330,'取消一个订单','','','','api',0,'api/v1/order/cancel.order.item','','_self',0,50,1),(344,330,'订单设为配货状态','','','','api',0,'api/v1/order/picking.order.item','','_self',0,50,1),(345,330,'订单设为发货状态','','','','api',0,'api/v1/order/delivery.order.item','','_self',0,50,1),(346,330,'订单确认收货','','','','api',0,'api/v1/order/complete.order.item','','_self',0,50,1),(347,330,'获取一个订单商品明细','','','','api',0,'api/v1/order/get.order.goods.item','','_self',0,50,1),(348,0,'订单退款','','','','api',0,'','','_self',0,50,1),(349,348,'查询一笔退款记录','','','','api',0,'api/v1/order_refund/query.refund.item','','_self',0,50,1),(350,348,'获取退款记录列表','','','','api',0,'api/v1/order_refund/get.refund.list','','_self',0,50,1),(351,0,'售后服务','','','','api',0,'','','_self',0,50,1),(352,351,'获取订单商品可申请的售后服务','','','','api',0,'api/v1/order_service/get.order.service.goods','','_self',0,50,1),(353,351,'客服对售后服务单添加备注(顾客不可见)','','','','api',0,'api/v1/order_service/set.order.service.remark','','_self',0,50,1),(354,351,'获取一个售后服务单','','','','api',0,'api/v1/order_service/get.order.service.item','','_self',0,50,1),(355,351,'获取售后服务单列表','','','','api',0,'api/v1/order_service/get.order.service.list','','_self',0,50,1),(356,351,'添加一个维修售后服务单','','','','api',0,'api/v1/order_service/add.order.service.maintain','','_self',0,50,1),(357,351,'添加一个换货售后服务单','','','','api',0,'api/v1/order_service/add.order.service.exchange','','_self',0,50,1),(358,351,'添加一个仅退款售后服务单','','','','api',0,'api/v1/order_service/add.order.service.refund','','_self',0,50,1),(359,351,'添加一个退款退货售后服务单','','','','api',0,'api/v1/order_service/add.order.service.refunds','','_self',0,50,1),(360,351,'添加一条售后服务单留言','','','','api',0,'api/v1/order_service/add.order.service.message','','_self',0,50,1),(361,351,'同意(接收)一个售后服务单','','','','api',0,'api/v1/order_service/set.order.service.agree','','_self',0,50,1),(362,351,'拒绝一个售后服务单','','','','api',0,'api/v1/order_service/set.order.service.refused','','_self',0,50,1),(363,351,'设置退换货、维修商品是否寄还商家','','','','api',0,'api/v1/order_service/set.order.service.sendback','','_self',0,50,1),(364,351,'买家上报换货、维修后的快递单号,并填写商家寄回时需要的信息','','','','api',0,'api/v1/order_service/set.order.service.buyer','','_self',0,50,1),(365,351,'买家上报退款退货后的快递单号','','','','api',0,'api/v1/order_service/set.order.service.logistic','','_self',0,50,1),(366,351,'设置一个售后服务单状态(售后中)','','','','api',0,'api/v1/order_service/set.order.service.after','','_self',0,50,1),(367,351,'撤销一个售后服务单','','','','api',0,'api/v1/order_service/set.order.service.cancel','','_self',0,50,1),(368,351,'完成一个售后服务单','','','','api',0,'api/v1/order_service/set.order.service.complete','','_self',0,50,1),(369,0,'支付管理','','','','api',0,'','','_self',0,50,1),(370,369,'编辑一个支付配置','','','','api',0,'api/v1/payment/set.payment.item','','_self',0,50,1),(371,369,'获取一个支付配置','','','','api',0,'api/v1/payment/get.payment.item','','_self',0,50,1),(372,369,'获取支付配置列表','','','','api',0,'api/v1/payment/get.payment.list','','_self',0,50,1),(373,369,'获取支付异步URL接口','','','','api',0,'api/v1/payment/get.payment.notify','','_self',0,50,1),(374,369,'获取支付同步URL接口','','','','api',0,'api/v1/payment/get.payment.return','','_self',0,50,1),(375,369,'设置支付配置排序','','','','api',0,'api/v1/payment/set.payment.sort','','_self',0,50,1),(376,369,'批量设置支付配置状态','','','','api',0,'api/v1/payment/set.payment.status','','_self',0,50,1),(377,369,'财务对账号进行资金调整','','','','api',0,'api/v1/payment/set.payment.finance','','_self',0,50,1),(378,369,'接收支付返回内容','','','','api',0,'api/v1/payment/put.payment.data','','_self',0,50,1),(379,369,'账号在线充值余额','','','','api',0,'api/v1/payment/user.payment.pay','','_self',0,50,1),(380,369,'订单付款在线支付','','','','api',0,'api/v1/payment/order.payment.pay','','_self',0,50,1),(381,0,'支付日志','','','','api',0,'','','_self',0,50,1),(382,381,'关闭一笔充值记录','','','','api',0,'api/v1/payment_log/close.payment.log.item','','_self',0,50,1),(383,381,'获取一笔充值记录','','','','api',0,'api/v1/payment_log/get.payment.log.item','','_self',0,50,1),(384,381,'获取充值记录列表','','','','api',0,'api/v1/payment_log/get.payment.log.list','','_self',0,50,1),(385,0,'订单促销','','','','api',0,'','','_self',0,50,1),(386,385,'添加一个订单促销','','','','api',0,'api/v1/promotion/add.promotion.item','','_self',0,50,1),(387,385,'编辑一个订单促销','','','','api',0,'api/v1/promotion/set.promotion.item','','_self',0,50,1),(388,385,'获取一个订单促销','','','','api',0,'api/v1/promotion/get.promotion.item','','_self',0,50,1),(389,385,'批量设置订单促销状态','','','','api',0,'api/v1/promotion/set.promotion.status','','_self',0,50,1),(390,385,'批量删除订单促销','','','','api',0,'api/v1/promotion/del.promotion.list','','_self',0,50,1),(391,385,'获取订单促销列表','','','','api',0,'api/v1/promotion/get.promotion.list','','_self',0,50,1),(392,385,'获取正在进行的促销列表','','','','api',0,'api/v1/promotion/get.promotion.active','','_self',0,50,1),(393,0,'二维码','','','','api',0,'','','_self',0,50,1),(394,393,'动态生成一个二维码','','','','api',0,'api/v1/qrcode/get.qrcode.item','','_self',0,50,1),(395,393,'获取二维码调用地址','','','','api',0,'api/v1/qrcode/get.qrcode.callurl','','_self',0,50,1),(396,0,'区域','','','','api',0,'','','_self',0,50,1),(397,396,'添加一个区域','','','','api',0,'api/v1/region/add.region.item','','_self',0,50,1),(398,396,'编辑一个区域','','','','api',0,'api/v1/region/set.region.item','','_self',0,50,1),(399,396,'批量删除区域','','','','api',0,'api/v1/region/del.region.list','','_self',0,50,1),(400,396,'获取指定区域','','','','api',0,'api/v1/region/get.region.item','','_self',0,50,1),(401,396,'获取指定Id下的子节点(不包含本身)','','','','api',0,'api/v1/region/get.region.list','','_self',0,50,1),(402,396,'获取指定Id下的所有子节点(包含本身)','','','','api',0,'api/v1/region/get.region.son.list','','_self',0,50,1),(403,396,'设置区域排序','','','','api',0,'api/v1/region/set.region.sort','','_self',0,50,1),(404,396,'根据区域编号获取区域名称','','','','api',0,'api/v1/region/get.region.name','','_self',0,50,1),(405,0,'系统配置','','','','api',0,'','','_self',0,50,1),(406,405,'获取某个模块的设置','','','','api',0,'api/v1/setting/get.setting.list','','_self',0,50,1),(407,405,'设置配送轨迹','','','','api',0,'api/v1/setting/set.delivery.dist.list','','_self',0,50,1),(408,405,'设置支付完成提示页','','','','api',0,'api/v1/setting/set.payment.list','','_self',0,50,1),(409,405,'设置配送优惠','','','','api',0,'api/v1/setting/set.delivery.list','','_self',0,50,1),(410,405,'设置购物系统','','','','api',0,'api/v1/setting/set.shopping.list','','_self',0,50,1),(411,405,'设置售后服务','','','','api',0,'api/v1/setting/set.service.list','','_self',0,50,1),(412,405,'设置系统配置','','','','api',0,'api/v1/setting/set.system.list','','_self',0,50,1),(413,405,'设置上传配置','','','','api',0,'api/v1/setting/set.upload.list','','_self',0,50,1),(414,0,'商品规格','','','','api',0,'','','_self',0,50,1),(415,414,'添加一个商品规格','','','','api',0,'api/v1/spec/add.goods.spec.item','','_self',0,1,1),(416,414,'编辑一个商品规格','','','','api',0,'api/v1/spec/set.goods.spec.item','','_self',0,2,1),(417,414,'批量删除商品规格','','','','api',0,'api/v1/spec/del.goods.spec.list','','_self',0,3,1),(418,414,'获取一条商品规格','','','','api',0,'api/v1/spec/get.goods.spec.item','','_self',0,4,1),(419,414,'获取商品规格列表','','','','api',0,'api/v1/spec/get.goods.spec.list','','_self',0,5,1),(420,414,'批量设置商品规格检索','','','','api',0,'api/v1/spec/set.goods.spec.key','','_self',0,7,1),(421,414,'设置商品规格排序','','','','api',0,'api/v1/spec/set.goods.spec.sort','','_self',0,8,1),(422,0,'资源管理','','','','api',0,'','','_self',0,50,1),(423,422,'添加一个资源目录','','','','api',0,'api/v1/storage/add.storage.directory.item','','_self',0,50,1),(424,422,'编辑一个资源目录','','','','api',0,'api/v1/storage/set.storage.directory.item','','_self',0,50,1),(425,422,'获取资源目录选择列表','','','','api',0,'api/v1/storage/get.storage.directory.select','','_self',0,50,1),(426,422,'将资源目录标记为默认选中','','','','api',0,'api/v1/storage/set.storage.directory.default','','_self',0,50,1),(427,422,'获取一个资源或资源目录','','','','api',0,'api/v1/storage/get.storage.item','','_self',0,50,1),(428,422,'获取资源列表','','','','api',0,'api/v1/storage/get.storage.list','','_self',0,50,1),(429,422,'重命名一个资源','','','','api',0,'api/v1/storage/rename.storage.item','','_self',0,50,1),(430,422,'将图片资源设为目录封面','','','','api',0,'api/v1/storage/set.storage.cover','','_self',0,50,1),(431,422,'验证资源是否允许移动到指定目录','','','','api',0,'api/v1/storage/check.storage.move','','_self',0,50,1),(432,422,'批量移动资源到指定目录','','','','api',0,'api/v1/storage/move.storage.list','','_self',0,50,1),(433,422,'获取资源缩略图','','','','api',0,'api/v1/storage/get.storage.thumb','','_self',0,50,1),(434,422,'获取资源缩略图实际路径','','','','api',0,'api/v1/storage/get.storage.thumb.url','','_self',0,50,1),(435,422,'批量删除资源','','','','api',0,'api/v1/storage/del.storage.list','','_self',0,50,1),(436,0,'客服','','','','api',0,'','','_self',0,50,1),(437,436,'添加一名客服','','','','api',0,'api/v1/support/add.support.item','','_self',0,50,1),(438,436,'编辑一名客服','','','','api',0,'api/v1/support/set.support.item','','_self',0,50,1),(439,436,'批量删除客服','','','','api',0,'api/v1/support/del.support.list','','_self',0,50,1),(440,436,'获取一名客服','','','','api',0,'api/v1/support/get.support.item','','_self',0,50,1),(441,436,'获取客服列表','','','','api',0,'api/v1/support/get.support.list','','_self',0,50,1),(442,436,'批量设置客服状态','','','','api',0,'api/v1/support/set.support.status','','_self',0,50,1),(443,436,'设置客服排序','','','','api',0,'api/v1/support/set.support.sort','','_self',0,50,1),(444,0,'专题','','','','api',0,'','','_self',0,50,1),(445,444,'添加一个专题','','','','api',0,'api/v1/topic/add.topic.item','','_self',0,50,1),(446,444,'编辑一个专题','','','','api',0,'api/v1/topic/set.topic.item','','_self',0,50,1),(447,444,'批量删除专题','','','','api',0,'api/v1/topic/del.topic.list','','_self',0,50,1),(448,444,'获取一个专题','','','','api',0,'api/v1/topic/get.topic.item','','_self',0,50,1),(449,444,'获取专题列表','','','','api',0,'api/v1/topic/get.topic.list','','_self',0,50,1),(450,444,'批量设置专题是否显示','','','','api',0,'api/v1/topic/set.topic.status','','_self',0,50,1),(451,0,'交易结算','','','','api',0,'','','_self',0,50,1),(452,451,'获取交易结算列表','','','','api',0,'api/v1/transaction/get.transaction.list','','_self',0,50,1),(453,0,'资源上传','','','','api',0,'','','_self',0,50,1),(454,453,'获取上传模块列表','','','','api',0,'api/v1/upload/get.upload.module','','_self',0,50,1),(455,453,'获取上传地址','','','','api',0,'api/v1/upload/get.upload.url','','_self',0,50,1),(456,453,'获取上传Token','','','','api',0,'api/v1/upload/get.upload.token','','_self',0,50,1),(457,453,'资源上传请求','','','','api',0,'api/v1/upload/add.upload.list','','_self',0,50,1),(458,453,'接收第三方推送数据','','','','api',0,'api/v1/upload/put.upload.data','','_self',0,50,1),(459,453,'替换上传资源','','','','api',0,'api/v1/upload/replace.upload.item','','_self',0,50,1),(460,0,'账号管理','','','','api',0,'','','_self',0,50,1),(461,460,'验证账号是否合法','','','','api',0,'api/v1/user/check.user.username','','_self',0,1,1),(462,460,'验证账号手机是否合法','','','','api',0,'api/v1/user/check.user.mobile','','_self',0,2,1),(463,460,'验证账号昵称是否合法','','','','api',0,'api/v1/user/check.user.nickname','','_self',0,3,1),(464,460,'注册一个新账号','','','','api',0,'api/v1/user/add.user.item','','_self',0,4,1),(465,460,'编辑一个账号','','','','api',0,'api/v1/user/set.user.item','','_self',0,5,1),(466,460,'批量设置账号状态','','','','api',0,'api/v1/user/set.user.status','','_self',0,6,1),(467,460,'修改一个账号密码','','','','api',0,'api/v1/user/set.user.password','','_self',0,7,1),(468,460,'批量删除账号','','','','api',0,'api/v1/user/del.user.list','','_self',0,8,1),(469,460,'获取一个账号','','','','api',0,'api/v1/user/get.user.item','','_self',0,9,1),(470,460,'获取账号列表','','','','api',0,'api/v1/user/get.user.list','','_self',0,11,1),(471,460,'注销账号','','','','api',0,'api/v1/user/logout.user.user','','_self',0,12,1),(472,460,'登录账号','','','','api',0,'api/v1/user/login.user.user','','_self',0,13,1),(473,460,'刷新Token','','','','api',0,'api/v1/user/refresh.user.token','','_self',0,14,1),(474,460,'忘记密码','','','','api',0,'api/v1/user/find.user.password','','_self',0,15,1),(475,0,'收货地址','','','','api',0,'','','_self',0,50,1),(476,475,'获取指定账号的收货地址列表','','','','api',0,'api/v1/user_address/get.user.address.list','','_self',0,50,1),(477,475,'获取指定账号的一个收货地址','','','','api',0,'api/v1/user_address/get.user.address.item','','_self',0,50,1),(478,475,'添加一个收货地址','','','','api',0,'api/v1/user_address/add.user.address.item','','_self',0,50,1),(479,475,'编辑一个收货地址','','','','api',0,'api/v1/user_address/set.user.address.item','','_self',0,50,1),(480,475,'批量删除收货地址','','','','api',0,'api/v1/user_address/del.user.address.list','','_self',0,50,1),(481,475,'设置一个收货地址为默认','','','','api',0,'api/v1/user_address/set.user.address.default','','_self',0,50,1),(482,475,'检测是否超出最大添加数量','','','','api',0,'api/v1/user_address/is.user.address.maximum','','_self',0,50,1),(483,0,'账号等级','','','','api',0,'','','_self',0,50,1),(484,483,'获取一个账号等级','','','','api',0,'api/v1/user_level/get.user.level.item','','_self',0,50,1),(485,483,'获取账号等级列表','','','','api',0,'api/v1/user_level/get.user.level.list','','_self',0,50,1),(486,483,'添加一个账号等级','','','','api',0,'api/v1/user_level/add.user.level.item','','_self',0,50,1),(487,483,'编辑一个账号等级','','','','api',0,'api/v1/user_level/set.user.level.item','','_self',0,50,1),(488,483,'批量删除账号等级','','','','api',0,'api/v1/user_level/del.user.level.list','','_self',0,50,1),(489,0,'账号资金','','','','api',0,'','','_self',0,50,1),(490,489,'获取指定账号资金信息','','','','api',0,'api/v1/user_money/get.user.money.info','','_self',0,50,1),(491,0,'验证码','','','','api',0,'','','_self',0,50,1),(492,491,'使用验证码','','','','api',0,'api/v1/verification/use.verification.item','','_self',0,50,1),(493,491,'发送短信验证码','','','','api',0,'api/v1/verification/send.verification.sms','','_self',0,50,1),(494,491,'发送邮件验证码','','','','api',0,'api/v1/verification/send.verification.email','','_self',0,50,1),(495,491,'验证短信验证码','','','','api',0,'api/v1/verification/ver.verification.sms','','_self',0,50,1),(496,491,'验证邮件验证码','','','','api',0,'api/v1/verification/ver.verification.email','','_self',0,50,1),(497,0,'提现','','','','api',0,'','','_self',0,50,1),(498,497,'获取一个提现请求','','','','api',0,'api/v1/withdraw/get.withdraw.item','','_self',0,50,1),(499,497,'获取提现请求列表','','','','api',0,'api/v1/withdraw/get.withdraw.list','','_self',0,50,1),(500,497,'申请一个提现请求','','','','api',0,'api/v1/withdraw/add.withdraw.item','','_self',0,50,1),(501,497,'取消一个提现请求','','','','api',0,'api/v1/withdraw/cancel.withdraw.item','','_self',0,50,1),(502,497,'处理一个提现请求','','','','api',0,'api/v1/withdraw/process.withdraw.item','','_self',0,50,1),(503,497,'完成一个提现请求','','','','api',0,'api/v1/withdraw/complete.withdraw.item','','_self',0,50,1),(504,497,'拒绝一个提现请求','','','','api',0,'api/v1/withdraw/refuse.withdraw.item','','_self',0,50,1),(505,497,'获取提现手续费','','','','api',0,'api/v1/withdraw/get.withdraw.fee','','_self',0,50,1),(506,0,'提现账号','','','','api',0,'','','_self',0,50,1),(507,506,'添加一个提现账号','','','','api',0,'api/v1/withdraw_user/add.withdraw.user.item','','_self',0,50,1),(508,506,'编辑一个提现账号','','','','api',0,'api/v1/withdraw_user/set.withdraw.user.item','','_self',0,50,1),(509,506,'批量删除提现账号','','','','api',0,'api/v1/withdraw_user/del.withdraw.user.list','','_self',0,50,1),(510,506,'获取指定账号的一个提现账号','','','','api',0,'api/v1/withdraw_user/get.withdraw.user.item','','_self',0,50,1),(511,506,'获取指定账号的提现账号列表','','','','api',0,'api/v1/withdraw_user/get.withdraw.user.list','','_self',0,50,1),(512,506,'检测是否超出最大添加数量','','','','api',0,'api/v1/withdraw_user/is.withdraw.user.maximum','','_self',0,50,1),(513,0,'首页','','home','','admin',0,'/index','','_self',1,1,1),(515,517,'订单','','barcode','','admin',0,'/order','','_self',1,3,1),(516,0,'营销','','tags','','admin',0,'/promotion','','_self',1,2,1),(517,0,'会员','','user-o','','admin',0,'/member','','_self',1,4,1),(520,0,'系统','','server','','admin',0,'/system','','_self',1,3,1),(521,0,'设置','','cogs','','admin',0,'/setting','','_self',1,5,1),(523,520,'人员管理','','users','','admin',0,'/system/admin','','_self',1,2,1),(524,523,'管理人员','','','对管理组成员账号进行管理','admin',0,'/system/admin/member','','_self',1,50,1),(525,520,'权限分配','','sitemap','','admin',0,'/system/auth','','_self',1,3,1),(526,525,'用户组','','','为系统分配前后台用户组','admin',0,'/system/auth/group','','_self',1,1,1),(527,525,'权限规则','','','将菜单访问权限分配给不同的用户组','admin',0,'/system/auth/rule','','_self',1,3,1),(528,525,'菜单管理','','','为系统配置前后台导航菜单','admin',0,'/system/auth/menu','','_self',1,2,1),(529,528,'新增菜单','','','','admin',0,'/system/auth/menu/add','','_self',0,2,1),(530,528,'删除菜单','','','','admin',0,'/system/auth/menu/del','','_self',0,3,1),(531,528,'编辑菜单','','','','admin',0,'/system/auth/menu/set','','_self',0,4,1),(532,528,'修改状态','','','','admin',0,'/system/auth/menu/status','','_self',0,5,1),(533,528,'移动排序','','','','admin',0,'/system/auth/menu/move','','_self',0,6,1),(534,513,'辅助','','coffee','','admin',0,'/index/help','','_self',0,50,1),(535,534,'清空缓存1','','','','admin',0,'/index/help/cache','','_self',0,50,1),(536,534,'优化缓存','','','','admin',0,'/index/help/optimize','','_self',0,50,1),(538,525,'操作日志','','','访问者的行踪轨迹记录','admin',0,'/system/auth/action','','_self',1,4,0),(539,520,'消息管理','','envelope','','admin',0,'/system/message','','_self',1,7,1),(540,539,'我的消息','','','接收系统发送过来的消息','admin',0,'/system/message/user','','_self',1,50,1),(541,524,'新增用户','','','','admin',0,'/system/admin/member/add','','_self',0,2,1),(542,524,'删除用户','','','','admin',0,'/system/admin/member/del','','_self',0,3,1),(543,524,'编辑用户','','','','admin',0,'/system/admin/member/set','','_self',0,4,1),(544,524,'设为启用','','','','admin',0,'/system/admin/member/enable','','_self',0,5,1),(545,524,'设为禁用','','','','admin',0,'/system/admin/member/disable','','_self',0,6,1),(546,524,'重置密码','','','','admin',0,'/system/admin/member/reset','','_self',0,7,1),(547,526,'新增用户组','','','','admin',0,'/system/auth/group/add','','_self',0,2,1),(548,526,'删除用户组','','','','admin',0,'/system/auth/group/del','','_self',0,3,1),(549,526,'编辑用户组','','','','admin',0,'/system/auth/group/set','','_self',0,4,1),(550,526,'设为启用','','','','admin',0,'/system/auth/group/enable','','_self',0,5,1),(551,526,'设为禁用','','','','admin',0,'/system/auth/group/disable','','_self',0,6,1),(552,526,'设置排序','','','','admin',0,'/system/auth/group/sort','','_self',0,7,1),(553,527,'新增权限','','','','admin',0,'/system/auth/rule/add','','_self',0,2,1),(554,527,'删除权限','','','','admin',0,'/system/auth/rule/del','','_self',0,3,1),(555,527,'编辑权限','','','','admin',0,'/system/auth/rule/set','','_self',0,4,1),(556,527,'设为启用','','','','admin',0,'/system/auth/rule/enable','','_self',0,5,1),(557,527,'设为禁用','','','','admin',0,'/system/auth/rule/disable','','_self',0,6,1),(558,527,'移动排序','','','','admin',0,'/system/auth/rule/move','','_self',0,7,1),(559,520,'文章发布','','newspaper-o','','admin',0,'/system/article','','_self',1,4,1),(560,559,'文章分类','','','为文章分配可归类的类目','admin',0,'/system/article/cat','','_self',1,50,1),(561,559,'文章管理','','','管理文章的增、删、改等','admin',0,'/system/article/article','','_self',1,50,1),(562,559,'专题管理','','','管理专题的增、删、改等','admin',0,'/system/article/topic','','_self',1,50,0),(563,520,'广告发布','','rocket','','admin',0,'/system/ads','','_self',1,5,0),(564,563,'广告位置','','','广告位置是广告列表的母版与集合','admin',0,'/system/ads/position','','_self',1,1,0),(565,563,'广告列表','','','可单独发布或归类到广告位置','admin',0,'/system/ads/ads','','_self',1,2,0),(566,539,'发布消息','','','对外发布消息','admin',0,'/system/message/send','','_self',1,50,1),(567,560,'新增分类','','','','admin',0,'/system/article/cat/add','','_self',0,2,1),(568,560,'编辑分类','','','','admin',0,'/system/article/cat/set','','_self',0,3,1),(569,560,'删除分类','','','','admin',0,'/system/article/cat/del','','_self',0,4,1),(570,560,'移动排序','','','','admin',0,'/system/article/cat/move','','_self',0,5,1),(574,422,'获取资源下载链接','','','','api',0,'api/v1/storage/get.storage.download','','_self',0,50,1),(575,0,'操作日志','','','','api',0,'','','_self',0,50,1),(576,575,'获取一条操作日志','','','','api',0,'api/v1/action_log/get.action.log.item','','_self',0,50,1),(577,575,'获取操作日志列表','','','','api',0,'api/v1/action_log/get.action.log.list','','_self',0,50,1),(578,561,'新增文章','','','','admin',0,'/system/article/article/add','','_self',0,2,1),(579,561,'删除文章','','','','admin',0,'/system/article/article/del','','_self',0,3,1),(580,561,'编辑文章','','','','admin',0,'/system/article/article/set','','_self',0,4,1),(583,561,'设为置顶','','','','admin',0,'/system/article/article/top','','_self',0,7,1),(584,561,'取消置顶','','','','admin',0,'/system/article/article/remove_top','','_self',0,8,1),(585,561,'设为启用','','','','admin',0,'/system/article/article/enable','','_self',0,9,1),(586,561,'设为禁用','','','','admin',0,'/system/article/article/disable','','_self',0,10,1),(587,524,'查询列表','','','','admin',0,'/system/admin/member/list','','_self',0,1,1),(588,526,'查询列表','','','','admin',0,'/system/auth/group/list','','_self',0,1,1),(589,528,'查询列表','','','','admin',0,'/system/auth/menu/list','','_self',0,1,1),(590,527,'查询列表','','','','admin',0,'/system/auth/rule/list','','_self',0,1,1),(591,560,'查询列表','','','','admin',0,'/system/article/cat/list','','_self',0,1,1),(592,561,'查询列表','','','','admin',0,'/system/article/article/list','','_self',0,1,1),(593,562,'查询列表','','','','admin',0,'/system/article/topic/list','','_self',0,50,0),(594,562,'新增专题','','','','admin',0,'/system/article/topic/add','','_self',0,50,0),(595,562,'删除专题','','','','admin',0,'/system/article/topic/del','','_self',0,50,0),(596,562,'编辑专题','','','','admin',0,'/system/article/topic/set','','_self',0,50,0),(598,562,'设为启用','','','','admin',0,'/system/article/topic/enable','','_self',0,50,0),(599,562,'设为禁用','','','','admin',0,'/system/article/topic/disable','','_self',0,50,0),(600,564,'查询列表','','','','admin',0,'/system/ads/position/list','','_self',0,50,0),(601,564,'新增位置','','','','admin',0,'/system/ads/position/add','','_self',0,50,0),(602,564,'编辑位置','','','','admin',0,'/system/ads/position/set','','_self',0,50,0),(603,564,'删除位置','','','','admin',0,'/system/ads/position/del','','_self',0,50,0),(604,564,'设为启用','','','','admin',0,'/system/ads/position/enable','','_self',0,50,0),(605,564,'设为禁用','','','','admin',0,'/system/ads/position/disable','','_self',0,50,0),(606,565,'查询列表','','','','admin',0,'/system/ads/ads/list','','_self',0,50,0),(607,565,'新增广告','','','','admin',0,'/system/ads/ads/add','','_self',0,50,0),(608,565,'编辑广告','','','','admin',0,'/system/ads/ads/set','','_self',0,50,0),(609,565,'删除广告','','','','admin',0,'/system/ads/ads/del','','_self',0,50,0),(610,565,'排序广告','','','','admin',0,'/system/ads/ads/sort','','_self',0,50,0),(612,565,'设为启用','','','','admin',0,'/system/ads/ads/enable','','_self',0,50,0),(613,565,'设为禁用','','','','admin',0,'/system/ads/ads/disable','','_self',0,50,0),(614,23,'获取广告位置选择列表','','','','api',0,'api/v1/ads_position/get.ads.position.select','','_self',0,50,1),(615,15,'验证广告编码是否唯一','','','','api',0,'api/v1/ads/unique.ads.code','','_self',0,50,1),(616,23,'根据广告位置编码获取广告列表','','','','api',0,'api/v1/ads_position/get.ads.position.code','','_self',0,50,1),(617,15,'根据编码获取一个广告','','','','api',0,'api/v1/ads/get.ads.code','','_self',0,50,1),(618,15,'根据编号自动排序','','','','api',0,'api/v1/ads/set.ads.index','','_self',0,50,1),(619,55,'根据编号自动排序','','','','api',0,'api/v1/article_cat/set.article.cat.index','','_self',0,50,1),(620,71,'根据编号自动排序','','','','api',0,'api/v1/auth_group/set.auth.group.index','','_self',0,50,1),(621,79,'根据编号自动排序','','','','api',0,'api/v1/auth_rule/set.auth.rule.index','','_self',0,50,1),(622,87,'根据编号自动排序','','','','api',0,'api/v1/brand/set.brand.index','','_self',0,50,1),(623,150,'根据编号自动排序','','','','api',0,'api/v1/delivery/set.delivery.index','','_self',0,50,1),(624,190,'根据编号自动排序','','','','api',0,'api/v1/friend_link/set.friendlink.index','','_self',0,50,1),(625,218,'根据编号自动排序','','','','api',0,'api/v1/goods_attribute/set.goods.attribute.index','','_self',0,15,1),(626,232,'根据编号自动排序','','','','api',0,'api/v1/goods_category/set.goods.category.index','','_self',0,50,1),(627,285,'根据编号自动排序','','','','api',0,'api/v1/menu/set.menu.index','','_self',0,50,1),(628,311,'根据编号自动排序','','','','api',0,'api/v1/navigation/set.navigation.index','','_self',0,50,1),(629,369,'根据编号自动排序','','','','api',0,'api/v1/payment/set.payment.index','','_self',0,50,1),(630,396,'根据编号自动排序','','','','api',0,'api/v1/region/set.region.index','','_self',0,50,1),(631,414,'根据编号自动排序','','','','api',0,'api/v1/spec/set.goods.spec.index','','_self',0,9,1),(632,436,'根据编号自动排序','','','','api',0,'api/v1/support/set.support.index','','_self',0,50,1),(633,0,'资源样式','','','','api',0,'','','_self',0,50,1),(634,633,'验证资源样式编码是否唯一','','','','api',0,'api/v1/storage_style/unique.storage.style.code','','_self',0,50,1),(635,633,'添加一个资源样式','','','','api',0,'api/v1/storage_style/add.storage.style.item','','_self',0,50,1),(636,633,'编辑一个资源样式','','','','api',0,'api/v1/storage_style/set.storage.style.item','','_self',0,50,1),(637,633,'获取一个资源样式','','','','api',0,'api/v1/storage_style/get.storage.style.item','','_self',0,50,1),(638,633,'获取资源样式列表','','','','api',0,'api/v1/storage_style/get.storage.style.list','','_self',0,50,1),(639,633,'批量删除资源样式','','','','api',0,'api/v1/storage_style/del.storage.style.list','','_self',0,50,1),(640,633,'批量设置资源样式状态','','','','api',0,'api/v1/storage_style/set.storage.style.status','','_self',0,50,1),(641,422,'获取资源缩略图信息','','','','api',0,'api/v1/storage/get.storage.thumb.info','','_self',0,50,1),(648,422,'获取导航数据','','','','api',0,'api/v1/storage/get.storage.navi','','_self',0,50,1),(650,710,'支付日志','','','支付行为、结果的流水账','admin',0,'/setting/payment/log','','_self',1,50,1),(651,812,'交易结算','','','账户资金支出、收入的流水账','admin',0,'/member/user/transaction','','_self',1,3,1),(657,0,'帮助文档','','','','api',0,'','','_self',0,50,1),(658,657,'添加一条帮助文档','','','','api',0,'api/v1/help/add.help.item','','_self',0,50,1),(659,657,'编辑一条帮助文档','','','','api',0,'api/v1/help/set.help.item','','_self',0,50,1),(660,657,'获取一条帮助文档','','','','api',0,'api/v1/help/get.help.item','','_self',0,50,1),(661,657,'验证帮助文档是否唯一','','','','api',0,'api/v1/help/unique.help.item','','_self',0,50,1),(662,657,'获取帮助文档列表','','','','api',0,'api/v1/help/get.help.list','','_self',0,50,1),(663,657,'根据路由获取帮助文档','','','','api',0,'api/v1/help/get.help.router','','_self',0,50,1),(664,422,'清除图片资源缓存','','','','api',0,'api/v1/storage/clear.storage.thumb','','_self',0,50,1),(665,422,'清除目录资源的封面','','','','api',0,'api/v1/storage/clear.storage.cover','','_self',0,50,1),(679,534,'未读消息','','','','admin',0,'/system/message/unread','','_self',0,50,1),(680,566,'查询列表','','','','admin',0,'/system/message/send/list','','_self',0,50,1),(681,566,'新增消息','','','','admin',0,'/system/message/send/add','','_self',0,50,1),(682,566,'编辑消息','','','','admin',0,'/system/message/send/set','','_self',0,50,1),(683,566,'删除消息','','','','admin',0,'/system/message/send/del','','_self',0,50,1),(684,566,'正式发布','','','','admin',0,'/system/message/send/status','','_self',0,50,1),(685,566,'预览消息','','','','admin',0,'/system/message/send/view','','_self',0,50,1),(686,540,'查询列表','','','','admin',0,'/system/message/user/list','','_self',0,50,1),(687,540,'标记已读','','','','admin',0,'/system/message/user/read','','_self',0,50,1),(688,540,'全部已读','','','','admin',0,'/system/message/user/read_all','','_self',0,50,1),(689,540,'批量删除','','','','admin',0,'/system/message/user/del','','_self',0,50,1),(690,540,'全部删除','','','','admin',0,'/system/message/user/del_all','','_self',0,50,1),(709,521,'站点管理','','ticket','','admin',0,'/setting/logistics','','_self',1,4,1),(710,521,'支付系统','','gg-circle','','admin',0,'/setting/payment','','_self',1,3,1),(711,521,'消息通知','','commenting-o','','admin',0,'/setting/notice','','_self',1,5,1),(712,521,'基础设置','','tasks','','admin',0,'/setting/setting','','_self',1,2,1),(713,712,'系统设置','','','系统基础的参数设置','admin',0,'/setting/setting/system','','_self',1,1,1),(723,393,'添加一个二维码','','','','api',0,'api/v1/qrcode/add.qrcode.item','','_self',0,50,1),(724,393,'编辑一个二维码','','','','api',0,'api/v1/qrcode/set.qrcode.item','','_self',0,50,1),(725,393,'获取一个二维码','','','','api',0,'api/v1/qrcode/get.qrcode.config','','_self',0,50,1),(726,393,'获取二维码列表','','','','api',0,'api/v1/qrcode/get.qrcode.list','','_self',0,50,1),(727,393,'批量删除二维码','','','','api',0,'api/v1/qrcode/del.qrcode.list','','_self',0,50,1),(733,712,'系统信息','','','系统常用信息的显示','admin',0,'/setting/setting/info','','_self',1,2,0),(734,281,'获取系统版本号','','','','api',0,'api/v1/index/get.system.version','','_self',0,50,1),(735,520,'系统首页','','home','','admin',0,'/system/index','','_self',1,1,1),(740,521,'设置首页','','home','','admin',0,'/setting/index','','_self',1,1,1),(748,710,'支付配置','','','各个支付平台参数的配置','admin',0,'/setting/payment/config','','_self',1,1,1),(751,748,'查询列表','','','','admin',0,'/setting/payment/config/list','','_self',0,50,1),(752,748,'编辑支付','','','','admin',0,'/setting/payment/config/set','','_self',0,50,1),(753,748,'配置参数','','','','admin',0,'/setting/payment/config/setting','','_self',0,50,1),(754,748,'排序支付','','','','admin',0,'/setting/payment/config/sort','','_self',0,50,1),(755,748,'设为启用','','','','admin',0,'/setting/payment/config/enable','','_self',0,50,1),(756,748,'设为禁用','','','','admin',0,'/setting/payment/config/disable','','_self',0,50,1),(757,709,'区域管理','','','对国家、省、市、区等地域进行管理','admin',0,'/setting/logistics/region','','_blank',1,1,1),(764,757,'查询列表','','','','admin',0,'/setting/logistics/region/list','','_self',0,50,1),(765,757,'新增区域','','','','admin',0,'/setting/logistics/region/add','','_self',0,50,1),(766,757,'编辑区域','','','','admin',0,'/setting/logistics/region/set','','_self',0,50,1),(767,757,'删除区域','','','','admin',0,'/setting/logistics/region/del','','_self',0,50,1),(768,757,'移动区域','','','','admin',0,'/setting/logistics/region/move','','_self',0,50,1),(774,167,'根据快递单号即时查询配送轨迹','','','','api',0,'api/v1/delivery_dist/get.delivery.dist.trace','','_self',0,5,1),(777,173,'根据快递单号识别快递公司','','','','api',0,'api/v1/delivery_item/get.delivery.company.recognise','','_self',0,8,1),(802,711,'消息模板','','','预设计消息推送内容模板','admin',0,'/setting/notice/template','','_self',1,50,1),(806,802,'查询列表','','','','admin',0,'/setting/notice/template/list','','_self',0,50,1),(807,802,'短信配置','','','','admin',0,'/setting/notice/template/sms_setting','','_self',0,50,1),(808,802,'邮件配置','','','','admin',0,'/setting/notice/template/email_setting','','_self',0,50,1),(809,802,'设为启用','','','','admin',0,'/setting/notice/template/enable','','_self',0,50,1),(810,802,'设为禁用','','','','admin',0,'/setting/notice/template/disable','','_self',0,50,1),(811,802,'编辑模板','','','','admin',0,'/setting/notice/template/tpl','','_self',0,50,1),(812,517,'账号管理','','user-circle','','admin',0,'/member/user','','_self',1,2,1),(813,812,'会员账号','','','对顾客组成员账号进行管理','admin',0,'/member/user/client','','_self',1,1,1),(814,812,'账号等级','','','会员等级、折扣额度的管理','admin',0,'/member/user/level','','_self',1,2,1),(815,517,'提现审批','','money','','admin',0,'/member/withdraw','','_self',1,4,1),(816,815,'提现列表','','','提现申请的审批、拒绝、查询','admin',0,'/member/withdraw/list','','_self',1,50,1),(817,517,'咨询问答','','comments-o','','admin',0,'/member/ask','','_self',1,5,1),(818,817,'问答列表','','','咨询、售后、投诉、求购问答管理','admin',0,'/member/ask/list','','_self',1,50,1),(819,517,'会员首页','','home','','admin',0,'/member/index','','_self',1,1,1),(820,814,'查询列表','','','','admin',0,'/member/user/level/list','','_self',0,50,1),(821,814,'新增等级','','','','admin',0,'/member/user/level/add','','_self',0,50,1),(822,814,'编辑等级','','','','admin',0,'/member/user/level/set','','_self',0,50,1),(823,814,'删除等级','','','','admin',0,'/member/user/level/del','','_self',0,50,1),(824,816,'查询列表','','','','admin',0,'/member/withdraw/list/list','','_self',0,50,1),(825,816,'处理提现','','','','admin',0,'/member/withdraw/list/process','','_self',0,50,1),(826,816,'完成提现','','','','admin',0,'/member/withdraw/list/complete','','_self',0,50,1),(827,816,'拒绝提现','','','','admin',0,'/member/withdraw/list/refuse','','_self',0,50,1),(828,813,'查询列表','','','','admin',0,'/member/user/client/list','','_self',0,50,1),(829,813,'新增账号','','','','admin',0,'/member/user/client/add','','_self',0,50,1),(830,813,'编辑账号','','','','admin',0,'/member/user/client/set','','_self',0,50,1),(831,813,'删除账号','','','','admin',0,'/member/user/client/del','','_self',0,50,1),(832,813,'设为启用','','','','admin',0,'/member/user/client/enable','','_self',0,50,1),(833,813,'设为禁用','','','','admin',0,'/member/user/client/disable','','_self',0,50,1),(834,813,'更多操作','','','','admin',0,'/member/user/client/more','','_self',0,50,1),(835,834,'重置密码','','','','admin',0,'/member/user/client/reset','','_self',0,50,1),(836,834,'提现账户','','','','admin',0,'/member/user/client/withdraw','','_self',0,50,1),(837,834,'收货地址','','','','admin',0,'/member/user/client/address','','_self',0,50,1),(838,834,'账户资金','','','','admin',0,'/member/user/client/money','','_self',0,50,1),(839,834,'调整资金','','','','admin',0,'/member/user/client/finance','','_self',0,50,1),(840,460,'获取一个账号的简易信息','','','','api',0,'api/v1/user/get.user.info','','_self',0,10,1),(841,837,'查询列表','','','','admin',0,'/member/user/address/list','','_self',0,50,1),(842,837,'新增地址','','','','admin',0,'/member/user/address/add','','_self',0,50,1),(843,837,'编辑地址','','','','admin',0,'/member/user/address/set','','_self',0,50,1),(844,837,'删除地址','','','','admin',0,'/member/user/address/del','','_self',0,50,1),(845,837,'设为默认','','','','admin',0,'/member/user/address/default','','_self',0,50,1),(846,836,'查询列表','','','','admin',0,'/member/user/withdraw/list','','_self',0,50,1),(847,836,'新增账户','','','','admin',0,'/member/user/withdraw/add','','_self',0,50,1),(848,836,'编辑账户','','','','admin',0,'/member/user/withdraw/set','','_self',0,50,1),(849,836,'删除账户','','','','admin',0,'/member/user/withdraw/del','','_self',0,50,1),(850,818,'问答明细','','','','admin',0,'/member/ask/list/detail','','_self',0,2,1),(851,818,'删除问答','','','','admin',0,'/member/ask/list/del','','_self',0,3,1),(852,818,'查询列表','','','','admin',0,'/member/ask/list/list','','_self',0,1,1),(854,516,'营销首页','','home','','admin',0,'/promotion/index','','_self',1,1,1),(855,516,'优惠劵','','tag','','admin',0,'','','_self',1,3,1),(857,516,'营销中心','','gift','','admin',0,'','','_self',1,2,1),(858,857,'商品折扣','','','下单前对商品的折扣优惠','admin',0,'','','_self',1,50,1),(859,857,'订单促销','','','下单后对订单的促销优惠','admin',0,'','','_self',1,50,1),(860,855,'优惠劵','','','优惠劵的发放与管理','admin',0,'','','_self',1,50,1),(861,855,'优惠劵发放','','','对生成的优惠劵进行发放、导出','admin',0,'','','_self',1,50,1),(865,868,'订单列表','','','订单的常规管理','admin',0,'','','_self',1,3,1),(866,868,'退款日志','','','订单生成退款后的日志','admin',0,'','','_self',1,4,1),(867,515,'订单首页','','home','','admin',0,'/order/index','','_self',1,1,1),(868,515,'订单管理','','archive','','admin',0,'','','_self',1,2,1),(869,515,'售后中心','','fax','','admin',0,'','','_self',1,50,1),(870,869,'售后列表','','','买家申请售后服务','admin',0,'','','_self',1,50,1),(907,414,'获取商品规格列表(可翻页)','','','','api',0,'api/v1/spec/get.goods.spec.page','','_self',0,6,1),(908,218,'获取商品属性列表(可翻页)','','','','api',0,'api/v1/goods_attribute/get.goods.attribute.page','','_self',0,11,1),(947,0,'','','','','',0,'','','_self',0,50,1),(948,679,'test','','','','admin',0,'','','_self',0,50,1),(949,0,'','','','','',0,'','','_self',0,50,1);

/*Table structure for table `ims_message` */

DROP TABLE IF EXISTS `ims_message`;

CREATE TABLE `ims_message` (
  `message_id` int(11) unsigned NOT NULL AUTO_INCREMENT,
  `type` tinyint(1) NOT NULL COMMENT '消息类型(自定义)',
  `member` tinyint(1) NOT NULL DEFAULT '0' COMMENT '0=私有函 1=顾客组 2=管理组',
  `title` varchar(200) CHARACTER SET utf8mb4 COLLATE utf8mb4_unicode_ci NOT NULL COMMENT '标题',
  `content` mediumtext CHARACTER SET utf8mb4 COLLATE utf8mb4_unicode_ci NOT NULL COMMENT '内容',
  `url` varchar(255) CHARACTER SET utf8mb4 COLLATE utf8mb4_unicode_ci NOT NULL DEFAULT '' COMMENT '外部链接',
  `target` enum('_self','_blank') CHARACTER SET utf8mb4 COLLATE utf8mb4_unicode_ci NOT NULL DEFAULT '_self' COMMENT '_self _blank',
  `page_views` int(11) NOT NULL DEFAULT '0' COMMENT '游览量',
  `is_top` tinyint(1) NOT NULL DEFAULT '0' COMMENT '是否置顶 0=否 1=是',
  `status` tinyint(1) NOT NULL DEFAULT '0' COMMENT '0=禁用 1=启用',
  `is_delete` tinyint(1) NOT NULL DEFAULT '0' COMMENT '0=未删 1=已删',
  `create_time` int(11) NOT NULL DEFAULT '0' COMMENT '创建日期',
  `update_time` int(11) NOT NULL DEFAULT '0' COMMENT '更新日期',
  PRIMARY KEY (`message_id`),
  KEY `type` (`type`),
  KEY `is_top` (`is_top`),
  KEY `status` (`status`),
  KEY `is_delete` (`is_delete`),
  KEY `member` (`member`) USING BTREE,
  KEY `create_time` (`create_time`)
) ENGINE=InnoDB AUTO_INCREMENT=123 DEFAULT CHARSET=utf8mb4 COLLATE=utf8mb4_unicode_ci COMMENT='消息管理';

/*Data for the table `ims_message` */

insert  into `ims_message`(`message_id`,`type`,`member`,`title`,`content`,`url`,`target`,`page_views`,`is_top`,`status`,`is_delete`,`create_time`,`update_time`) values (1,1,1,'titleAAA','content','','_self',10,1,1,0,1511763386,1555402749),(2,2,1,'title-2','content','http://www.baidu.com','_blank',4,1,1,0,1511763407,1555402743),(3,0,1,'title-3','content','','_self',0,0,1,0,1511763409,1555427090),(4,0,2,'年后开干！看看同行在悄悄做哪些业务布局？','content','http://www.baidu.com','_self',29,0,1,0,1511763412,1555427098),(5,0,2,'title-5','content','','_self',15,0,0,1,1511763412,1555403744),(6,0,2,'title-6title-6title-6title-6title-6title-6title-6title-6title-6title-6title-6','content','','_self',1,0,0,1,1511763412,1555403666),(7,0,0,'title-7','content','','_self',7,0,0,0,1511770988,1511770988),(8,0,2,'免费商标数据监控已发布，开启注册/续展/监控等一站式服务！','test','','_blank',0,0,0,1,1555395705,1555403694),(9,3,2,'免费商标数据监控已发布，开启注册/续展/监控等一站式服务！','test','','_blank',0,1,1,1,1555395784,1555403694),(10,0,2,'免费商标数据监控已发布，开启注册/续展/监控等一站式服务！','test','','_blank',1,0,1,0,1555395987,1555402737),(11,3,1,'AAA','AAA','','_blank',0,0,1,0,1555396072,1555402354),(12,1,2,'BBB','BBB','www.baidu.com','_blank',0,0,1,1,1555396205,1555403654),(13,3,2,'【0元体验】企业级分布式应用服务EDAS Serverless版，邀你免费公测！','CCC','','_blank',7,0,1,0,1555396240,1555427080),(14,2,2,'DDD','DDD','','_self',0,1,1,1,1555404436,1555427074),(15,0,1,'BBB','BBB','','_blank',0,0,1,0,1555427120,1555427123),(16,3,1,'DDD','<p>抱歉，新手第一次提交PR，不规范的地方请大佬手下留情，轻喷，感谢</p>\n<p><a href=\"https://open.weixin.qq.com/cgi-bin/showdocument?action=dir_list&amp;t=resource/res_list&amp;verify=1&amp;id=open1489140610_Uavc4&amp;token=&amp;lang=zh_CN\" target=\"_blank\" rel=\"nofollow noopener\">微信文档</a></p>\n<h3>文档中</h3>\n<p>5、将第三方提交的代码包提交审核（仅供第三方开发者代小程序调用）</p>\n<p>请求方式: POST（请使用https协议）&nbsp;<br /><code>https://api.weixin.qq.com/wxa/submit_audit?access_token=TOKEN</code></p>\n<p>POST数据示例:</p>\n<pre><code>{\n\n    \"item_list\": [\n\n    {\n\n        \"address\":\"index\",\n\n        \"tag\":\"学习 生活\",\n\n        \"first_class\": \"文娱\",\n\n        \"second_class\": \"资讯\",\n\n        \"first_id\":1,\n\n        \"second_id\":2,\n\n        \"title\": \"首页\"\n\n    }\n\n    {\n\n        \"address\":\"page/logs/logs\",\n\n        \"tag\":\"学习 工作\",\n\n        \"first_class\": \"教育\",\n\n        \"second_class\": \"学历教育\",\n\n        \"third_class\": \"高等\",\n\n        \"first_id\":3,\n\n        \"second_id\":4,\n\n        \"third_id\":5,\n\n        \"title\": \"日志\"\n\n    }\n\n    ],\n\n    \"feedback_info\": \"blablabla\",\n\n    \"feedback_stuff\": \"xx|yy|zz\"\n\n}\n\n</code></pre>\n<p>文档增加了&nbsp;<code>feedback_info&nbsp;</code>和&nbsp;<code>feedback_stuff&nbsp;</code>2个字段。</p>\n<p><a href=\"https://open.weixin.qq.com/cgi-bin/showdocument?action=dir_list&amp;t=resource/res_list&amp;verify=1&amp;id=open1489140610_Uavc4&amp;token=&amp;lang=zh_CN\" target=\"_blank\" rel=\"nofollow noopener\">微信文档</a></p>\n<h3>文档中</h3>\n<p>5、将第三方提交的代码包提交审核（仅供第三方开发者代小程序调用）</p>\n<p>请求方式: POST（请使用https协议）&nbsp;<br /><code>https://api.weixin.qq.com/wxa/submit_audit?access_token=TOKEN</code></p>\n<p>POST数据示例:</p>\n<pre><code>{\n\n    \"item_list\": [\n\n    {\n\n        \"address\":\"index\",\n\n        \"tag\":\"学习 生活\",\n\n        \"first_class\": \"文娱\",\n\n        \"second_class\": \"资讯\",\n\n        \"first_id\":1,\n\n        \"second_id\":2,\n\n        \"title\": \"首页\"\n\n    }\n\n    {\n\n        \"address\":\"page/logs/logs\",\n\n        \"tag\":\"学习 工作\",\n\n        \"first_class\": \"教育\",\n\n        \"second_class\": \"学历教育\",\n\n        \"third_class\": \"高等\",\n\n        \"first_id\":3,\n\n        \"second_id\":4,\n\n        \"third_id\":5,\n\n        \"title\": \"日志\"\n\n    }\n\n    ],\n\n    \"feedback_info\": \"blablabla\",\n\n    \"feedback_stuff\": \"xx|yy|zz\"\n\n}\n\n</code></pre>\n<p>文档增加了&nbsp;<code>feedback_info&nbsp;</code>和&nbsp;<code>feedback_stuff&nbsp;</code>2个字段。</p>\n<hr />\n<h4>You can view, comment on, or merge this pull request online at:</h4>\n<p><a href=\"https://github.com/overtrue/wechat/pull/1514\" target=\"_blank\" rel=\"noopener\">https://github.com/overtrue/wechat/pull/1514</a></p>\n<h4>Commit Summary</h4>\n<ul>\n<li>将第三方提交的代码包提交审核时增加反馈内容字段</li>\n</ul>\n<h4>File Changes</h4>\n<ul>\n<li><strong>M&nbsp;</strong><a href=\"https://github.com/overtrue/wechat/pull/1514/files#diff-0\" target=\"_blank\" rel=\"noopener\">src/OpenPlatform/Authorizer/MiniProgram/Code/Client.php&nbsp;</a>(6)</li>\n</ul>\n<h4>Patch Links:</h4>\n<ul>\n<li><a href=\"https://github.com/overtrue/wechat/pull/1514.patch\" target=\"_blank\" rel=\"noopener\">https://github.com/overtrue/wechat/pull/1514.patch</a></li>\n<li><a href=\"https://github.com/overtrue/wechat/pull/1514.diff\" target=\"_blank\" rel=\"noopener\">https://github.com/overtrue/wechat/pull/1514.diff</a></li>\n</ul>\n<p>&mdash;&nbsp;<br />You are receiving this because you are subscribed to this thread.&nbsp;<br />Reply to this email directly,&nbsp;<a href=\"https://github.com/overtrue/wechat/pull/1514\" target=\"_blank\" rel=\"noopener\">view it on GitHub&nbsp;</a>, or&nbsp;<a href=\"https://github.com/notifications/unsubscribe-auth/AclPcIW1gNb5mC6BM4o75OsBgQlF-46Oks5vcdK5gaJpZM4cVRF2\" target=\"_blank\" rel=\"noopener\">mute the thread&nbsp;</a>.&nbsp;<img src=\"https://github.com/notifications/beacon/AclPcOyX5gEdCObavk1L-D0kByaJq5Hgks5vcdK5gaJpZM4cVRF2.gif\" alt=\"\" width=\"1\" height=\"1\" /></p>','','_blank',0,0,0,0,1555429449,1555469577),(17,2,2,'EEE','EEE','','_blank',0,0,1,1,1555429460,1555470031),(18,3,2,'FFF','<h4 id=\"h4--\">接口描述：</h4>\n<ul>\n<li>获取一条消息(后台)。</li>\n</ul>\n<h4 id=\"h4--url-\"><a class=\"reference-link\" name=\"请求 URL：\"></a>请求 URL：</h4>\n<ul>\n<li><code>http|https://host/api/v1/message/method/get.message.item/</code></li>\n</ul>\n<h4 id=\"h4--\"><a class=\"reference-link\" name=\"请求方式：\"></a>请求方式：</h4>\n<ul>\n<li>GET</li>\n<li>POST</li>\n</ul>\n<h4 id=\"h4--\"><a class=\"reference-link\" name=\"是否授权：\"></a>是否授权：</h4>\n<ul>\n<li>需要授权</li>\n</ul>\n<h4 id=\"h4--\"><a class=\"reference-link\" name=\"业务参数：\"></a>业务参数：</h4>\n<table>\n<thead>\n<tr>\n<th>参数名</th>\n<th>类型</th>\n<th>是否必须</th>\n<th>范围值</th>\n<th>默认值</th>\n<th>示例值</th>\n<th>描述</th>\n</tr>\n</thead>\n<tbody>\n<tr>\n<td>message_id</td>\n<td>integer</td>\n<td>是</td>\n<td>gt:0</td>\n<td>&nbsp;</td>\n<td>8</td>\n<td>消息编号</td>\n</tr>\n</tbody>\n</table>\n<h4 id=\"h4--\"><a class=\"reference-link\" name=\"响应参数：\"></a>响应参数：</h4>\n<table>\n<thead>\n<tr>\n<th>参数名</th>\n<th>类型</th>\n<th>是否返回</th>\n<th>示例值</th>\n<th>描述</th>\n</tr>\n</thead>\n<tbody>\n<tr>\n<td>status</td>\n<td>integer</td>\n<td>是</td>\n<td>200</td>\n<td>状态码</td>\n</tr>\n<tr>\n<td>message</td>\n<td>string</td>\n<td>是</td>\n<td>success</td>\n<td>消息信息</td>\n</tr>\n<tr>\n<td>data</td>\n<td>object</td>\n<td>否</td>\n<td>[]</td>\n<td>返回对象</td>\n</tr>\n</tbody>\n</table>\n<table>\n<thead>\n<tr>\n<th>data</th>\n<th>类型</th>\n<th>是否返回</th>\n<th>示例值</th>\n<th>描述</th>\n</tr>\n</thead>\n<tbody>\n<tr>\n<td>message_id</td>\n<td>integer</td>\n<td>是</td>\n<td>8</td>\n<td>消息编号</td>\n</tr>\n<tr>\n<td>type</td>\n<td>integer</td>\n<td>是</td>\n<td>0</td>\n<td>消息类型(自定义)</td>\n</tr>\n<tr>\n<td>member</td>\n<td>integer</td>\n<td>是</td>\n<td>1</td>\n<td>消息成员组 1=顾客组 2=管理组</td>\n</tr>\n<tr>\n<td>title</td>\n<td>string</td>\n<td>是</td>\n<td>活动公告</td>\n<td>消息标题</td>\n</tr>\n<tr>\n<td>content</td>\n<td>string</td>\n<td>是</td>\n<td>活动内容</td>\n<td>消息内容</td>\n</tr>\n<tr>\n<td>url</td>\n<td>string</td>\n<td>是</td>\n<td><a href=\"http://careyshop.cn/\" target=\"_blank\" rel=\"noopener\">http://careyshop.cn</a></td>\n<td>外部链接</td>\n</tr>\n<tr>\n<td>target</td>\n<td>string</td>\n<td>是</td>\n<td>_blank</td>\n<td>打开方式</td>\n</tr>\n<tr>\n<td>page_views</td>\n<td>integer</td>\n<td>是</td>\n<td>0</td>\n<td>游览量</td>\n</tr>\n<tr>\n<td>is_top</td>\n<td>integer</td>\n<td>是</td>\n<td>0</td>\n<td>是否置顶 0=否 1=是</td>\n</tr>\n<tr>\n<td>status</td>\n<td>integer</td>\n<td>是</td>\n<td>1</td>\n<td>消息状态 0=禁用 1=启用</td>\n</tr>\n<tr>\n<td>create_time</td>\n<td>datetime</td>\n<td>是</td>\n<td>2018-06-06 22:49:59</td>\n<td>创建时间</td>\n</tr>\n<tr>\n<td>update_time</td>\n<td>datetime</td>\n<td>是</td>\n<td>2018-06-06 22:49:59</td>\n<td>更新时间</td>\n</tr>\n</tbody>\n</table>\n<h4 id=\"h4--\"><a class=\"reference-link\" name=\"响应示例：\"></a>响应示例：</h4>\n<ol class=\"linenums\">\n<li class=\"L0\"><code class=\"lang-json\"><span class=\"pun\">{</span></code></li>\n<li class=\"L1\"><code class=\"lang-json\">  <span class=\"str\">\"status\"</span><span class=\"pun\">:</span> <span class=\"lit\">200</span><span class=\"pun\">,</span></code></li>\n<li class=\"L2\"><code class=\"lang-json\">  <span class=\"str\">\"message\"</span><span class=\"pun\">:</span> <span class=\"str\">\"success\"</span><span class=\"pun\">,</span></code></li>\n<li class=\"L3\"><code class=\"lang-json\">  <span class=\"str\">\"data\"</span><span class=\"pun\">:</span> <span class=\"pun\">{</span></code></li>\n<li class=\"L4\"><code class=\"lang-json\">    <span class=\"str\">\"message_id\"</span><span class=\"pun\">:</span> <span class=\"lit\">8</span><span class=\"pun\">,</span></code></li>\n<li class=\"L5\"><code class=\"lang-json\">    <span class=\"str\">\"type\"</span><span class=\"pun\">:</span> <span class=\"lit\">0</span><span class=\"pun\">,</span></code></li>\n<li class=\"L6\"><code class=\"lang-json\">    <span class=\"str\">\"member\"</span><span class=\"pun\">:</span> <span class=\"lit\">1</span><span class=\"pun\">,</span></code></li>\n<li class=\"L7\"><code class=\"lang-json\">    <span class=\"str\">\"title\"</span><span class=\"pun\">:</span> <span class=\"str\">\"活动公告\"</span><span class=\"pun\">,</span></code></li>\n<li class=\"L8\"><code class=\"lang-json\">    <span class=\"str\">\"content\"</span><span class=\"pun\">:</span> <span class=\"str\">\"活动内容\"</span><span class=\"pun\">,</span></code></li>\n<li class=\"L9\"><code class=\"lang-json\">    <span class=\"str\">\"url\"</span><span class=\"pun\">:</span> <span class=\"str\">\"http://careyshop.cn\"</span><span class=\"pun\">,</span></code></li>\n<li class=\"L0\"><code class=\"lang-json\">    <span class=\"str\">\"target\"</span><span class=\"pun\">:</span> <span class=\"str\">\"_blank\"</span><span class=\"pun\">,</span></code></li>\n<li class=\"L1\"><code class=\"lang-json\">    <span class=\"str\">\"page_views\"</span><span class=\"pun\">:</span> <span class=\"lit\">0</span><span class=\"pun\">,</span></code></li>\n<li class=\"L2\"><code class=\"lang-json\">    <span class=\"str\">\"is_top\"</span><span class=\"pun\">:</span> <span class=\"lit\">0</span><span class=\"pun\">,</span></code></li>\n<li class=\"L3\"><code class=\"lang-json\">    <span class=\"str\">\"status\"</span><span class=\"pun\">:</span> <span class=\"lit\">1</span><span class=\"pun\">,</span></code></li>\n<li class=\"L4\"><code class=\"lang-json\">    <span class=\"str\">\"create_time\"</span><span class=\"pun\">:</span> <span class=\"str\">\"2018-06-06 22:49:59\"</span><span class=\"pun\">,</span></code></li>\n<li class=\"L5\"><code class=\"lang-json\">    <span class=\"str\">\"update_time\"</span><span class=\"pun\">:</span> <span class=\"str\">\"2018-06-06 23:16:52\"</span></code></li>\n<li class=\"L6\"><code class=\"lang-json\">  <span class=\"pun\">}</span></code></li>\n<li class=\"L7\"><code class=\"lang-json\"><span class=\"pun\">}</span></code></li>\n</ol>\n<h4 id=\"h4--\"><a class=\"reference-link\" name=\"备注:\"></a>备注:</h4>\n<ol>\n<li>当<code>url</code>存在值表示跳转到某个地址，<code>target</code>表示目标打开方式。</li>\n</ol>','','_blank',0,1,0,1,1555429519,1555470254),(19,2,1,'纳网13周年庆钜惠来袭，域名享1元，主机建站1折起','<img src=\"http://image.idosend.com/fkImages/13082/Image/137_01.jpg\" width=\"700\" height=\"284\" />&nbsp;<a href=\"http://image.idosend.com/t/dd71037f/9f7e/4cc8/b57a/82ed895aa9a6/2954558-564378.html\" target=\"_blank\" rel=\"noopener\"><img src=\"http://image.idosend.com/fkImages/13082/Image/137_03.jpg\" width=\"651\" height=\"319\" /></a>&nbsp;&nbsp;<a href=\"http://image.idosend.com/t/1722ba26/fc65/4fee/aba9/af2a49cd95fc/2954558-564378.html\" target=\"_blank\" rel=\"noopener\"><img src=\"http://image.idosend.com/fkImages/13082/Image/137_06.jpg\" width=\"651\" height=\"290\" /></a>&nbsp;<a href=\"http://image.idosend.com/t/16cb48d1/9806/4c3e/b4f3/32ef01c8afbc/2954558-564378.html\" target=\"_blank\" rel=\"noopener\"><img src=\"http://image.idosend.com/fkImages/13082/Image/137_08.jpg\" width=\"651\" height=\"250\" /></a>&nbsp;<img src=\"http://image.idosend.com/fkImages/13082/Image/137_10.jpg\" width=\"700\" height=\"111\" />','','_blank',0,0,0,1,1555470096,1555470247),(20,0,2,'奔驰维权女车主和西安利之星4S店达成和解协议','<p>【消费者购买奔驰新车遭遇发动机漏油最新进展：当事双方已达成和解】4月16日晚， W女士（化名）和西安利之星汽车有限公司达成换车补偿等和解协议。</p>\n<p>此外，记者从西安高新区市场监管部门了解到，涉事车辆有关质量问题已进入鉴定程序，该事件涉及的涉嫌违法违规问题，仍将依法依规进行调查处理，结果将及时向社会公布。同时，根据省市部署，将继续开展汽车销售市场经营行为专项整治工作，依法依规净化市场环境、保护消费者合法权益。</p>\n<p><a href=\"https://c.m.163.com/news/s/S1555048489505.html\" target=\"_blank\" rel=\"noopener\">进入专题&gt;&gt;</a></p>\n<p>&nbsp;</p>\n<div class=\"special_tag_wrap\">\n<div class=\"special_tag special_tag_tj\">\n<div class=\"special_tag_ttl\">延伸 &middot; 推荐</div>\n<div class=\"special_tag_cnt\">\n<p><a href=\"https://news.163.com/19/0417/00/ECU57GGU0001899O.html\" target=\"_blank\" rel=\"noopener\">奔驰女车主与4s店和解：换新车退还金融服务费</a></p>\n<p>16日晚，北青报记者从西安市市场监督管理局高新分局刘副局长处获悉，当晚，维权的奔驰车主王女士和西安利之星汽车有限公司已达成换车、补偿等和解协议。</p>\n</div>\n</div>\n</div>\n<p>&nbsp;</p>\n<p>&nbsp;</p>\n<div class=\"special_tag_wrap\">\n<div class=\"special_tag special_tag_hg\">\n<div class=\"special_tag_ttl\">延伸 &middot; 回顾</div>\n<div class=\"special_tag_cnt\">\n<p><a href=\"https://news.163.com/19/0416/21/ECTORA1F0001899O.html\" target=\"_blank\" rel=\"noopener\">奔驰车主维权调查:利之星收3%服务费获利2/3</a></p>\n<p>据税务部门的工作人员介绍，车主所交的&ldquo;金融服务费&rdquo;，实际上是第三方陕西元胜公司派驻在西安利之星4S店的工作人员收取的。</p>\n<p><a href=\"https://news.163.com/19/0416/18/ECTGEMV40001899O.html\" target=\"_self\">奔驰公司:已与车主沟通 将暂停涉事授权店销售运营</a></p>\n<p>针对西安奔驰车漏油、车主维权一事，4月16日下午，北京梅赛德斯-奔驰销售服务有限公司发布情况说明。表示将对相关经销商的经营合规性展开调查。结果明确前，该授权店的销售运营将暂停，立即执行。</p>\n</div>\n</div>\n</div>\n<p class=\"f_center\"><img src=\"http://cms-bucket.ws.126.net/2019/04/17/1f7692db33f6484696660f9d5de82808.jpeg?imageView&amp;thumbnail=550x0\" alt=\"奔驰维权女车主和西安利之星4S店达成和解协议\" /></p>','','_blank',0,0,1,0,1555470175,1555678321),(21,2,2,'免费商标数据监控已发布，开启注册/续展/监控等一站式服务！','<center>免费商标数据监控服务已发布，来阿里云开启您的品牌全面保护！</center>\n<p>&nbsp;</p>\n<p>&nbsp;</p>\n<center>享受注册、续展和监控等一站式在线服务，实时掌握申请进度。</center>\n<p>&nbsp;</p>\n<p>&nbsp;</p>\n<center><a href=\"https://tm.aliyun.com/?&amp;msctype=pmsg&amp;mscareaid=cn&amp;mscsiteid=cn&amp;mscmsgid=6970119011500152429&amp;&amp;spm=a2c4n.12497607.zh-cnc.1&amp;#/\" target=\"_blank\" rel=\"noopener\">点击</a>立即体验最快1分钟极速申报服务。</center><br />\n<p data-spm-anchor-id=\"5176.2020520130.105.i1.7d1b697bJMkXXl\"><img src=\"https://img.alicdn.com/tfs/TB17vTjBPDpK1RjSZFrXXa78VXa-800-326.jpg\" />&nbsp;<img src=\"https://img.alicdn.com/tfs/TB1FETrBHvpK1RjSZPiXXbmwXXa-800-233.jpg\" /></p>','','_blank',21,1,1,0,1555678416,1555678416),(22,2,2,'【老用户专享】新购满500元即可享满返代金券','<a href=\"https://promotion.aliyun.com/ntms/act/memberBenefits.html?&amp;msctype=pmsg&amp;mscareaid=cn&amp;mscsiteid=cn&amp;mscmsgid=7040119011001076350&amp;&amp;spm=a2c4n.12479315.zh-cnc.1&amp;\"><img src=\"https://img.alicdn.com/tfs/TB1oX6SAMHqK1RjSZFkXXX.WFXa-799-1111.png\" alt=\"\" /></a>','','_blank',0,1,1,1,1555678463,1555678500),(23,2,2,'【老用户专享】新购满500元即可享满返代金券','<a href=\"https://promotion.aliyun.com/ntms/act/memberBenefits.html?&amp;msctype=pmsg&amp;mscareaid=cn&amp;mscsiteid=cn&amp;mscmsgid=7040119011001076350&amp;&amp;spm=a2c4n.12479315.zh-cnc.1&amp;\"><img src=\"https://img.alicdn.com/tfs/TB1oX6SAMHqK1RjSZFkXXX.WFXa-799-1111.png\" alt=\"\" /></a>','','_blank',0,0,1,0,1555678519,1555678524),(24,0,2,'知道同行在悄悄注册这些商标布局未来吗？','<img src=\"https://img.alicdn.com/tfs/TB17vTjBPDpK1RjSZFrXXa78VXa-800-326.jpg\" />&nbsp;<img src=\"https://img.alicdn.com/tfs/TB1FETrBHvpK1RjSZPiXXbmwXXa-800-233.jpg\" />','','_blank',0,0,1,1,1555682527,1555682540),(25,0,2,'知道同行在悄悄注册这些商标布局未来吗？','<img src=\"https://img.alicdn.com/tfs/TB17vTjBPDpK1RjSZFrXXa78VXa-800-326.jpg\" />&nbsp;<img src=\"https://img.alicdn.com/tfs/TB1FETrBHvpK1RjSZPiXXbmwXXa-800-233.jpg\" />','','_blank',39,1,1,0,1555682559,1555682559),(26,0,2,'年后开干！看看同行在悄悄做哪些业务布局？','content','http://www.baidu.com','_self',29,0,1,0,1511763412,1555427098),(27,0,2,'免费商标数据监控已发布，开启注册/续展/监控等一站式服务！','test','','_blank',0,0,0,1,1555395705,1555403694),(28,3,2,'免费商标数据监控已发布，开启注册/续展/监控等一站式服务！','test','','_blank',0,1,1,1,1555395784,1555403694),(29,0,2,'免费商标数据监控已发布，开启注册/续展/监控等一站式服务！','test','','_blank',0,0,1,0,1555395987,1555402737),(30,3,2,'【0元体验】企业级分布式应用服务EDAS Serverless版，邀你免费公测！','CCC','','_blank',6,0,1,0,1555396240,1555427080),(31,2,1,'纳网13周年庆钜惠来袭，域名享1元，主机建站1折起','<img src=\"http://image.idosend.com/fkImages/13082/Image/137_01.jpg\" width=\"700\" height=\"284\" />&nbsp;<a href=\"http://image.idosend.com/t/dd71037f/9f7e/4cc8/b57a/82ed895aa9a6/2954558-564378.html\" target=\"_blank\" rel=\"noopener\"><img src=\"http://image.idosend.com/fkImages/13082/Image/137_03.jpg\" width=\"651\" height=\"319\" /></a>&nbsp;&nbsp;<a href=\"http://image.idosend.com/t/1722ba26/fc65/4fee/aba9/af2a49cd95fc/2954558-564378.html\" target=\"_blank\" rel=\"noopener\"><img src=\"http://image.idosend.com/fkImages/13082/Image/137_06.jpg\" width=\"651\" height=\"290\" /></a>&nbsp;<a href=\"http://image.idosend.com/t/16cb48d1/9806/4c3e/b4f3/32ef01c8afbc/2954558-564378.html\" target=\"_blank\" rel=\"noopener\"><img src=\"http://image.idosend.com/fkImages/13082/Image/137_08.jpg\" width=\"651\" height=\"250\" /></a>&nbsp;<img src=\"http://image.idosend.com/fkImages/13082/Image/137_10.jpg\" width=\"700\" height=\"111\" />','','_blank',0,0,0,1,1555470096,1555470247),(32,0,2,'奔驰维权女车主和西安利之星4S店达成和解协议','<p>【消费者购买奔驰新车遭遇发动机漏油最新进展：当事双方已达成和解】4月16日晚， W女士（化名）和西安利之星汽车有限公司达成换车补偿等和解协议。</p>\n<p>此外，记者从西安高新区市场监管部门了解到，涉事车辆有关质量问题已进入鉴定程序，该事件涉及的涉嫌违法违规问题，仍将依法依规进行调查处理，结果将及时向社会公布。同时，根据省市部署，将继续开展汽车销售市场经营行为专项整治工作，依法依规净化市场环境、保护消费者合法权益。</p>\n<p><a href=\"https://c.m.163.com/news/s/S1555048489505.html\" target=\"_blank\" rel=\"noopener\">进入专题&gt;&gt;</a></p>\n<p>&nbsp;</p>\n<div class=\"special_tag_wrap\">\n<div class=\"special_tag special_tag_tj\">\n<div class=\"special_tag_ttl\">延伸 &middot; 推荐</div>\n<div class=\"special_tag_cnt\">\n<p><a href=\"https://news.163.com/19/0417/00/ECU57GGU0001899O.html\" target=\"_blank\" rel=\"noopener\">奔驰女车主与4s店和解：换新车退还金融服务费</a></p>\n<p>16日晚，北青报记者从西安市市场监督管理局高新分局刘副局长处获悉，当晚，维权的奔驰车主王女士和西安利之星汽车有限公司已达成换车、补偿等和解协议。</p>\n</div>\n</div>\n</div>\n<p>&nbsp;</p>\n<p>&nbsp;</p>\n<div class=\"special_tag_wrap\">\n<div class=\"special_tag special_tag_hg\">\n<div class=\"special_tag_ttl\">延伸 &middot; 回顾</div>\n<div class=\"special_tag_cnt\">\n<p><a href=\"https://news.163.com/19/0416/21/ECTORA1F0001899O.html\" target=\"_blank\" rel=\"noopener\">奔驰车主维权调查:利之星收3%服务费获利2/3</a></p>\n<p>据税务部门的工作人员介绍，车主所交的&ldquo;金融服务费&rdquo;，实际上是第三方陕西元胜公司派驻在西安利之星4S店的工作人员收取的。</p>\n<p><a href=\"https://news.163.com/19/0416/18/ECTGEMV40001899O.html\" target=\"_self\">奔驰公司:已与车主沟通 将暂停涉事授权店销售运营</a></p>\n<p>针对西安奔驰车漏油、车主维权一事，4月16日下午，北京梅赛德斯-奔驰销售服务有限公司发布情况说明。表示将对相关经销商的经营合规性展开调查。结果明确前，该授权店的销售运营将暂停，立即执行。</p>\n</div>\n</div>\n</div>\n<p class=\"f_center\"><img src=\"http://cms-bucket.ws.126.net/2019/04/17/1f7692db33f6484696660f9d5de82808.jpeg?imageView&amp;thumbnail=550x0\" alt=\"奔驰维权女车主和西安利之星4S店达成和解协议\" /></p>','','_blank',0,0,1,0,1555470175,1555678321),(33,0,2,'年后开干！看看同行在悄悄做哪些业务布局？','content','http://www.baidu.com','_self',29,0,1,0,1511763412,1555427098),(34,0,2,'免费商标数据监控已发布，开启注册/续展/监控等一站式服务！','test','','_blank',0,0,0,1,1555395705,1555403694),(35,3,2,'免费商标数据监控已发布，开启注册/续展/监控等一站式服务！','test','','_blank',0,1,1,1,1555395784,1555403694),(36,0,2,'免费商标数据监控已发布，开启注册/续展/监控等一站式服务！','test','','_blank',0,0,1,0,1555395987,1555402737),(37,3,2,'【0元体验】企业级分布式应用服务EDAS Serverless版，邀你免费公测！','CCC','','_blank',6,0,1,0,1555396240,1555427080),(38,2,1,'纳网13周年庆钜惠来袭，域名享1元，主机建站1折起','<img src=\"http://image.idosend.com/fkImages/13082/Image/137_01.jpg\" width=\"700\" height=\"284\" />&nbsp;<a href=\"http://image.idosend.com/t/dd71037f/9f7e/4cc8/b57a/82ed895aa9a6/2954558-564378.html\" target=\"_blank\" rel=\"noopener\"><img src=\"http://image.idosend.com/fkImages/13082/Image/137_03.jpg\" width=\"651\" height=\"319\" /></a>&nbsp;&nbsp;<a href=\"http://image.idosend.com/t/1722ba26/fc65/4fee/aba9/af2a49cd95fc/2954558-564378.html\" target=\"_blank\" rel=\"noopener\"><img src=\"http://image.idosend.com/fkImages/13082/Image/137_06.jpg\" width=\"651\" height=\"290\" /></a>&nbsp;<a href=\"http://image.idosend.com/t/16cb48d1/9806/4c3e/b4f3/32ef01c8afbc/2954558-564378.html\" target=\"_blank\" rel=\"noopener\"><img src=\"http://image.idosend.com/fkImages/13082/Image/137_08.jpg\" width=\"651\" height=\"250\" /></a>&nbsp;<img src=\"http://image.idosend.com/fkImages/13082/Image/137_10.jpg\" width=\"700\" height=\"111\" />','','_blank',0,0,0,1,1555470096,1555470247),(39,0,2,'奔驰维权女车主和西安利之星4S店达成和解协议','<p>【消费者购买奔驰新车遭遇发动机漏油最新进展：当事双方已达成和解】4月16日晚， W女士（化名）和西安利之星汽车有限公司达成换车补偿等和解协议。</p>\n<p>此外，记者从西安高新区市场监管部门了解到，涉事车辆有关质量问题已进入鉴定程序，该事件涉及的涉嫌违法违规问题，仍将依法依规进行调查处理，结果将及时向社会公布。同时，根据省市部署，将继续开展汽车销售市场经营行为专项整治工作，依法依规净化市场环境、保护消费者合法权益。</p>\n<p><a href=\"https://c.m.163.com/news/s/S1555048489505.html\" target=\"_blank\" rel=\"noopener\">进入专题&gt;&gt;</a></p>\n<p>&nbsp;</p>\n<div class=\"special_tag_wrap\">\n<div class=\"special_tag special_tag_tj\">\n<div class=\"special_tag_ttl\">延伸 &middot; 推荐</div>\n<div class=\"special_tag_cnt\">\n<p><a href=\"https://news.163.com/19/0417/00/ECU57GGU0001899O.html\" target=\"_blank\" rel=\"noopener\">奔驰女车主与4s店和解：换新车退还金融服务费</a></p>\n<p>16日晚，北青报记者从西安市市场监督管理局高新分局刘副局长处获悉，当晚，维权的奔驰车主王女士和西安利之星汽车有限公司已达成换车、补偿等和解协议。</p>\n</div>\n</div>\n</div>\n<p>&nbsp;</p>\n<p>&nbsp;</p>\n<div class=\"special_tag_wrap\">\n<div class=\"special_tag special_tag_hg\">\n<div class=\"special_tag_ttl\">延伸 &middot; 回顾</div>\n<div class=\"special_tag_cnt\">\n<p><a href=\"https://news.163.com/19/0416/21/ECTORA1F0001899O.html\" target=\"_blank\" rel=\"noopener\">奔驰车主维权调查:利之星收3%服务费获利2/3</a></p>\n<p>据税务部门的工作人员介绍，车主所交的&ldquo;金融服务费&rdquo;，实际上是第三方陕西元胜公司派驻在西安利之星4S店的工作人员收取的。</p>\n<p><a href=\"https://news.163.com/19/0416/18/ECTGEMV40001899O.html\" target=\"_self\">奔驰公司:已与车主沟通 将暂停涉事授权店销售运营</a></p>\n<p>针对西安奔驰车漏油、车主维权一事，4月16日下午，北京梅赛德斯-奔驰销售服务有限公司发布情况说明。表示将对相关经销商的经营合规性展开调查。结果明确前，该授权店的销售运营将暂停，立即执行。</p>\n</div>\n</div>\n</div>\n<p class=\"f_center\"><img src=\"http://cms-bucket.ws.126.net/2019/04/17/1f7692db33f6484696660f9d5de82808.jpeg?imageView&amp;thumbnail=550x0\" alt=\"奔驰维权女车主和西安利之星4S店达成和解协议\" /></p>','','_blank',0,0,1,0,1555470175,1555678321),(40,0,2,'年后开干！看看同行在悄悄做哪些业务布局？','content','http://www.baidu.com','_self',29,0,1,0,1511763412,1555427098),(41,0,2,'免费商标数据监控已发布，开启注册/续展/监控等一站式服务！','test','','_blank',0,0,0,1,1555395705,1555403694),(42,3,2,'免费商标数据监控已发布，开启注册/续展/监控等一站式服务！','test','','_blank',0,1,1,1,1555395784,1555403694),(43,0,2,'免费商标数据监控已发布，开启注册/续展/监控等一站式服务！','test','','_blank',0,0,1,0,1555395987,1555402737),(44,3,2,'【0元体验】企业级分布式应用服务EDAS Serverless版，邀你免费公测！','CCC','','_blank',6,0,1,0,1555396240,1555427080),(45,2,1,'纳网13周年庆钜惠来袭，域名享1元，主机建站1折起','<img src=\"http://image.idosend.com/fkImages/13082/Image/137_01.jpg\" width=\"700\" height=\"284\" />&nbsp;<a href=\"http://image.idosend.com/t/dd71037f/9f7e/4cc8/b57a/82ed895aa9a6/2954558-564378.html\" target=\"_blank\" rel=\"noopener\"><img src=\"http://image.idosend.com/fkImages/13082/Image/137_03.jpg\" width=\"651\" height=\"319\" /></a>&nbsp;&nbsp;<a href=\"http://image.idosend.com/t/1722ba26/fc65/4fee/aba9/af2a49cd95fc/2954558-564378.html\" target=\"_blank\" rel=\"noopener\"><img src=\"http://image.idosend.com/fkImages/13082/Image/137_06.jpg\" width=\"651\" height=\"290\" /></a>&nbsp;<a href=\"http://image.idosend.com/t/16cb48d1/9806/4c3e/b4f3/32ef01c8afbc/2954558-564378.html\" target=\"_blank\" rel=\"noopener\"><img src=\"http://image.idosend.com/fkImages/13082/Image/137_08.jpg\" width=\"651\" height=\"250\" /></a>&nbsp;<img src=\"http://image.idosend.com/fkImages/13082/Image/137_10.jpg\" width=\"700\" height=\"111\" />','','_blank',0,0,0,1,1555470096,1555470247),(46,0,2,'奔驰维权女车主和西安利之星4S店达成和解协议','<p>【消费者购买奔驰新车遭遇发动机漏油最新进展：当事双方已达成和解】4月16日晚， W女士（化名）和西安利之星汽车有限公司达成换车补偿等和解协议。</p>\n<p>此外，记者从西安高新区市场监管部门了解到，涉事车辆有关质量问题已进入鉴定程序，该事件涉及的涉嫌违法违规问题，仍将依法依规进行调查处理，结果将及时向社会公布。同时，根据省市部署，将继续开展汽车销售市场经营行为专项整治工作，依法依规净化市场环境、保护消费者合法权益。</p>\n<p><a href=\"https://c.m.163.com/news/s/S1555048489505.html\" target=\"_blank\" rel=\"noopener\">进入专题&gt;&gt;</a></p>\n<p>&nbsp;</p>\n<div class=\"special_tag_wrap\">\n<div class=\"special_tag special_tag_tj\">\n<div class=\"special_tag_ttl\">延伸 &middot; 推荐</div>\n<div class=\"special_tag_cnt\">\n<p><a href=\"https://news.163.com/19/0417/00/ECU57GGU0001899O.html\" target=\"_blank\" rel=\"noopener\">奔驰女车主与4s店和解：换新车退还金融服务费</a></p>\n<p>16日晚，北青报记者从西安市市场监督管理局高新分局刘副局长处获悉，当晚，维权的奔驰车主王女士和西安利之星汽车有限公司已达成换车、补偿等和解协议。</p>\n</div>\n</div>\n</div>\n<p>&nbsp;</p>\n<p>&nbsp;</p>\n<div class=\"special_tag_wrap\">\n<div class=\"special_tag special_tag_hg\">\n<div class=\"special_tag_ttl\">延伸 &middot; 回顾</div>\n<div class=\"special_tag_cnt\">\n<p><a href=\"https://news.163.com/19/0416/21/ECTORA1F0001899O.html\" target=\"_blank\" rel=\"noopener\">奔驰车主维权调查:利之星收3%服务费获利2/3</a></p>\n<p>据税务部门的工作人员介绍，车主所交的&ldquo;金融服务费&rdquo;，实际上是第三方陕西元胜公司派驻在西安利之星4S店的工作人员收取的。</p>\n<p><a href=\"https://news.163.com/19/0416/18/ECTGEMV40001899O.html\" target=\"_self\">奔驰公司:已与车主沟通 将暂停涉事授权店销售运营</a></p>\n<p>针对西安奔驰车漏油、车主维权一事，4月16日下午，北京梅赛德斯-奔驰销售服务有限公司发布情况说明。表示将对相关经销商的经营合规性展开调查。结果明确前，该授权店的销售运营将暂停，立即执行。</p>\n</div>\n</div>\n</div>\n<p class=\"f_center\"><img src=\"http://cms-bucket.ws.126.net/2019/04/17/1f7692db33f6484696660f9d5de82808.jpeg?imageView&amp;thumbnail=550x0\" alt=\"奔驰维权女车主和西安利之星4S店达成和解协议\" /></p>','','_blank',0,0,1,0,1555470175,1555678321),(47,0,2,'年后开干！看看同行在悄悄做哪些业务布局？','content','http://www.baidu.com','_self',29,0,1,0,1511763412,1555427098),(48,0,2,'免费商标数据监控已发布，开启注册/续展/监控等一站式服务！','test','','_blank',0,0,0,1,1555395705,1555403694),(49,3,2,'免费商标数据监控已发布，开启注册/续展/监控等一站式服务！','test','','_blank',0,1,1,1,1555395784,1555403694),(50,0,2,'免费商标数据监控已发布，开启注册/续展/监控等一站式服务！','test','','_blank',0,0,1,0,1555395987,1555402737),(51,3,2,'【0元体验】企业级分布式应用服务EDAS Serverless版，邀你免费公测！','CCC','','_blank',6,0,1,0,1555396240,1555427080),(52,2,1,'纳网13周年庆钜惠来袭，域名享1元，主机建站1折起','<img src=\"http://image.idosend.com/fkImages/13082/Image/137_01.jpg\" width=\"700\" height=\"284\" />&nbsp;<a href=\"http://image.idosend.com/t/dd71037f/9f7e/4cc8/b57a/82ed895aa9a6/2954558-564378.html\" target=\"_blank\" rel=\"noopener\"><img src=\"http://image.idosend.com/fkImages/13082/Image/137_03.jpg\" width=\"651\" height=\"319\" /></a>&nbsp;&nbsp;<a href=\"http://image.idosend.com/t/1722ba26/fc65/4fee/aba9/af2a49cd95fc/2954558-564378.html\" target=\"_blank\" rel=\"noopener\"><img src=\"http://image.idosend.com/fkImages/13082/Image/137_06.jpg\" width=\"651\" height=\"290\" /></a>&nbsp;<a href=\"http://image.idosend.com/t/16cb48d1/9806/4c3e/b4f3/32ef01c8afbc/2954558-564378.html\" target=\"_blank\" rel=\"noopener\"><img src=\"http://image.idosend.com/fkImages/13082/Image/137_08.jpg\" width=\"651\" height=\"250\" /></a>&nbsp;<img src=\"http://image.idosend.com/fkImages/13082/Image/137_10.jpg\" width=\"700\" height=\"111\" />','','_blank',0,0,0,1,1555470096,1555470247),(53,0,2,'奔驰维权女车主和西安利之星4S店达成和解协议','<p>【消费者购买奔驰新车遭遇发动机漏油最新进展：当事双方已达成和解】4月16日晚， W女士（化名）和西安利之星汽车有限公司达成换车补偿等和解协议。</p>\n<p>此外，记者从西安高新区市场监管部门了解到，涉事车辆有关质量问题已进入鉴定程序，该事件涉及的涉嫌违法违规问题，仍将依法依规进行调查处理，结果将及时向社会公布。同时，根据省市部署，将继续开展汽车销售市场经营行为专项整治工作，依法依规净化市场环境、保护消费者合法权益。</p>\n<p><a href=\"https://c.m.163.com/news/s/S1555048489505.html\" target=\"_blank\" rel=\"noopener\">进入专题&gt;&gt;</a></p>\n<p>&nbsp;</p>\n<div class=\"special_tag_wrap\">\n<div class=\"special_tag special_tag_tj\">\n<div class=\"special_tag_ttl\">延伸 &middot; 推荐</div>\n<div class=\"special_tag_cnt\">\n<p><a href=\"https://news.163.com/19/0417/00/ECU57GGU0001899O.html\" target=\"_blank\" rel=\"noopener\">奔驰女车主与4s店和解：换新车退还金融服务费</a></p>\n<p>16日晚，北青报记者从西安市市场监督管理局高新分局刘副局长处获悉，当晚，维权的奔驰车主王女士和西安利之星汽车有限公司已达成换车、补偿等和解协议。</p>\n</div>\n</div>\n</div>\n<p>&nbsp;</p>\n<p>&nbsp;</p>\n<div class=\"special_tag_wrap\">\n<div class=\"special_tag special_tag_hg\">\n<div class=\"special_tag_ttl\">延伸 &middot; 回顾</div>\n<div class=\"special_tag_cnt\">\n<p><a href=\"https://news.163.com/19/0416/21/ECTORA1F0001899O.html\" target=\"_blank\" rel=\"noopener\">奔驰车主维权调查:利之星收3%服务费获利2/3</a></p>\n<p>据税务部门的工作人员介绍，车主所交的&ldquo;金融服务费&rdquo;，实际上是第三方陕西元胜公司派驻在西安利之星4S店的工作人员收取的。</p>\n<p><a href=\"https://news.163.com/19/0416/18/ECTGEMV40001899O.html\" target=\"_self\">奔驰公司:已与车主沟通 将暂停涉事授权店销售运营</a></p>\n<p>针对西安奔驰车漏油、车主维权一事，4月16日下午，北京梅赛德斯-奔驰销售服务有限公司发布情况说明。表示将对相关经销商的经营合规性展开调查。结果明确前，该授权店的销售运营将暂停，立即执行。</p>\n</div>\n</div>\n</div>\n<p class=\"f_center\"><img src=\"http://cms-bucket.ws.126.net/2019/04/17/1f7692db33f6484696660f9d5de82808.jpeg?imageView&amp;thumbnail=550x0\" alt=\"奔驰维权女车主和西安利之星4S店达成和解协议\" /></p>','','_blank',0,0,1,0,1555470175,1555678321),(54,0,2,'年后开干！看看同行在悄悄做哪些业务布局？','content','http://www.baidu.com','_self',29,0,1,0,1511763412,1555427098),(55,0,2,'免费商标数据监控已发布，开启注册/续展/监控等一站式服务！','test','','_blank',0,0,0,1,1555395705,1555403694),(56,3,2,'免费商标数据监控已发布，开启注册/续展/监控等一站式服务！','test','','_blank',0,1,1,1,1555395784,1555403694),(57,0,2,'免费商标数据监控已发布，开启注册/续展/监控等一站式服务！','test','','_blank',0,0,1,0,1555395987,1555402737),(58,3,2,'【0元体验】企业级分布式应用服务EDAS Serverless版，邀你免费公测！','CCC','','_blank',6,0,1,0,1555396240,1555427080),(59,2,1,'纳网13周年庆钜惠来袭，域名享1元，主机建站1折起','<img src=\"http://image.idosend.com/fkImages/13082/Image/137_01.jpg\" width=\"700\" height=\"284\" />&nbsp;<a href=\"http://image.idosend.com/t/dd71037f/9f7e/4cc8/b57a/82ed895aa9a6/2954558-564378.html\" target=\"_blank\" rel=\"noopener\"><img src=\"http://image.idosend.com/fkImages/13082/Image/137_03.jpg\" width=\"651\" height=\"319\" /></a>&nbsp;&nbsp;<a href=\"http://image.idosend.com/t/1722ba26/fc65/4fee/aba9/af2a49cd95fc/2954558-564378.html\" target=\"_blank\" rel=\"noopener\"><img src=\"http://image.idosend.com/fkImages/13082/Image/137_06.jpg\" width=\"651\" height=\"290\" /></a>&nbsp;<a href=\"http://image.idosend.com/t/16cb48d1/9806/4c3e/b4f3/32ef01c8afbc/2954558-564378.html\" target=\"_blank\" rel=\"noopener\"><img src=\"http://image.idosend.com/fkImages/13082/Image/137_08.jpg\" width=\"651\" height=\"250\" /></a>&nbsp;<img src=\"http://image.idosend.com/fkImages/13082/Image/137_10.jpg\" width=\"700\" height=\"111\" />','','_blank',0,0,0,1,1555470096,1555470247),(60,0,2,'奔驰维权女车主和西安利之星4S店达成和解协议','<p>【消费者购买奔驰新车遭遇发动机漏油最新进展：当事双方已达成和解】4月16日晚， W女士（化名）和西安利之星汽车有限公司达成换车补偿等和解协议。</p>\n<p>此外，记者从西安高新区市场监管部门了解到，涉事车辆有关质量问题已进入鉴定程序，该事件涉及的涉嫌违法违规问题，仍将依法依规进行调查处理，结果将及时向社会公布。同时，根据省市部署，将继续开展汽车销售市场经营行为专项整治工作，依法依规净化市场环境、保护消费者合法权益。</p>\n<p><a href=\"https://c.m.163.com/news/s/S1555048489505.html\" target=\"_blank\" rel=\"noopener\">进入专题&gt;&gt;</a></p>\n<p>&nbsp;</p>\n<div class=\"special_tag_wrap\">\n<div class=\"special_tag special_tag_tj\">\n<div class=\"special_tag_ttl\">延伸 &middot; 推荐</div>\n<div class=\"special_tag_cnt\">\n<p><a href=\"https://news.163.com/19/0417/00/ECU57GGU0001899O.html\" target=\"_blank\" rel=\"noopener\">奔驰女车主与4s店和解：换新车退还金融服务费</a></p>\n<p>16日晚，北青报记者从西安市市场监督管理局高新分局刘副局长处获悉，当晚，维权的奔驰车主王女士和西安利之星汽车有限公司已达成换车、补偿等和解协议。</p>\n</div>\n</div>\n</div>\n<p>&nbsp;</p>\n<p>&nbsp;</p>\n<div class=\"special_tag_wrap\">\n<div class=\"special_tag special_tag_hg\">\n<div class=\"special_tag_ttl\">延伸 &middot; 回顾</div>\n<div class=\"special_tag_cnt\">\n<p><a href=\"https://news.163.com/19/0416/21/ECTORA1F0001899O.html\" target=\"_blank\" rel=\"noopener\">奔驰车主维权调查:利之星收3%服务费获利2/3</a></p>\n<p>据税务部门的工作人员介绍，车主所交的&ldquo;金融服务费&rdquo;，实际上是第三方陕西元胜公司派驻在西安利之星4S店的工作人员收取的。</p>\n<p><a href=\"https://news.163.com/19/0416/18/ECTGEMV40001899O.html\" target=\"_self\">奔驰公司:已与车主沟通 将暂停涉事授权店销售运营</a></p>\n<p>针对西安奔驰车漏油、车主维权一事，4月16日下午，北京梅赛德斯-奔驰销售服务有限公司发布情况说明。表示将对相关经销商的经营合规性展开调查。结果明确前，该授权店的销售运营将暂停，立即执行。</p>\n</div>\n</div>\n</div>\n<p class=\"f_center\"><img src=\"http://cms-bucket.ws.126.net/2019/04/17/1f7692db33f6484696660f9d5de82808.jpeg?imageView&amp;thumbnail=550x0\" alt=\"奔驰维权女车主和西安利之星4S店达成和解协议\" /></p>','','_blank',0,0,1,0,1555470175,1555678321),(61,0,2,'年后开干！看看同行在悄悄做哪些业务布局？','content','http://www.baidu.com','_self',29,0,1,0,1511763412,1555427098),(62,0,2,'免费商标数据监控已发布，开启注册/续展/监控等一站式服务！','test','','_blank',0,0,0,1,1555395705,1555403694),(63,3,2,'免费商标数据监控已发布，开启注册/续展/监控等一站式服务！','test','','_blank',0,1,1,1,1555395784,1555403694),(64,0,2,'免费商标数据监控已发布，开启注册/续展/监控等一站式服务！','test','','_blank',1,0,1,0,1555395987,1555402737),(65,3,2,'【0元体验】企业级分布式应用服务EDAS Serverless版，邀你免费公测！','CCC','','_blank',7,0,1,0,1555396240,1555427080),(66,2,1,'纳网13周年庆钜惠来袭，域名享1元，主机建站1折起','<img src=\"http://image.idosend.com/fkImages/13082/Image/137_01.jpg\" width=\"700\" height=\"284\" />&nbsp;<a href=\"http://image.idosend.com/t/dd71037f/9f7e/4cc8/b57a/82ed895aa9a6/2954558-564378.html\" target=\"_blank\" rel=\"noopener\"><img src=\"http://image.idosend.com/fkImages/13082/Image/137_03.jpg\" width=\"651\" height=\"319\" /></a>&nbsp;&nbsp;<a href=\"http://image.idosend.com/t/1722ba26/fc65/4fee/aba9/af2a49cd95fc/2954558-564378.html\" target=\"_blank\" rel=\"noopener\"><img src=\"http://image.idosend.com/fkImages/13082/Image/137_06.jpg\" width=\"651\" height=\"290\" /></a>&nbsp;<a href=\"http://image.idosend.com/t/16cb48d1/9806/4c3e/b4f3/32ef01c8afbc/2954558-564378.html\" target=\"_blank\" rel=\"noopener\"><img src=\"http://image.idosend.com/fkImages/13082/Image/137_08.jpg\" width=\"651\" height=\"250\" /></a>&nbsp;<img src=\"http://image.idosend.com/fkImages/13082/Image/137_10.jpg\" width=\"700\" height=\"111\" />','','_blank',0,0,0,1,1555470096,1555470247),(67,0,2,'奔驰维权女车主和西安利之星4S店达成和解协议','<p>【消费者购买奔驰新车遭遇发动机漏油最新进展：当事双方已达成和解】4月16日晚， W女士（化名）和西安利之星汽车有限公司达成换车补偿等和解协议。</p>\n<p>此外，记者从西安高新区市场监管部门了解到，涉事车辆有关质量问题已进入鉴定程序，该事件涉及的涉嫌违法违规问题，仍将依法依规进行调查处理，结果将及时向社会公布。同时，根据省市部署，将继续开展汽车销售市场经营行为专项整治工作，依法依规净化市场环境、保护消费者合法权益。</p>\n<p><a href=\"https://c.m.163.com/news/s/S1555048489505.html\" target=\"_blank\" rel=\"noopener\">进入专题&gt;&gt;</a></p>\n<p>&nbsp;</p>\n<div class=\"special_tag_wrap\">\n<div class=\"special_tag special_tag_tj\">\n<div class=\"special_tag_ttl\">延伸 &middot; 推荐</div>\n<div class=\"special_tag_cnt\">\n<p><a href=\"https://news.163.com/19/0417/00/ECU57GGU0001899O.html\" target=\"_blank\" rel=\"noopener\">奔驰女车主与4s店和解：换新车退还金融服务费</a></p>\n<p>16日晚，北青报记者从西安市市场监督管理局高新分局刘副局长处获悉，当晚，维权的奔驰车主王女士和西安利之星汽车有限公司已达成换车、补偿等和解协议。</p>\n</div>\n</div>\n</div>\n<p>&nbsp;</p>\n<p>&nbsp;</p>\n<div class=\"special_tag_wrap\">\n<div class=\"special_tag special_tag_hg\">\n<div class=\"special_tag_ttl\">延伸 &middot; 回顾</div>\n<div class=\"special_tag_cnt\">\n<p><a href=\"https://news.163.com/19/0416/21/ECTORA1F0001899O.html\" target=\"_blank\" rel=\"noopener\">奔驰车主维权调查:利之星收3%服务费获利2/3</a></p>\n<p>据税务部门的工作人员介绍，车主所交的&ldquo;金融服务费&rdquo;，实际上是第三方陕西元胜公司派驻在西安利之星4S店的工作人员收取的。</p>\n<p><a href=\"https://news.163.com/19/0416/18/ECTGEMV40001899O.html\" target=\"_self\">奔驰公司:已与车主沟通 将暂停涉事授权店销售运营</a></p>\n<p>针对西安奔驰车漏油、车主维权一事，4月16日下午，北京梅赛德斯-奔驰销售服务有限公司发布情况说明。表示将对相关经销商的经营合规性展开调查。结果明确前，该授权店的销售运营将暂停，立即执行。</p>\n</div>\n</div>\n</div>\n<p class=\"f_center\"><img src=\"http://cms-bucket.ws.126.net/2019/04/17/1f7692db33f6484696660f9d5de82808.jpeg?imageView&amp;thumbnail=550x0\" alt=\"奔驰维权女车主和西安利之星4S店达成和解协议\" /></p>','','_blank',0,0,1,0,1555470175,1555678321),(68,0,2,'年后开干！看看同行在悄悄做哪些业务布局？','content','http://www.baidu.com','_self',30,0,1,0,1511763412,1555427098),(69,0,2,'免费商标数据监控已发布，开启注册/续展/监控等一站式服务！','test','','_blank',0,0,0,1,1555395705,1555403694),(70,3,2,'免费商标数据监控已发布，开启注册/续展/监控等一站式服务！','test','','_blank',0,1,1,1,1555395784,1555403694),(71,0,2,'免费商标数据监控已发布，开启注册/续展/监控等一站式服务！','test','','_blank',1,0,1,0,1555395987,1555402737),(72,3,2,'【0元体验】企业级分布式应用服务EDAS Serverless版，邀你免费公测！','CCC','','_blank',9,0,1,0,1555396240,1555427080),(73,2,1,'纳网13周年庆钜惠来袭，域名享1元，主机建站1折起','<img src=\"http://image.idosend.com/fkImages/13082/Image/137_01.jpg\" width=\"700\" height=\"284\" />&nbsp;<a href=\"http://image.idosend.com/t/dd71037f/9f7e/4cc8/b57a/82ed895aa9a6/2954558-564378.html\" target=\"_blank\" rel=\"noopener\"><img src=\"http://image.idosend.com/fkImages/13082/Image/137_03.jpg\" width=\"651\" height=\"319\" /></a>&nbsp;&nbsp;<a href=\"http://image.idosend.com/t/1722ba26/fc65/4fee/aba9/af2a49cd95fc/2954558-564378.html\" target=\"_blank\" rel=\"noopener\"><img src=\"http://image.idosend.com/fkImages/13082/Image/137_06.jpg\" width=\"651\" height=\"290\" /></a>&nbsp;<a href=\"http://image.idosend.com/t/16cb48d1/9806/4c3e/b4f3/32ef01c8afbc/2954558-564378.html\" target=\"_blank\" rel=\"noopener\"><img src=\"http://image.idosend.com/fkImages/13082/Image/137_08.jpg\" width=\"651\" height=\"250\" /></a>&nbsp;<img src=\"http://image.idosend.com/fkImages/13082/Image/137_10.jpg\" width=\"700\" height=\"111\" />','','_blank',0,0,0,1,1555470096,1555470247),(74,0,2,'奔驰维权女车主和西安利之星4S店达成和解协议','<p>【消费者购买奔驰新车遭遇发动机漏油最新进展：当事双方已达成和解】4月16日晚， W女士（化名）和西安利之星汽车有限公司达成换车补偿等和解协议。</p>\n<p>此外，记者从西安高新区市场监管部门了解到，涉事车辆有关质量问题已进入鉴定程序，该事件涉及的涉嫌违法违规问题，仍将依法依规进行调查处理，结果将及时向社会公布。同时，根据省市部署，将继续开展汽车销售市场经营行为专项整治工作，依法依规净化市场环境、保护消费者合法权益。</p>\n<p><a href=\"https://c.m.163.com/news/s/S1555048489505.html\" target=\"_blank\" rel=\"noopener\">进入专题&gt;&gt;</a></p>\n<p>&nbsp;</p>\n<div class=\"special_tag_wrap\">\n<div class=\"special_tag special_tag_tj\">\n<div class=\"special_tag_ttl\">延伸 &middot; 推荐</div>\n<div class=\"special_tag_cnt\">\n<p><a href=\"https://news.163.com/19/0417/00/ECU57GGU0001899O.html\" target=\"_blank\" rel=\"noopener\">奔驰女车主与4s店和解：换新车退还金融服务费</a></p>\n<p>16日晚，北青报记者从西安市市场监督管理局高新分局刘副局长处获悉，当晚，维权的奔驰车主王女士和西安利之星汽车有限公司已达成换车、补偿等和解协议。</p>\n</div>\n</div>\n</div>\n<p>&nbsp;</p>\n<p>&nbsp;</p>\n<div class=\"special_tag_wrap\">\n<div class=\"special_tag special_tag_hg\">\n<div class=\"special_tag_ttl\">延伸 &middot; 回顾</div>\n<div class=\"special_tag_cnt\">\n<p><a href=\"https://news.163.com/19/0416/21/ECTORA1F0001899O.html\" target=\"_blank\" rel=\"noopener\">奔驰车主维权调查:利之星收3%服务费获利2/3</a></p>\n<p>据税务部门的工作人员介绍，车主所交的&ldquo;金融服务费&rdquo;，实际上是第三方陕西元胜公司派驻在西安利之星4S店的工作人员收取的。</p>\n<p><a href=\"https://news.163.com/19/0416/18/ECTGEMV40001899O.html\" target=\"_self\">奔驰公司:已与车主沟通 将暂停涉事授权店销售运营</a></p>\n<p>针对西安奔驰车漏油、车主维权一事，4月16日下午，北京梅赛德斯-奔驰销售服务有限公司发布情况说明。表示将对相关经销商的经营合规性展开调查。结果明确前，该授权店的销售运营将暂停，立即执行。</p>\n</div>\n</div>\n</div>\n<p class=\"f_center\"><img src=\"http://cms-bucket.ws.126.net/2019/04/17/1f7692db33f6484696660f9d5de82808.jpeg?imageView&amp;thumbnail=550x0\" alt=\"奔驰维权女车主和西安利之星4S店达成和解协议\" /></p>','','_blank',0,0,1,0,1555470175,1555678321),(75,0,2,'年后开干！看看同行在悄悄做哪些业务布局？','content','http://www.baidu.com','_self',29,0,1,0,1511763412,1555427098),(76,0,2,'免费商标数据监控已发布，开启注册/续展/监控等一站式服务！','test','','_blank',0,0,0,1,1555395705,1555403694),(77,3,2,'免费商标数据监控已发布，开启注册/续展/监控等一站式服务！','test','','_blank',0,1,1,1,1555395784,1555403694),(78,0,2,'免费商标数据监控已发布，开启注册/续展/监控等一站式服务！','test','','_blank',2,0,1,0,1555395987,1555402737),(79,3,2,'【0元体验】企业级分布式应用服务EDAS Serverless版，邀你免费公测！','CCC','','_blank',8,0,1,0,1555396240,1555427080),(80,2,1,'纳网13周年庆钜惠来袭，域名享1元，主机建站1折起','<img src=\"http://image.idosend.com/fkImages/13082/Image/137_01.jpg\" width=\"700\" height=\"284\" />&nbsp;<a href=\"http://image.idosend.com/t/dd71037f/9f7e/4cc8/b57a/82ed895aa9a6/2954558-564378.html\" target=\"_blank\" rel=\"noopener\"><img src=\"http://image.idosend.com/fkImages/13082/Image/137_03.jpg\" width=\"651\" height=\"319\" /></a>&nbsp;&nbsp;<a href=\"http://image.idosend.com/t/1722ba26/fc65/4fee/aba9/af2a49cd95fc/2954558-564378.html\" target=\"_blank\" rel=\"noopener\"><img src=\"http://image.idosend.com/fkImages/13082/Image/137_06.jpg\" width=\"651\" height=\"290\" /></a>&nbsp;<a href=\"http://image.idosend.com/t/16cb48d1/9806/4c3e/b4f3/32ef01c8afbc/2954558-564378.html\" target=\"_blank\" rel=\"noopener\"><img src=\"http://image.idosend.com/fkImages/13082/Image/137_08.jpg\" width=\"651\" height=\"250\" /></a>&nbsp;<img src=\"http://image.idosend.com/fkImages/13082/Image/137_10.jpg\" width=\"700\" height=\"111\" />','','_blank',0,0,0,1,1555470096,1555470247),(81,0,2,'奔驰维权女车主和西安利之星4S店达成和解协议','<p>【消费者购买奔驰新车遭遇发动机漏油最新进展：当事双方已达成和解】4月16日晚， W女士（化名）和西安利之星汽车有限公司达成换车补偿等和解协议。</p>\n<p>此外，记者从西安高新区市场监管部门了解到，涉事车辆有关质量问题已进入鉴定程序，该事件涉及的涉嫌违法违规问题，仍将依法依规进行调查处理，结果将及时向社会公布。同时，根据省市部署，将继续开展汽车销售市场经营行为专项整治工作，依法依规净化市场环境、保护消费者合法权益。</p>\n<p><a href=\"https://c.m.163.com/news/s/S1555048489505.html\" target=\"_blank\" rel=\"noopener\">进入专题&gt;&gt;</a></p>\n<p>&nbsp;</p>\n<div class=\"special_tag_wrap\">\n<div class=\"special_tag special_tag_tj\">\n<div class=\"special_tag_ttl\">延伸 &middot; 推荐</div>\n<div class=\"special_tag_cnt\">\n<p><a href=\"https://news.163.com/19/0417/00/ECU57GGU0001899O.html\" target=\"_blank\" rel=\"noopener\">奔驰女车主与4s店和解：换新车退还金融服务费</a></p>\n<p>16日晚，北青报记者从西安市市场监督管理局高新分局刘副局长处获悉，当晚，维权的奔驰车主王女士和西安利之星汽车有限公司已达成换车、补偿等和解协议。</p>\n</div>\n</div>\n</div>\n<p>&nbsp;</p>\n<p>&nbsp;</p>\n<div class=\"special_tag_wrap\">\n<div class=\"special_tag special_tag_hg\">\n<div class=\"special_tag_ttl\">延伸 &middot; 回顾</div>\n<div class=\"special_tag_cnt\">\n<p><a href=\"https://news.163.com/19/0416/21/ECTORA1F0001899O.html\" target=\"_blank\" rel=\"noopener\">奔驰车主维权调查:利之星收3%服务费获利2/3</a></p>\n<p>据税务部门的工作人员介绍，车主所交的&ldquo;金融服务费&rdquo;，实际上是第三方陕西元胜公司派驻在西安利之星4S店的工作人员收取的。</p>\n<p><a href=\"https://news.163.com/19/0416/18/ECTGEMV40001899O.html\" target=\"_self\">奔驰公司:已与车主沟通 将暂停涉事授权店销售运营</a></p>\n<p>针对西安奔驰车漏油、车主维权一事，4月16日下午，北京梅赛德斯-奔驰销售服务有限公司发布情况说明。表示将对相关经销商的经营合规性展开调查。结果明确前，该授权店的销售运营将暂停，立即执行。</p>\n</div>\n</div>\n</div>\n<p class=\"f_center\"><img src=\"http://cms-bucket.ws.126.net/2019/04/17/1f7692db33f6484696660f9d5de82808.jpeg?imageView&amp;thumbnail=550x0\" alt=\"奔驰维权女车主和西安利之星4S店达成和解协议\" /></p>','','_blank',2,0,1,0,1555470175,1555678321),(82,0,2,'年后开干！看看同行在悄悄做哪些业务布局？','content','http://www.baidu.com','_self',30,0,1,0,1511763412,1555427098),(83,0,2,'免费商标数据监控已发布，开启注册/续展/监控等一站式服务！','test','','_blank',0,0,0,1,1555395705,1555403694),(84,3,2,'免费商标数据监控已发布，开启注册/续展/监控等一站式服务！','test','','_blank',0,1,1,1,1555395784,1555403694),(85,0,2,'免费商标数据监控已发布，开启注册/续展/监控等一站式服务！','test','','_blank',1,0,1,0,1555395987,1555402737),(86,3,2,'【0元体验】企业级分布式应用服务EDAS Serverless版，邀你免费公测！','CCC','','_blank',7,0,1,0,1555396240,1555427080),(87,2,1,'纳网13周年庆钜惠来袭，域名享1元，主机建站1折起','<img src=\"http://image.idosend.com/fkImages/13082/Image/137_01.jpg\" width=\"700\" height=\"284\" />&nbsp;<a href=\"http://image.idosend.com/t/dd71037f/9f7e/4cc8/b57a/82ed895aa9a6/2954558-564378.html\" target=\"_blank\" rel=\"noopener\"><img src=\"http://image.idosend.com/fkImages/13082/Image/137_03.jpg\" width=\"651\" height=\"319\" /></a>&nbsp;&nbsp;<a href=\"http://image.idosend.com/t/1722ba26/fc65/4fee/aba9/af2a49cd95fc/2954558-564378.html\" target=\"_blank\" rel=\"noopener\"><img src=\"http://image.idosend.com/fkImages/13082/Image/137_06.jpg\" width=\"651\" height=\"290\" /></a>&nbsp;<a href=\"http://image.idosend.com/t/16cb48d1/9806/4c3e/b4f3/32ef01c8afbc/2954558-564378.html\" target=\"_blank\" rel=\"noopener\"><img src=\"http://image.idosend.com/fkImages/13082/Image/137_08.jpg\" width=\"651\" height=\"250\" /></a>&nbsp;<img src=\"http://image.idosend.com/fkImages/13082/Image/137_10.jpg\" width=\"700\" height=\"111\" />','','_blank',0,0,0,1,1555470096,1555470247),(88,0,2,'奔驰维权女车主和西安利之星4S店达成和解协议','<p>【消费者购买奔驰新车遭遇发动机漏油最新进展：当事双方已达成和解】4月16日晚， W女士（化名）和西安利之星汽车有限公司达成换车补偿等和解协议。</p>\n<p>此外，记者从西安高新区市场监管部门了解到，涉事车辆有关质量问题已进入鉴定程序，该事件涉及的涉嫌违法违规问题，仍将依法依规进行调查处理，结果将及时向社会公布。同时，根据省市部署，将继续开展汽车销售市场经营行为专项整治工作，依法依规净化市场环境、保护消费者合法权益。</p>\n<p><a href=\"https://c.m.163.com/news/s/S1555048489505.html\" target=\"_blank\" rel=\"noopener\">进入专题&gt;&gt;</a></p>\n<p>&nbsp;</p>\n<div class=\"special_tag_wrap\">\n<div class=\"special_tag special_tag_tj\">\n<div class=\"special_tag_ttl\">延伸 &middot; 推荐</div>\n<div class=\"special_tag_cnt\">\n<p><a href=\"https://news.163.com/19/0417/00/ECU57GGU0001899O.html\" target=\"_blank\" rel=\"noopener\">奔驰女车主与4s店和解：换新车退还金融服务费</a></p>\n<p>16日晚，北青报记者从西安市市场监督管理局高新分局刘副局长处获悉，当晚，维权的奔驰车主王女士和西安利之星汽车有限公司已达成换车、补偿等和解协议。</p>\n</div>\n</div>\n</div>\n<p>&nbsp;</p>\n<p>&nbsp;</p>\n<div class=\"special_tag_wrap\">\n<div class=\"special_tag special_tag_hg\">\n<div class=\"special_tag_ttl\">延伸 &middot; 回顾</div>\n<div class=\"special_tag_cnt\">\n<p><a href=\"https://news.163.com/19/0416/21/ECTORA1F0001899O.html\" target=\"_blank\" rel=\"noopener\">奔驰车主维权调查:利之星收3%服务费获利2/3</a></p>\n<p>据税务部门的工作人员介绍，车主所交的&ldquo;金融服务费&rdquo;，实际上是第三方陕西元胜公司派驻在西安利之星4S店的工作人员收取的。</p>\n<p><a href=\"https://news.163.com/19/0416/18/ECTGEMV40001899O.html\" target=\"_self\">奔驰公司:已与车主沟通 将暂停涉事授权店销售运营</a></p>\n<p>针对西安奔驰车漏油、车主维权一事，4月16日下午，北京梅赛德斯-奔驰销售服务有限公司发布情况说明。表示将对相关经销商的经营合规性展开调查。结果明确前，该授权店的销售运营将暂停，立即执行。</p>\n</div>\n</div>\n</div>\n<p class=\"f_center\"><img src=\"http://cms-bucket.ws.126.net/2019/04/17/1f7692db33f6484696660f9d5de82808.jpeg?imageView&amp;thumbnail=550x0\" alt=\"奔驰维权女车主和西安利之星4S店达成和解协议\" /></p>','','_blank',0,0,1,0,1555470175,1555678321),(89,0,2,'年后开干！看看同行在悄悄做哪些业务布局？','content','http://www.baidu.com','_self',31,0,1,0,1511763412,1555427098),(90,0,2,'免费商标数据监控已发布，开启注册/续展/监控等一站式服务！','test','','_blank',0,0,0,1,1555395705,1555403694),(91,3,2,'免费商标数据监控已发布，开启注册/续展/监控等一站式服务！','test','','_blank',0,1,1,1,1555395784,1555403694),(92,0,2,'免费商标数据监控已发布，开启注册/续展/监控等一站式服务！','test','','_blank',1,0,1,1,1555395987,1555948469),(93,3,2,'【0元体验】企业级分布式应用服务EDAS Serverless版，邀你免费公测！','CCC','','_blank',9,0,1,0,1555396240,1555427080),(94,2,1,'纳网13周年庆钜惠来袭，域名享1元，主机建站1折起','<img src=\"http://image.idosend.com/fkImages/13082/Image/137_01.jpg\" width=\"700\" height=\"284\" />&nbsp;<a href=\"http://image.idosend.com/t/dd71037f/9f7e/4cc8/b57a/82ed895aa9a6/2954558-564378.html\" target=\"_blank\" rel=\"noopener\"><img src=\"http://image.idosend.com/fkImages/13082/Image/137_03.jpg\" width=\"651\" height=\"319\" /></a>&nbsp;&nbsp;<a href=\"http://image.idosend.com/t/1722ba26/fc65/4fee/aba9/af2a49cd95fc/2954558-564378.html\" target=\"_blank\" rel=\"noopener\"><img src=\"http://image.idosend.com/fkImages/13082/Image/137_06.jpg\" width=\"651\" height=\"290\" /></a>&nbsp;<a href=\"http://image.idosend.com/t/16cb48d1/9806/4c3e/b4f3/32ef01c8afbc/2954558-564378.html\" target=\"_blank\" rel=\"noopener\"><img src=\"http://image.idosend.com/fkImages/13082/Image/137_08.jpg\" width=\"651\" height=\"250\" /></a>&nbsp;<img src=\"http://image.idosend.com/fkImages/13082/Image/137_10.jpg\" width=\"700\" height=\"111\" />','','_blank',0,0,0,1,1555470096,1555470247),(95,0,2,'奔驰维权女车主和西安利之星4S店达成和解协议','<p>【消费者购买奔驰新车遭遇发动机漏油最新进展：当事双方已达成和解】4月16日晚， W女士（化名）和西安利之星汽车有限公司达成换车补偿等和解协议。</p>\n<p>此外，记者从西安高新区市场监管部门了解到，涉事车辆有关质量问题已进入鉴定程序，该事件涉及的涉嫌违法违规问题，仍将依法依规进行调查处理，结果将及时向社会公布。同时，根据省市部署，将继续开展汽车销售市场经营行为专项整治工作，依法依规净化市场环境、保护消费者合法权益。</p>\n<p><a href=\"https://c.m.163.com/news/s/S1555048489505.html\" target=\"_blank\" rel=\"noopener\">进入专题&gt;&gt;</a></p>\n<p>&nbsp;</p>\n<div class=\"special_tag_wrap\">\n<div class=\"special_tag special_tag_tj\">\n<div class=\"special_tag_ttl\">延伸 &middot; 推荐</div>\n<div class=\"special_tag_cnt\">\n<p><a href=\"https://news.163.com/19/0417/00/ECU57GGU0001899O.html\" target=\"_blank\" rel=\"noopener\">奔驰女车主与4s店和解：换新车退还金融服务费</a></p>\n<p>16日晚，北青报记者从西安市市场监督管理局高新分局刘副局长处获悉，当晚，维权的奔驰车主王女士和西安利之星汽车有限公司已达成换车、补偿等和解协议。</p>\n</div>\n</div>\n</div>\n<p>&nbsp;</p>\n<p>&nbsp;</p>\n<div class=\"special_tag_wrap\">\n<div class=\"special_tag special_tag_hg\">\n<div class=\"special_tag_ttl\">延伸 &middot; 回顾</div>\n<div class=\"special_tag_cnt\">\n<p><a href=\"https://news.163.com/19/0416/21/ECTORA1F0001899O.html\" target=\"_blank\" rel=\"noopener\">奔驰车主维权调查:利之星收3%服务费获利2/3</a></p>\n<p>据税务部门的工作人员介绍，车主所交的&ldquo;金融服务费&rdquo;，实际上是第三方陕西元胜公司派驻在西安利之星4S店的工作人员收取的。</p>\n<p><a href=\"https://news.163.com/19/0416/18/ECTGEMV40001899O.html\" target=\"_self\">奔驰公司:已与车主沟通 将暂停涉事授权店销售运营</a></p>\n<p>针对西安奔驰车漏油、车主维权一事，4月16日下午，北京梅赛德斯-奔驰销售服务有限公司发布情况说明。表示将对相关经销商的经营合规性展开调查。结果明确前，该授权店的销售运营将暂停，立即执行。</p>\n</div>\n</div>\n</div>\n<p class=\"f_center\"><img src=\"http://cms-bucket.ws.126.net/2019/04/17/1f7692db33f6484696660f9d5de82808.jpeg?imageView&amp;thumbnail=550x0\" alt=\"奔驰维权女车主和西安利之星4S店达成和解协议\" /></p>','','_blank',3,0,1,0,1555470175,1555678321),(96,0,2,'年后开干！看看同行在悄悄做哪些业务布局？','content','http://www.baidu.com','_self',31,0,1,0,1511763412,1555427098),(97,0,2,'免费商标数据监控已发布，开启注册/续展/监控等一站式服务！','test','','_blank',0,0,0,1,1555395705,1555403694),(98,3,2,'免费商标数据监控已发布，开启注册/续展/监控等一站式服务！','test','','_blank',0,1,1,1,1555395784,1555403694),(99,0,2,'免费商标数据监控已发布，开启注册/续展/监控等一站式服务！','test','','_blank',2,0,1,0,1555395987,1555402737),(100,3,2,'【0元体验】企业级分布式应用服务EDAS Serverless版，邀你免费公测！','CCC','','_blank',8,0,1,0,1555396240,1555427080),(101,2,1,'纳网13周年庆钜惠来袭，域名享1元，主机建站1折起','<img src=\"http://image.idosend.com/fkImages/13082/Image/137_01.jpg\" width=\"700\" height=\"284\" />&nbsp;<a href=\"http://image.idosend.com/t/dd71037f/9f7e/4cc8/b57a/82ed895aa9a6/2954558-564378.html\" target=\"_blank\" rel=\"noopener\"><img src=\"http://image.idosend.com/fkImages/13082/Image/137_03.jpg\" width=\"651\" height=\"319\" /></a>&nbsp;&nbsp;<a href=\"http://image.idosend.com/t/1722ba26/fc65/4fee/aba9/af2a49cd95fc/2954558-564378.html\" target=\"_blank\" rel=\"noopener\"><img src=\"http://image.idosend.com/fkImages/13082/Image/137_06.jpg\" width=\"651\" height=\"290\" /></a>&nbsp;<a href=\"http://image.idosend.com/t/16cb48d1/9806/4c3e/b4f3/32ef01c8afbc/2954558-564378.html\" target=\"_blank\" rel=\"noopener\"><img src=\"http://image.idosend.com/fkImages/13082/Image/137_08.jpg\" width=\"651\" height=\"250\" /></a>&nbsp;<img src=\"http://image.idosend.com/fkImages/13082/Image/137_10.jpg\" width=\"700\" height=\"111\" />','','_blank',0,0,0,1,1555470096,1555470247),(102,0,2,'奔驰维权女车主和西安利之星4S店达成和解协议','<p>【消费者购买奔驰新车遭遇发动机漏油最新进展：当事双方已达成和解】4月16日晚， W女士（化名）和西安利之星汽车有限公司达成换车补偿等和解协议。</p>\n<p>此外，记者从西安高新区市场监管部门了解到，涉事车辆有关质量问题已进入鉴定程序，该事件涉及的涉嫌违法违规问题，仍将依法依规进行调查处理，结果将及时向社会公布。同时，根据省市部署，将继续开展汽车销售市场经营行为专项整治工作，依法依规净化市场环境、保护消费者合法权益。</p>\n<p><a href=\"https://c.m.163.com/news/s/S1555048489505.html\" target=\"_blank\" rel=\"noopener\">进入专题&gt;&gt;</a></p>\n<p>&nbsp;</p>\n<div class=\"special_tag_wrap\">\n<div class=\"special_tag special_tag_tj\">\n<div class=\"special_tag_ttl\">延伸 &middot; 推荐</div>\n<div class=\"special_tag_cnt\">\n<p><a href=\"https://news.163.com/19/0417/00/ECU57GGU0001899O.html\" target=\"_blank\" rel=\"noopener\">奔驰女车主与4s店和解：换新车退还金融服务费</a></p>\n<p>16日晚，北青报记者从西安市市场监督管理局高新分局刘副局长处获悉，当晚，维权的奔驰车主王女士和西安利之星汽车有限公司已达成换车、补偿等和解协议。</p>\n</div>\n</div>\n</div>\n<p>&nbsp;</p>\n<p>&nbsp;</p>\n<div class=\"special_tag_wrap\">\n<div class=\"special_tag special_tag_hg\">\n<div class=\"special_tag_ttl\">延伸 &middot; 回顾</div>\n<div class=\"special_tag_cnt\">\n<p><a href=\"https://news.163.com/19/0416/21/ECTORA1F0001899O.html\" target=\"_blank\" rel=\"noopener\">奔驰车主维权调查:利之星收3%服务费获利2/3</a></p>\n<p>据税务部门的工作人员介绍，车主所交的&ldquo;金融服务费&rdquo;，实际上是第三方陕西元胜公司派驻在西安利之星4S店的工作人员收取的。</p>\n<p><a href=\"https://news.163.com/19/0416/18/ECTGEMV40001899O.html\" target=\"_self\">奔驰公司:已与车主沟通 将暂停涉事授权店销售运营</a></p>\n<p>针对西安奔驰车漏油、车主维权一事，4月16日下午，北京梅赛德斯-奔驰销售服务有限公司发布情况说明。表示将对相关经销商的经营合规性展开调查。结果明确前，该授权店的销售运营将暂停，立即执行。</p>\n</div>\n</div>\n</div>\n<p class=\"f_center\"><img src=\"http://cms-bucket.ws.126.net/2019/04/17/1f7692db33f6484696660f9d5de82808.jpeg?imageView&amp;thumbnail=550x0\" alt=\"奔驰维权女车主和西安利之星4S店达成和解协议\" /></p>','','_blank',5,0,1,0,1555470175,1555678321),(103,0,2,'test','test','','_blank',0,0,0,1,1556018859,1556018863),(104,0,2,'全景视觉起诉微博用户使用\"孔子画像\"索赔万元 遭法院驳回','<div>\n<p><img title=\"版权 (2)(1)\" src=\"https://upload.chinaz.com/picmap/201904150932294132_5.jpg\" alt=\"版权 (2)(1)\" /></p>\n<p>图片版权所属：站长之家</p>\n<p><strong>站长之家(ChinaZ.com) 4月23日 消息:</strong>据新京报报道，日前，广州越秀区人民法院发布了一份涉知识产权的白皮书。其中一起典型案例中，原告全景视觉起诉一公司称，对方的微博用了其图库中的孔子画像摄影图片，要求对方停止侵权、公开赔礼道歉、赔偿经济损失 1 万元。</p>\n<p>对此，越秀法院审理认为，该拍摄过程和拍摄成果，不具有新的艺术性和审美意义。涉案照片不具有独创性，不属于受著作权法保护的作品，故驳回全部诉讼请求。</p>\n<br /><br />著作权归作者所有。<br />商业转载请联系作者获得授权，非商业转载请注明出处。<br />作者：站长之家编辑 <br />链接：https://www.chinaz.com/2019/0423/1011401.shtml <br />来源：站长之家</div>','','_blank',2,1,1,0,1556031118,1556031118),(105,1,2,'OPPO签约温网5年背后：全球市场一盘棋','<div>\n<p><img title=\"Oppo logo\" src=\"https://upload.chinaz.com/picmap/201811191339516597_0.jpg\" alt=\"Oppo logo\" /></p>\n<p>图片版权所属：站长之家</p>\n<p>崔玉贤/文</p>\n<p>进入 2019 年，正当市场对今年手机市场略显悲观的时候，OPPO却&ldquo;逆周期&rdquo;地频频操作：先是发布全球统一全新品牌标志，后又发布全新产品系列Reno;今天更是携手了一项全球顶级赛事IP：温布尔登网球锦标赛，也就是大家俗称的&ldquo;温网&rdquo;。</p>\n<p>英国时间 4 月 25 日(北京时间 4 月 26 日)， OPPO与全英草地网球俱乐部在温布尔登共同宣布，OPPO正式成为温布尔登网球锦标赛全球合作伙伴，也是温网全球唯一的手机行业合作伙伴和唯一的亚洲合作伙伴。</p>\n<p>温网是目前全球最悠久的网球赛事，虽历经百年，仍有着无限生机，也被称为最纯洁、最优雅的大满贯赛事，因为你在温网看不到铺天盖地的赞助商标识，仿佛这些赞助商来到了温网，也透露一丝优雅的气息。在即将到来的 2019 赛季，你将会看到OPPO与劳力士、捷豹、IBM等品牌一同出现在温网赛程。</p>\n<p><strong>四个月努力撬动温网 双方一拍即合</strong></p>\n<p>根据双方透露，OPPO与温网达成了 5 年的合作关系，双方将会有深度的内容共创，包括定制化的内容，以及在转播中出现的OPPO Moment捕捉精彩比赛瞬间和品牌展现。此外，有一个合作细节十分值得留意，双方合作特别为温网特别设立了&ldquo;OPPO突破明星奖&rdquo;，用以褒奖那些才华横溢的年轻球员，不禁让人联想起OPPO一直倡导的&ldquo;大胆启用年轻人&rdquo;。</p>\n<p>双方之所以能够成功牵手，温网看重的是OPPO在新千禧一代中的影响力。事实上，温网近些年来自身也一直在寻求突破，从其&ldquo;In Pursuit of Greatness&rdquo;(追逐伟大)的宣传主题即可以看出，此次或许可以看作温网希望通过与OPPO这样一个年轻科技品牌，能够给这个百年品牌带来更多活力。</p>\n<p>这样重量级别的合作，肯定并非一夜之间达成。当网易科技向OPPO相关人员处了解双方合作细节时，OPPO方面表示&ldquo;我们了解、接触了将近 4 个月，最终达成了合作。&rdquo;此外，OPPO还透露，双方从初次见面时就有了合作意向，并最终顺利达成此次合作。</p>\n<p>由此可见，OPPO在产品之外的品牌维度，已经在全球慢慢被认可;而对于OPPO来说，选择温网可以看做成其将全球视为一个市场的商业哲学背后，进一步开拓海外市场的重要举措。</p>\n<p><strong>全球市场一盘棋 渐变之后的&ldquo;新OPPO&rdquo;</strong></p>\n<p>早在十年前，OPPO就开始了海外市场的征途。十年时间，业务发展成绩得到了行业内外的肯定，现在已经覆盖了已经覆盖了全球 40 多个国家和地区，并在去年进入欧洲市场。</p>\n<p>在屡次面对媒体关于OPPO如何看待海外和中国市场时候，OPPO副总裁沈义人总是这样对媒体说：&ldquo;对我们来说并没有所谓的海外市场和中国市场之分，因为我们始终把全球当做一个市场对待。&rdquo;</p>\n<p>今年是OPPO自己界定的手机业务新十年第一年，OPPO以品牌国际化，运营本地化两者协同，继续将全球为同一个市场，加速全球化品牌建设的步伐。与温网合作，毫无疑问是OPPO&ldquo;全球一个市场&rdquo;策略的新体现。</p>\n<p>除此之外，为了更好的面对这个全球市场，就有了开篇的内容，新的品牌标识、新的产品系列、甚至是新的字体。在北京的朋友，有时间可以去转转OPPO北京超级旗舰店，相信你会有&ldquo;耳目一新&rdquo;的感觉。</p>\n<p><strong>手机厂商&ldquo;出海&rdquo;凭什么? Glocal是&ldquo;指南针&rdquo;</strong></p>\n<p>熟悉手机行业的一定知道，国内手机市场整体发展近年来逐步放缓，并在近两年呈现下跌趋势。分析机构IDC的数据显示， 2018 年全年国内智能机整体市场出货量下滑超过10%。在国内手机市场容量接近天花板时，中国手机厂商纷纷将视线移向海外，品牌走出去、产品走出去、从而寻求让业务长上去。</p>\n<p>根据WPP联合Google发布的《 2019 年BrandZ中国出海品牌 50 强报告》显示，国产品牌在国外影响力比较高的几乎都是科技品牌，而且很多都是手机厂商：华为、OPPO、小米、一加等等。为了维持和加强各自品牌在海外市场的表现，各家厂商一刻不停。这其中，OPPO用不同于国内的发展路径，率先打响了开门红。</p>\n<div id=\"ad_1104309\" class=\"otherContent_01\">&nbsp;</div>\n<p>回顾OPPO在国内的发展路径，主要是通过产品和品牌同步驱动OPPO品牌发展。让消费者通过对产品的认知，产生对OPPO品牌的认知。而在国外市场，OPPO高举高打，利用品牌先行率先树立OPPO的品牌形象。从去年在法国举办发布会，到今年在西班牙举办创新大会，OPPO正在主动向外媒释放企业先进的技术和产品信息，以塑造自身的科技品牌形象。</p>\n<p>&nbsp;</p>\n<p>但不得不承认的是，中国的品牌走上全球舞台时候，似乎我们的企业品牌总是&ldquo;犹抱琵琶半遮面&rdquo;，海外市场似乎认识，又似乎不认识。正因为如此，OPPO大刀阔斧在全球范围内统一更新了品牌视觉，用全新的视觉风格，演绎出OPPO更科技感、更现代的品牌形象。而爆款R系列停止更新，新系列Reno登上舞台，正是面向全球消费者专门设计的一款产品，让消费者对从品牌、产品都有一个统一的认识重要举措。</p>\n<p>回到温网上来，温网曾表示，赛事的合作伙伴要完全符合自己的品牌气质，并且总数不会超过 15 个。对于公认的&ldquo;全球体育大IP&rdquo;，OPPO携手温网，可以说是其&ldquo;Glocal&rdquo;策略，即&ldquo;品牌国际化，运营本地化&rdquo;策略的重要实践。</p>\n<br /><br />著作权归作者所有。<br />商业转载请联系作者获得授权，非商业转载请注明出处。<br />作者：站长之家编辑 <br />链接：https://www.chinaz.com/news/2019/0426/1012456.shtml <br />来源：站长之家</div>','','_blank',1,1,1,0,1556295190,1556295215),(106,0,2,'消息发送测试','消息发送测试','','_blank',1,0,1,1,1557157761,1557158463),(107,1,2,'消息发布','消息发布消息发布消息发布消息发布消息发布','','_blank',1,0,1,1,1557158344,1557158463),(108,0,2,'valvalvalvalval','valvalvalvalval','','_blank',1,0,1,1,1557158504,1557158573),(109,0,2,'valvalvalvalval','valvalvalval','','_blank',1,0,1,1,1557158530,1557158573),(110,3,2,'11111111111111','11111111111111','','_blank',0,0,1,1,1557158584,1557158610),(111,3,2,'《控制》工作室回应Xbox玩家出离愤怒：PS4独占内容不会很久','<p>此前，我们曾经报道过，由于Remedy工作室的新作《<a href=\"https://www.3dmgame.com/games/control/\" target=\"_blank\" rel=\"noopener\">控制</a>》在PS4上过多的独占内容，<a href=\"https://www.3dmgame.com/news/201904/3759806.html\" target=\"_blank\" rel=\"noopener\">Xbox玩家们在Reddit上出离愤怒</a>。近日，Remedy工作室的公关主管Thomas Puha在与外媒Wccftech的交谈中，被问到了《控制》PS4独占内容时长的问题，Thomas Puha表示，Xbox和PC玩家不会等很久的。</p>\n<p align=\"center\"><img src=\"https://img.3dmgame.com/uploads/images/news/20190516/1557969063_467978.jpg\" alt=\"《控制》工作室回应Xbox玩家出离愤怒：PS4独占内容不会很久\" /></p>\n<p>在与外媒Wccftech的交谈中，被问及PS4独占内容将会持续多久时，Remedy工作室的公关主管Thomas Puha说：&ldquo;PS4数字豪华版《控制》确实有一个独占任务，季票内容也与它紧密相连。但除了一个特定服装、一些直线任务和数字主题之外，剩下的内容全平台都是一样的。而且全平台也都支持季票，我不能准确地告诉大家PS4会独占这些内容多长时间，但是不会很久的。大家要知道，我们这些人在Remedy里也是消费者，大家玩到游戏的核心部分都是一样的，再者发行商们会因为一些商业原因做一些决定。&rdquo;</p>\n<p>虽然Remedy工作室的公关主管Thomas Puha表示，PS4的独占内容不会持续很久，但他似乎也暗示过多独占内容这件事不是由Remedy决定的，所以现在还还不确定。</p>\n<p>Remedy新作《控制》将于2019年8月27日发售，登陆PS4/Xbox One和PC平台，PC版将由Epic独占一年。</p>','','_blank',5,0,1,0,1557970318,1557970318),(112,3,2,'ofo欠债2.5亿多名高管成老赖 法院:已无可执行财产','<p class=\"otitle\">（原标题：15楼财经 | 2.5亿标的无法执行曝光ofo秘密 法院：名下已&ldquo;无财产&rdquo;）</p>\n<p>&nbsp;</p>\n<p>日前，一份来自天津市高级人民法院的裁判文书显示，天津富士达自行车工业有限公司（天津富士达）因买卖合同纠纷向ofo的运营主体东峡大通（北京）管理咨询有限公司申请执行2.5亿的标的。不过，法院认定，ofo已&ldquo;无财产&rdquo;，其名下无房产及土地使用权、无对外投资、无车辆，虽开设了银行账户，但已被其他法院冻结或账户无余额。此前，ofo的多名管理人员包括陈正江、戴威、杨品杰、陈婧等已被作为失信被执行人限制高消费。</p>\n<p><strong>现状</strong></p>\n<p><strong>法院认定ofo名下已无可供执行财产</strong></p>\n<p class=\"f_center\"><img src=\"http://cms-bucket.ws.126.net/2019/06/18/8cd8fd8b20cb47068b94e8116557549e.jpeg\" alt=\"ofo欠债2.5亿多名高管成老赖 法院:已无可执行财产\" width=\"600\" height=\"400\" /></p>\n<p>今年，天津市高级人民法院曾作出调解，天津富士达与东峡大通的一份民事调解书已经发生法律效力。不过，因东峡大通迟迟不履行义务，天津富士达向天津市高级人民法院申请执行。申请执行标的为人民币2.498亿元。</p>\n<p>法院在裁定书中表示，ofo方面向法院报告了财产，其名下无房产及土地使用权、无对外投资、无车辆，虽开设了银行账户，但已被其他法院冻结或账户无余额。</p>\n<p>通过最高人民法院&ldquo;总对总&rdquo;查控系统对被执行人名下财产进行了查询，系统反馈查询信息为&ldquo;无财产&rdquo;。到被执行人住所地的不动产登记部门、市场监督管理部门、公安车辆管理部门进行传统查控，被执行人名下无可供执行财产。申请执行人亦无被执行人的财产线索提供，本院亦已对被执行人申报的财产进行核对，无财产可供执行，本院已向被执行人发出限制消费令。</p>\n<p>最终，法院裁定终结本次执行程序。申请执行人发现被执行人有可供执行财产的，可以再次申请执行。</p>\n<p><strong>动态</strong></p>\n<p><strong>ofo法定代表人因不履行12万元判决被限制出境</strong></p>\n<p class=\"f_center\"><img src=\"http://cms-bucket.ws.126.net/2019/06/18/a0742147fb3a42b99e99226c29e469a1.jpeg\" alt=\"ofo欠债2.5亿多名高管成老赖 法院:已无可执行财产\" width=\"600\" height=\"400\" /></p>\n<p>6月12日，来自上海市高级人民法院网的信息显示，被执行人东峡大通（北京）管理咨询有限公司，因不履行法律文书确定的义务，法院已依法限制其影响债务履行的直接责任人陈正江出境。并请执行联动机制成员单位，基层协助执行网络成员和社会公众协助法院执行。</p>\n<p>陈正江是东峡大通公司的法定代表人，同时还担任东峡大通全资子公司成都智客出行科技有限公司的法定代表人。</p>\n<p>案件信息显示，该案案号为（2019）沪0110执1121号，申请执行人为仵金科，执行标的为12万元，失信被执行人行为具体情形为：有履行能力而拒不履行生效法律文书确定义务。北青报记者从企查查看到，2018年8月和12月，仵金科与东峡大通（北京）管理咨询有限公司因生命权、健康权、身体权纠纷两次开庭。</p>\n<p><strong>发现</strong></p>\n<p><strong>东峡大通170条执行文书 一个月标的超6000万</strong></p>\n<p class=\"f_center\"><img src=\"http://cms-bucket.ws.126.net/2019/06/18/c6c925ac3d7c491a86098313f866bca3.jpeg\" alt=\"ofo欠债2.5亿多名高管成老赖 法院:已无可执行财产\" width=\"600\" height=\"381\" /></p>\n<p>北青报记者看到，目前在中国执行信息公开网上，东峡大通公司相关的执行文书有170条，大部分的执行时间都在2019年1月以后，被执行标的金额十分巨大。仅今年5月，东峡大通就收到来自北京海淀、北京朝阳、北京丰台、杭州市、天津市、厦门市、上海市等多个法院的近20件执行文书。仅一个月的执行标的，就超过6000万元。</p>\n<p>同时，东峡大通被冻结股权标的6起，被冻结股权超过1700万元。不过，东峡大通(北京)管理咨询有限公司的注册资本达到150000万美元，也就是15亿美元。</p>\n<p><strong>聚焦</strong></p>\n<p><strong>包括ofo创始人戴威在内多名高管成失信被执行人</strong></p>\n<p class=\"f_center\"><img src=\"http://cms-bucket.ws.126.net/2019/06/18/b8c059ebe80a49cdb3b6872635740c4c.jpeg\" alt=\"ofo欠债2.5亿多名高管成老赖 法院:已无可执行财产\" width=\"600\" height=\"400\" /></p>\n<p>在中国执行信息公开网上，陈正江本人已有16条被列为失信人被限制高消费的信息。</p>\n<p>北青报记者还发现，ofo的多名主要管理人员也都被列入了失信被执行人。创始人戴威有16条被列为执行人被限制高消费的信息；ofo联合创始人杨品杰、ofo总经理陈婧也于2019年4月30日被列入失信被执行人。</p>\n<p>按照规定，被采取限制消费措施后，不得有以下高消费及非生活和工作必需的消费行为：乘坐交通工具时，选择飞机、列车软卧、轮船二等以上舱位；在星级以上宾馆、酒店、夜总会、高尔夫球场等场所进行高消费；购买不动产或者新建、扩建、高档装修房屋；租赁高档写字楼、宾馆、公寓等场所办公；购买非经营必需车辆；旅游、度假；子女就读高收费私立学校；支付高额保费购买保险理财产品；乘坐G字头动车组列车全部座位、其他动车组列车一等以上座位等其他非生活和工作必需的消费行为。</p>','','_blank',0,0,1,0,1560868254,1560868254),(113,2,2,'光荣《三国志14》曝光 将于今冬登陆PS4/PC','<h1 class=\"bt\">光荣《三国志14》曝光 将于今冬登陆PS4/PC</h1>','https://www.3dmgame.com/news/201907/3767861.html','_blank',1,0,1,1,1564498784,1564499402),(114,2,2,'光荣《三国志14》曝光 将于今冬登陆PS4/PC','<h1 class=\"bt\">光荣《三国志14》曝光 将于今冬登陆PS4/PC</h1>','https://www.3dmgame.com/news/201907/3767861.html','_blank',0,1,1,1,1564499439,1564499439),(115,1,2,'test1','wwww','','_blank',0,0,0,1,1575962985,1575962985),(116,3,2,'test','test','','_blank',0,0,0,1,1576133133,1576133133),(117,3,2,'test','teste','','_blank',0,0,1,0,1576133203,1576133203),(118,0,2,'1122','222','','_blank',0,0,1,0,1576133311,1576133311),(119,0,2,'1111','111','','_blank',0,0,0,0,1576487741,1576487741),(120,1,2,'222','2333','','_blank',0,0,0,0,1576487887,1576487887),(121,0,2,'111','2222','','_blank',0,0,0,0,1576488006,1576488006),(122,3,2,'rrrr','eee','','_blank',0,0,0,0,1576488042,1576488042);

/*Table structure for table `ims_message_bak` */

DROP TABLE IF EXISTS `ims_message_bak`;

CREATE TABLE `ims_message_bak` (
  `message_id` int(11) unsigned NOT NULL AUTO_INCREMENT,
  `type` tinyint(1) NOT NULL COMMENT '消息类型(自定义)',
  `member` tinyint(1) NOT NULL DEFAULT '0' COMMENT '0=私有函 1=顾客组 2=管理组',
  `title` varchar(200) CHARACTER SET utf8mb4 COLLATE utf8mb4_unicode_ci NOT NULL COMMENT '标题',
  `content` mediumtext CHARACTER SET utf8mb4 COLLATE utf8mb4_unicode_ci NOT NULL COMMENT '内容',
  `url` varchar(255) CHARACTER SET utf8mb4 COLLATE utf8mb4_unicode_ci NOT NULL DEFAULT '' COMMENT '外部链接',
  `target` enum('_self','_blank') CHARACTER SET utf8mb4 COLLATE utf8mb4_unicode_ci NOT NULL DEFAULT '_self' COMMENT '_self _blank',
  `page_views` int(11) NOT NULL DEFAULT '0' COMMENT '游览量',
  `is_top` tinyint(1) NOT NULL DEFAULT '0' COMMENT '是否置顶 0=否 1=是',
  `status` tinyint(1) NOT NULL DEFAULT '0' COMMENT '0=禁用 1=启用',
  `is_delete` tinyint(1) NOT NULL DEFAULT '0' COMMENT '0=未删 1=已删',
  `create_time` int(11) NOT NULL DEFAULT '0' COMMENT '创建日期',
  `update_time` int(11) NOT NULL DEFAULT '0' COMMENT '更新日期',
  PRIMARY KEY (`message_id`),
  KEY `type` (`type`),
  KEY `is_top` (`is_top`),
  KEY `status` (`status`),
  KEY `is_delete` (`is_delete`),
  KEY `member` (`member`) USING BTREE,
  KEY `create_time` (`create_time`)
) ENGINE=InnoDB AUTO_INCREMENT=115 DEFAULT CHARSET=utf8mb4 COLLATE=utf8mb4_unicode_ci COMMENT='消息管理';

/*Data for the table `ims_message_bak` */

/*Table structure for table `ims_message_user` */

DROP TABLE IF EXISTS `ims_message_user`;

CREATE TABLE `ims_message_user` (
  `message_user_id` int(11) unsigned NOT NULL AUTO_INCREMENT,
  `message_id` int(11) unsigned NOT NULL DEFAULT '0' COMMENT '对应message表',
  `user_id` int(11) unsigned DEFAULT NULL COMMENT '对应user表',
  `admin_id` int(11) unsigned DEFAULT NULL COMMENT '对应admin表',
  `is_read` tinyint(1) NOT NULL DEFAULT '0' COMMENT '0=未读 1=已读',
  `is_delete` tinyint(1) NOT NULL DEFAULT '0' COMMENT '0=未删 1=已删',
  `create_time` int(11) NOT NULL DEFAULT '0' COMMENT '创建日期',
  PRIMARY KEY (`message_user_id`),
  KEY `message_id` (`message_id`),
  KEY `user_id` (`user_id`),
  KEY `is_delete` (`is_delete`),
  KEY `is_read` (`is_read`),
  KEY `admin_id` (`admin_id`)
) ENGINE=InnoDB AUTO_INCREMENT=1425 DEFAULT CHARSET=utf8mb4 COLLATE=utf8mb4_unicode_ci COMMENT='用户消息通知';

/*Data for the table `ims_message_user` */

insert  into `ims_message_user`(`message_user_id`,`message_id`,`user_id`,`admin_id`,`is_read`,`is_delete`,`create_time`) values (1,100,NULL,1,1,0,1557190419),(2,93,NULL,1,1,0,1557190423),(3,86,NULL,1,1,0,1557190538),(4,79,NULL,1,1,0,1557190541),(5,72,NULL,1,1,0,1557190546),(6,96,NULL,1,1,0,1557240729),(7,99,NULL,1,1,0,1557240738),(8,89,NULL,1,1,0,1557240744),(9,102,NULL,1,1,0,1557538006),(10,111,NULL,1,1,0,1557970370),(11,104,NULL,1,0,1,1559231135),(12,105,NULL,1,0,1,1559231135),(13,25,NULL,1,1,0,1559231146),(14,21,NULL,1,1,0,1560842833),(15,13,NULL,1,1,0,1564498651),(16,10,NULL,1,1,0,1564498655),(17,113,NULL,1,1,0,1564498796),(18,95,NULL,1,1,0,1564499102),(19,81,NULL,1,1,0,1571102846),(20,114,NULL,79,1,1,1575955939),(21,105,NULL,79,1,1,1575955949),(22,104,NULL,79,1,1,1575957695),(23,4,NULL,79,0,1,1575958252),(24,10,NULL,79,0,1,1575958252),(25,13,NULL,79,0,1,1575958252),(26,20,NULL,79,0,1,1575958252),(27,21,NULL,79,0,1,1575958252),(28,23,NULL,79,0,1,1575958252),(29,25,NULL,79,0,1,1575958252),(30,26,NULL,79,0,1,1575958252),(31,29,NULL,79,0,1,1575958252),(32,30,NULL,79,0,1,1575958252),(33,32,NULL,79,0,1,1575958252),(34,33,NULL,79,0,1,1575958252),(35,36,NULL,79,0,1,1575958252),(36,37,NULL,79,0,1,1575958252),(37,39,NULL,79,0,1,1575958252),(38,40,NULL,79,0,1,1575958252),(39,43,NULL,79,0,1,1575958252),(40,44,NULL,79,0,1,1575958252),(41,46,NULL,79,0,1,1575958252),(42,47,NULL,79,0,1,1575958252),(43,50,NULL,79,0,1,1575958252),(44,51,NULL,79,0,1,1575958252),(45,53,NULL,79,0,1,1575958252),(46,54,NULL,79,0,1,1575958252),(47,57,NULL,79,0,1,1575958252),(48,58,NULL,79,0,1,1575958252),(49,60,NULL,79,0,1,1575958252),(50,61,NULL,79,0,1,1575958252),(51,64,NULL,79,0,1,1575958252),(52,65,NULL,79,0,1,1575958252),(53,67,NULL,79,0,1,1575958252),(54,68,NULL,79,0,1,1575958252),(55,71,NULL,79,0,1,1575958252),(56,72,NULL,79,0,1,1575958252),(57,74,NULL,79,0,1,1575958252),(58,75,NULL,79,0,1,1575958252),(59,78,NULL,79,0,1,1575958252),(60,79,NULL,79,0,1,1575958252),(61,81,NULL,79,0,1,1575958252),(62,82,NULL,79,0,1,1575958252),(63,85,NULL,79,0,1,1575958252),(64,86,NULL,79,0,1,1575958252),(65,88,NULL,79,0,1,1575958252),(66,89,NULL,79,0,1,1575958252),(67,93,NULL,79,0,1,1575958252),(68,95,NULL,79,0,1,1575958252),(69,96,NULL,79,0,1,1575958252),(70,99,NULL,79,0,1,1575958252),(71,100,NULL,79,0,1,1575958252),(72,102,NULL,79,0,1,1575958252),(73,111,NULL,79,0,1,1575958252),(74,112,NULL,79,1,0,0),(75,117,NULL,79,1,0,0),(76,118,NULL,79,1,0,0),(77,118,NULL,83,1,0,0),(78,117,NULL,83,1,0,0),(79,105,NULL,63,1,0,0),(80,104,NULL,63,1,0,0),(81,111,NULL,63,1,0,0),(82,25,NULL,63,1,0,0),(83,21,NULL,63,1,0,0),(84,105,NULL,70,1,0,0),(85,104,NULL,57,1,0,0),(86,25,NULL,57,1,0,0),(87,102,NULL,57,1,0,0),(88,105,NULL,57,1,0,0),(89,105,NULL,58,1,0,0),(90,4,NULL,57,1,0,1576225410),(91,10,NULL,57,1,0,1576225410),(92,13,NULL,57,1,0,1576225410),(93,20,NULL,57,1,0,1576225410),(94,21,NULL,57,1,0,1576225410),(95,23,NULL,57,1,0,1576225410),(96,26,NULL,57,1,0,1576225410),(97,29,NULL,57,1,0,1576225410),(98,30,NULL,57,1,0,1576225410),(99,32,NULL,57,1,0,1576225410),(100,33,NULL,57,1,0,1576225410),(101,36,NULL,57,1,0,1576225410),(102,37,NULL,57,1,0,1576225410),(103,39,NULL,57,1,0,1576225410),(104,40,NULL,57,1,0,1576225410),(105,43,NULL,57,1,0,1576225410),(106,44,NULL,57,1,0,1576225410),(107,46,NULL,57,1,0,1576225410),(108,47,NULL,57,1,0,1576225410),(109,50,NULL,57,1,0,1576225410),(110,51,NULL,57,1,0,1576225410),(111,53,NULL,57,1,0,1576225410),(112,54,NULL,57,1,0,1576225410),(113,57,NULL,57,1,0,1576225410),(114,58,NULL,57,1,0,1576225410),(115,60,NULL,57,1,0,1576225410),(116,61,NULL,57,1,0,1576225410),(117,64,NULL,57,1,0,1576225410),(118,65,NULL,57,1,0,1576225410),(119,67,NULL,57,1,0,1576225410),(120,68,NULL,57,1,0,1576225410),(121,71,NULL,57,1,0,1576225410),(122,72,NULL,57,1,0,1576225410),(123,74,NULL,57,1,0,1576225410),(124,75,NULL,57,1,0,1576225410),(125,78,NULL,57,1,0,1576225410),(126,79,NULL,57,1,0,1576225410),(127,81,NULL,57,1,0,1576225410),(128,82,NULL,57,1,0,1576225410),(129,85,NULL,57,1,0,1576225410),(130,86,NULL,57,1,0,1576225410),(131,88,NULL,57,1,0,1576225410),(132,89,NULL,57,1,0,1576225410),(133,93,NULL,57,1,0,1576225410),(134,95,NULL,57,1,0,1576225410),(135,96,NULL,57,1,0,1576225410),(136,99,NULL,57,1,0,1576225410),(137,100,NULL,57,1,0,1576225410),(138,111,NULL,57,1,0,1576225410),(139,112,NULL,57,1,0,1576225410),(140,117,NULL,57,1,0,1576225410),(141,118,NULL,57,1,0,1576225410),(758,105,NULL,73,1,0,1576227603),(1257,102,NULL,63,1,0,0),(1313,4,NULL,73,1,0,1576229686),(1314,10,NULL,73,1,0,1576229686),(1315,13,NULL,73,1,0,1576229686),(1316,20,NULL,73,1,0,1576229686),(1317,21,NULL,73,1,0,1576229686),(1318,23,NULL,73,1,0,1576229686),(1319,25,NULL,73,1,0,1576229686),(1320,26,NULL,73,1,0,1576229686),(1321,29,NULL,73,1,0,1576229686),(1322,30,NULL,73,1,0,1576229686),(1323,32,NULL,73,1,0,1576229686),(1324,33,NULL,73,1,0,1576229686),(1325,36,NULL,73,1,0,1576229686),(1326,37,NULL,73,1,0,1576229686),(1327,39,NULL,73,1,0,1576229686),(1328,40,NULL,73,1,0,1576229686),(1329,43,NULL,73,1,0,1576229686),(1330,44,NULL,73,1,0,1576229686),(1331,46,NULL,73,1,0,1576229686),(1332,47,NULL,73,1,0,1576229686),(1333,50,NULL,73,1,0,1576229686),(1334,51,NULL,73,1,0,1576229686),(1335,53,NULL,73,1,0,1576229686),(1336,54,NULL,73,1,0,1576229686),(1337,57,NULL,73,1,0,1576229686),(1338,58,NULL,73,1,0,1576229686),(1339,60,NULL,73,1,0,1576229686),(1340,61,NULL,73,1,0,1576229686),(1341,64,NULL,73,1,0,1576229686),(1342,65,NULL,73,1,0,1576229686),(1343,67,NULL,73,1,0,1576229686),(1344,68,NULL,73,1,0,1576229686),(1345,71,NULL,73,1,0,1576229686),(1346,72,NULL,73,1,0,1576229686),(1347,74,NULL,73,1,0,1576229686),(1348,75,NULL,73,1,0,1576229686),(1349,78,NULL,73,1,0,1576229686),(1350,79,NULL,73,1,0,1576229686),(1351,81,NULL,73,1,0,1576229686),(1352,82,NULL,73,1,0,1576229686),(1353,85,NULL,73,1,0,1576229686),(1354,86,NULL,73,1,0,1576229686),(1355,88,NULL,73,1,0,1576229686),(1356,89,NULL,73,1,0,1576229686),(1357,93,NULL,73,1,0,1576229686),(1358,95,NULL,73,1,0,1576229686),(1359,96,NULL,73,1,0,1576229686),(1360,99,NULL,73,1,0,1576229686),(1361,100,NULL,73,1,0,1576229686),(1362,102,NULL,73,1,0,1576229686),(1363,104,NULL,73,1,0,1576229686),(1364,105,NULL,73,1,0,1576229686),(1365,111,NULL,73,1,0,1576229686),(1366,112,NULL,73,1,0,1576229686),(1367,117,NULL,73,1,0,1576229686),(1368,118,NULL,73,1,0,1576229686),(1369,4,NULL,63,1,0,1576310745),(1370,10,NULL,63,1,0,1576310745),(1371,13,NULL,63,1,0,1576310745),(1372,20,NULL,63,1,0,1576310745),(1373,21,NULL,63,1,0,1576310745),(1374,23,NULL,63,1,0,1576310745),(1375,25,NULL,63,1,0,1576310745),(1376,26,NULL,63,1,0,1576310745),(1377,29,NULL,63,1,0,1576310745),(1378,30,NULL,63,1,0,1576310745),(1379,32,NULL,63,1,0,1576310745),(1380,33,NULL,63,1,0,1576310745),(1381,36,NULL,63,1,0,1576310745),(1382,37,NULL,63,1,0,1576310745),(1383,39,NULL,63,1,0,1576310745),(1384,40,NULL,63,1,0,1576310745),(1385,43,NULL,63,1,0,1576310745),(1386,44,NULL,63,1,0,1576310745),(1387,46,NULL,63,1,0,1576310745),(1388,47,NULL,63,1,0,1576310745),(1389,50,NULL,63,1,0,1576310745),(1390,51,NULL,63,1,0,1576310745),(1391,53,NULL,63,1,0,1576310745),(1392,54,NULL,63,1,0,1576310745),(1393,57,NULL,63,1,0,1576310745),(1394,58,NULL,63,1,0,1576310745),(1395,60,NULL,63,1,0,1576310745),(1396,61,NULL,63,1,0,1576310745),(1397,64,NULL,63,1,0,1576310745),(1398,65,NULL,63,1,0,1576310745),(1399,67,NULL,63,1,0,1576310745),(1400,68,NULL,63,1,0,1576310745),(1401,71,NULL,63,1,0,1576310745),(1402,72,NULL,63,1,0,1576310745),(1403,74,NULL,63,1,0,1576310745),(1404,75,NULL,63,1,0,1576310745),(1405,78,NULL,63,1,0,1576310745),(1406,79,NULL,63,1,0,1576310745),(1407,81,NULL,63,1,0,1576310745),(1408,82,NULL,63,1,0,1576310745),(1409,85,NULL,63,1,0,1576310745),(1410,86,NULL,63,1,0,1576310745),(1411,88,NULL,63,1,0,1576310745),(1412,89,NULL,63,1,0,1576310745),(1413,93,NULL,63,1,0,1576310745),(1414,95,NULL,63,1,0,1576310745),(1415,96,NULL,63,1,0,1576310745),(1416,99,NULL,63,1,0,1576310745),(1417,100,NULL,63,1,0,1576310745),(1418,102,NULL,63,1,0,1576310745),(1419,104,NULL,63,1,0,1576310745),(1420,105,NULL,63,1,0,1576310745),(1421,111,NULL,63,1,0,1576310745),(1422,112,NULL,63,1,0,1576310745),(1423,117,NULL,63,1,0,1576310745),(1424,118,NULL,63,1,0,1576310745);

/*Table structure for table `ims_message_user_bak` */

DROP TABLE IF EXISTS `ims_message_user_bak`;

CREATE TABLE `ims_message_user_bak` (
  `message_user_id` int(11) unsigned NOT NULL AUTO_INCREMENT,
  `message_id` int(11) unsigned NOT NULL DEFAULT '0' COMMENT '对应message表',
  `user_id` int(11) unsigned DEFAULT NULL COMMENT '对应user表',
  `admin_id` int(11) unsigned DEFAULT NULL COMMENT '对应admin表',
  `is_read` tinyint(1) NOT NULL DEFAULT '0' COMMENT '0=未读 1=已读',
  `is_delete` tinyint(1) NOT NULL DEFAULT '0' COMMENT '0=未删 1=已删',
  `create_time` int(11) NOT NULL DEFAULT '0' COMMENT '创建日期',
  PRIMARY KEY (`message_user_id`),
  KEY `message_id` (`message_id`),
  KEY `user_id` (`user_id`),
  KEY `is_delete` (`is_delete`),
  KEY `is_read` (`is_read`),
  KEY `admin_id` (`admin_id`)
) ENGINE=InnoDB AUTO_INCREMENT=20 DEFAULT CHARSET=utf8mb4 COLLATE=utf8mb4_unicode_ci COMMENT='用户消息通知';

/*Data for the table `ims_message_user_bak` */

insert  into `ims_message_user_bak`(`message_user_id`,`message_id`,`user_id`,`admin_id`,`is_read`,`is_delete`,`create_time`) values (1,100,NULL,57,1,0,1557190419),(2,93,NULL,57,1,0,1557190423),(3,86,NULL,57,1,0,1557190538),(4,79,NULL,57,1,0,1557190541),(5,72,NULL,57,1,0,1557190546),(6,96,NULL,57,1,0,1557240729),(7,99,NULL,1,1,0,1557240738),(8,89,NULL,1,1,0,1557240744),(9,102,NULL,1,1,0,1557538006),(10,111,NULL,1,1,0,1557970370),(11,104,NULL,1,0,1,1559231135),(12,105,NULL,57,0,1,1559231135),(13,25,NULL,1,1,0,1559231146),(14,21,NULL,1,1,0,1560842833),(15,13,NULL,1,1,0,1564498651),(16,10,NULL,1,1,0,1564498655),(17,113,NULL,1,1,0,1564498796),(18,95,NULL,1,1,0,1564499102),(19,81,NULL,1,1,0,1571102846);

/*Table structure for table `ims_payment` */

DROP TABLE IF EXISTS `ims_payment`;

CREATE TABLE `ims_payment` (
  `payment_id` smallint(5) unsigned NOT NULL AUTO_INCREMENT,
  `name` varchar(50) CHARACTER SET utf8mb4 COLLATE utf8mb4_unicode_ci NOT NULL COMMENT '支付名称',
  `code` tinyint(1) NOT NULL COMMENT '支付编码',
  `image` varchar(512) CHARACTER SET utf8mb4 COLLATE utf8mb4_unicode_ci NOT NULL DEFAULT '' COMMENT '图片',
  `is_deposit` tinyint(1) NOT NULL COMMENT '财务充值 0=否 1=是',
  `is_inpour` tinyint(1) NOT NULL COMMENT '账号充值 0=否 1=是',
  `is_payment` tinyint(1) NOT NULL COMMENT '订单支付 0=否 1=是',
  `is_refund` tinyint(1) NOT NULL COMMENT '原路返回 0=否 1=是',
  `setting` text CHARACTER SET utf8mb4 COLLATE utf8mb4_unicode_ci NOT NULL COMMENT '配置',
  `model` varchar(50) CHARACTER SET utf8mb4 COLLATE utf8mb4_unicode_ci NOT NULL DEFAULT '' COMMENT '对应模型',
  `sort` tinyint(3) unsigned NOT NULL DEFAULT '50' COMMENT '排序',
  `status` tinyint(1) NOT NULL DEFAULT '1' COMMENT '0=禁用 1=启用',
  PRIMARY KEY (`payment_id`),
  KEY `code` (`code`),
  KEY `sort` (`sort`),
  KEY `status` (`status`)
) ENGINE=InnoDB AUTO_INCREMENT=8 DEFAULT CHARSET=utf8mb4 COLLATE=utf8mb4_unicode_ci COMMENT='支付配置';

/*Data for the table `ims_payment` */

insert  into `ims_payment`(`payment_id`,`name`,`code`,`image`,`is_deposit`,`is_inpour`,`is_payment`,`is_refund`,`setting`,`model`,`sort`,`status`) values (1,'账户资金',0,'',1,0,0,0,'[]','',50,1),(2,'货到付款',1,'',0,0,1,0,'[]','cod',50,1),(3,'支付宝',2,'aliyun.oss.careyshop.cn/uploads/files/20190525/be38ec92-46c8-4fd3-ab0c-aec2abaa6bce.png?type=aliyun',1,1,1,1,'{\"appId\":{\"name\":\"APPID\",\"value\":\"2017062558788A\",\"remark\":\"支付宝应用中的 <span style=\\\"color:#F56C6C;\\\">APPID<\\/span>\"},\"merchantPrivateKey\":{\"name\":\"商户私钥\",\"value\":\"MIIEowIBAAKCAQEAn\\/2m7I5JWxAppGySs3W0oM59LA8vXWszHf84bK4JHmTXsnwE7pw\\/KtatAu5zx4Zkfk7TPSyQQAnmLYn3W5KuTXW1c47Bsv5VCzaveWD5RviZMVN6GTB2fAFc6KKkBO5h48jxpDeXDUbi0l4jay4w3Wmw+1qi5DPi+mojNdhoTK\\/QV9T0jeqKsTlM6XmlNGuV9pmTz8S3E\\/SLj9NFMSqiiZpwRBcXOwXRgoquhW\\/CAPsSyOtBH7d6g5yxSD8TAiuH6Ip7Jg6kmUxER3vzDp8w4qNb5dtbCzb6rPFwiAeK1dlSVZeCqh9d+1BpF4S9yP61Tru4zdfFHF75YWHYLAQIDAQABAoIBAA2uPuvTbupeg3EP56t40S2BTgNkB6IXeB7Hi\\/edxC0AQucS+VzPWi565zaJoktorDZCRbT3rRIbz1Km2gheAlYjZcKDa4H8wA\\/Rz5iOrcCV859y3uwS6yDvF32L9+kqKnTSIOV1zPXnQ8BlLuwWQ79MCh+tSeJJIym8y2+jaw5CIenhISBeKr5KLkMmjfun5GN3Atm6rnhnLcoBDmwzUa4sS\\/7HKxheGFzw6DDEEN+9cweF9oVECam4qPc0v0vSNlH8tG40vQP6\\/NHZirH4lqLxD\\/BLlMBCMRMkWyk77Ds5UIOAszKuagDLT1agtCXCS3WFZPyiefDQHNH0B8XUoJECgYEAz+kVZbpEItCs89sIJ1dVkEnMKkuFG6ChvuqnRAunzau\\/uilC4DcbYBXp9eFyjLK\\/N27nPDDy+klKnbmjzbtjPdV4RIB7OhHSa4OKuRBkE\\/bRv0WDNg5uiwH3xEimESCAyf3vD7TRT1rGP3bypwKtn4RVNsoOPUfj0rBDGWJRUUcCgYEAxP8fPH76sA+Dfbv7K8cJgLqmpnY2oYnZCMJRk\\/nktBdrRmLYdy2hFHJ40tUg4skQRGHRfZDIVrLoTzLBDECT2GX4rIv5wGHxAXzTETNPwCh+0cQC80ofbo2VpLt5JqnyGmTKFMt7UPrB8CedK3THkbCGOmcu9vF563KWwkHGJXcCgYBkLOEjb7kOsU7z\\/BAUrI7Mg9I8esC6zA3C6FsJfTgv79XkQ6c2Uzb8d\\/KPhz3jLujVM7l0lf0svQ2Xq2+SW\\/x4OZfGIcW9+AJTzUCU5KHjwKPVLhAHhrKahas0xvBFBk0nhhOelLfZLVqiD5ThBXhUiLVqPbbYrf\\/GbykVXPrjVwKBgHpx1NmGV41dZy6czCbOxTJVUcY\\/zf8kLlmKZqhid+wUbmJGiCOzod6StFTfklxD+y912X+BoXR6KXkoo+NYtEyaPTIKowcYGXQCQTL8wMJAqWr6uZa86MKPkIbe3BPTKB+NrCm2vIR+CFOcW82p\\/W2p2hStE\\/z75Psas2g099NLAoGBAKIe5YGVgYTMMj5a40\\/B\\/LMNt4OxltXl1E4bcAIdSSjhniwlqCbTFjYh\\/L23h5bxL3dNR8eQNGy1kQ1n1W+quAPidteMnN2R3Neoo99n2b3l0KDeTiCwd6l3g3Hf6f92CFBtgrv6dPwHb9DUigOqOLeLug\\/zV3Dnf+W9zNHowcCJ\",\"remark\":\"支付宝应用中的 <span style=\\\"color:#F56C6C;\\\">商户私钥<\\/span>\"},\"alipayPublicKey\":{\"name\":\"支付宝公钥\",\"value\":\"MIIBIjANBgkqhkiG9w0BAQEFAAOCAQ8AMIIBCgKCAQEAzKb72eE1ykajgd6We0w3Ac+tjQmMgGeSe+3+YA36ORHvTGFIwgiCuXfgIDkRoFA2bMAVCUbIL2orFsmVlCi0M4i6ucFMTuRtjd+p+UaXWaXBdtfk2AYxmWMMn8X5QywdBAEStIP3rT7inXgu3bO0gBGVYqG5E5xHXl\\/hjTZMym5a2cxFEt7DVR5mMaq0pisZBJR1g2niDzVSltsiyhX49SblCDq2cRTmEDh2NXDTe9Xogx1ewn\\/neW7cxImxvFAAfBFhK5WK5ETLl5VHu46KY2D5S+sB2lWRvDg44ZijJFjOu3BDqPQwdjAJFO3kVUgRK+NZqBG7qZNQat5RkUp\\/iQIDAQAB\",\"remark\":\"支付宝应用中的 <span style=\\\"color:#F56C6C;\\\">支付宝公钥<\\/span>\"},\"signType\":{\"name\":\"签名方式\",\"value\":\"RSA2\",\"remark\":\"可使用RSA2、SHA256等签名方式，推荐使用 <span style=\\\"color:#F56C6C;\\\">RSA2<\\/span>\"},\"httpMethod\":{\"name\":\"页面接口方式\",\"value\":\"post\",\"remark\":\"推荐使用 <span style=\\\"color:#F56C6C;\\\">post<\\/span>\"}}','alipay',50,1),(4,'微信支付',3,'aliyun.oss.careyshop.cn/uploads/files/20190525/2db3c23d-8cba-4ab9-b244-5314b0c8f63f.png?type=aliyun',1,1,1,1,'{\"appid\":{\"name\":\"APPID\",\"value\":\"wx4940e12b12911\",\"remark\":\"微信支付APPID，对应 <span style=\\\"color:#F56C6C;\\\">appid<\\/span>\"},\"mchid\":{\"name\":\"商户号\",\"value\":\"1486303872\",\"remark\":\"微信支付商户号，对应 <span style=\\\"color:#F56C6C;\\\">mchid<\\/span>\"},\"key\":{\"name\":\"商户支付密钥\",\"value\":\"8934e7d15453e97507ef794cf7b0519a\",\"remark\":\"微信支付商户支付密钥，对应 <span style=\\\"color:#F56C6C;\\\">key<\\/span>\"},\"appsecret\":{\"name\":\"公众帐号Secert\",\"value\":\"a18a36c5420f7171432c5b5e47a55\",\"remark\":\"微信支付公众帐号Secert，对应 <span style=\\\"color:#F56C6C;\\\">appsecret<\\/span>\"},\"sslcert\":{\"name\":\"apiclient_cert\",\"value\":\"\\/var\\/www\\/html\\/www.careyshop.cn\\/extend\\/payment\\/weixin\\/cert\\/apiclient_cert.pem\",\"remark\":\"<span style=\\\"color:#F56C6C;\\\">apiclient_cert.pem<\\/span> 文件的绝对路径\"},\"sslkey\":{\"name\":\"apiclient_key\",\"value\":\"\\/var\\/www\\/html\\/www.careyshop.cn\\/extend\\/payment\\/weixin\\/cert\\/apiclient_key.pem\",\"remark\":\"<span style=\\\"color:#F56C6C;\\\">apiclient_key.pem<\\/span> 文件的绝对路径\"}}','weixin',50,1),(5,'银行转账',4,'aliyun.oss.careyshop.cn/uploads/files/20190525/da7194bc-31bf-403f-ace4-abf996be8e42.png?type=aliyun',1,0,0,0,'[]','',50,1),(6,'购物卡',5,'',0,0,0,0,'[]','',50,1),(7,'其他',6,'',1,0,0,0,'[]','',50,1);

/*Table structure for table `ims_payment_log` */

DROP TABLE IF EXISTS `ims_payment_log`;

CREATE TABLE `ims_payment_log` (
  `payment_log_id` int(11) unsigned NOT NULL AUTO_INCREMENT,
  `payment_no` varchar(50) CHARACTER SET utf8mb4 COLLATE utf8mb4_unicode_ci NOT NULL COMMENT '流水号',
  `out_trade_no` varchar(100) CHARACTER SET utf8mb4 COLLATE utf8mb4_unicode_ci NOT NULL DEFAULT '' COMMENT '交易号',
  `order_no` varchar(50) CHARACTER SET utf8mb4 COLLATE utf8mb4_unicode_ci NOT NULL DEFAULT '' COMMENT '订单号',
  `user_id` int(11) unsigned NOT NULL DEFAULT '0' COMMENT '对应user表',
  `amount` decimal(10,2) NOT NULL COMMENT '支付金额',
  `payment_time` varchar(20) CHARACTER SET utf8mb4 COLLATE utf8mb4_unicode_ci NOT NULL DEFAULT '' COMMENT '支付日期',
  `to_payment` varchar(1) CHARACTER SET utf8mb4 COLLATE utf8mb4_unicode_ci NOT NULL DEFAULT '' COMMENT '支付方式',
  `type` tinyint(1) NOT NULL COMMENT '0=充值 1=订单',
  `create_time` int(11) NOT NULL DEFAULT '0' COMMENT '创建日期',
  `update_time` int(11) NOT NULL DEFAULT '0' COMMENT '更新日期',
  `status` tinyint(1) NOT NULL DEFAULT '0' COMMENT '0=待付款 1=已完成 2=已关闭',
  PRIMARY KEY (`payment_log_id`),
  KEY `payment_no` (`payment_no`),
  KEY `user_id` (`user_id`),
  KEY `order_no` (`order_no`),
  KEY `type` (`type`),
  KEY `status` (`status`),
  KEY `trade_no` (`out_trade_no`)
) ENGINE=InnoDB AUTO_INCREMENT=183 DEFAULT CHARSET=utf8mb4 COLLATE=utf8mb4_unicode_ci COMMENT='支付日志';

/*Data for the table `ims_payment_log` */

insert  into `ims_payment_log`(`payment_log_id`,`payment_no`,`out_trade_no`,`order_no`,`user_id`,`amount`,`payment_time`,`to_payment`,`type`,`create_time`,`update_time`,`status`) values (3,'ZF_I1049554124677490001','4200000013201801047643752535','PO_I1049550470892670001',1,'0.10','2018-01-04 00:06:17','3',1,1514995541,1514995578,1),(4,'ZF_I3214089531968020001','','',1,'0.01','2018-01-04 00:06:17','0',0,1521640895,1521640895,0),(5,'ZF_I3271779247864060001','','',1,'0.01','2018-01-04 00:06:17','3',0,1522117792,1522117792,0),(6,'ZF_I3271781158763900001','','',1,'0.01','2018-01-04 00:06:17','2',0,1522117811,1522117811,0),(7,'ZF_I4031951688940590001','','',1,'0.01','2018-01-04 00:06:17','3',0,1522719516,1522719516,0),(8,'ZF_I4031952303348170001','','',1,'0.01','2018-01-04 00:06:17','1',0,1522719523,1522719523,0),(9,'ZF_I4031952416608270001','','',1,'0.01','2018-01-04 00:06:17','4',0,1522719524,1522719524,0),(10,'ZF_I4031952540192220001','','',1,'0.01','2018-01-04 00:06:17','5',0,1522719525,1522719525,0),(11,'ZF_I4031954680808830001','','',1,'0.01','2018-01-04 00:06:17','',0,1522719546,1522719546,0),(12,'ZF_I4031954971632090001','','',1,'0.01','2018-01-04 00:06:17','',0,1522719549,1522719549,0),(13,'ZF_I1049554124677490001','4200000013201801047643752535','PO_I1049550470892670001',1,'0.10','2018-01-04 00:06:17','3',1,1514995541,1514995578,1),(14,'ZF_I3214089531968020001','','',1,'0.01','2018-01-04 00:06:17','2',0,1521640895,1521640895,0),(15,'ZF_I3271779247864060001','','',1,'0.01','2018-01-04 00:06:17','3',0,1522117792,1522117792,0),(16,'ZF_I3271781158763900001','','',1,'0.01','2018-01-04 00:06:17','2',0,1522117811,1522117811,0),(17,'ZF_I4031951688940590001','','',1,'0.01','2018-01-04 00:06:17','3',0,1522719516,1522719516,0),(18,'ZF_I4031952303348170001','','',1,'0.01','2018-01-04 00:06:17','1',0,1522719523,1522719523,0),(19,'ZF_I4031952416608270001','','',1,'0.01','2018-01-04 00:06:17','4',0,1522719524,1522719524,0),(20,'ZF_I4031952540192220001','','',1,'0.01','2018-01-04 00:06:17','5',0,1522719525,1522719525,0),(21,'ZF_I4031954680808830001','','',1,'0.01','2018-01-04 00:06:17','',0,1522719546,1522719546,0),(22,'ZF_I4031954971632090001','','',1,'0.01','2018-01-04 00:06:17','',0,1522719549,1522719549,0),(23,'ZF_I1049554124677490001','4200000013201801047643752535','PO_I1049550470892670001',1,'0.10','2018-01-04 00:06:17','3',1,1514995541,1514995578,1),(24,'ZF_I3214089531968020001','','',1,'0.01','2018-01-04 00:06:17','2',0,1521640895,1521640895,0),(25,'ZF_I3271779247864060001','','',1,'0.01','2018-01-04 00:06:17','3',0,1522117792,1522117792,0),(26,'ZF_I3271781158763900001','','',1,'0.01','2018-01-04 00:06:17','2',0,1522117811,1522117811,0),(27,'ZF_I4031951688940590001','','',1,'0.01','2018-01-04 00:06:17','3',0,1522719516,1522719516,0),(28,'ZF_I4031952303348170001','','',1,'0.01','2018-01-04 00:06:17','1',0,1522719523,1522719523,0),(29,'ZF_I4031952416608270001','','',1,'0.01','2018-01-04 00:06:17','4',0,1522719524,1522719524,0),(30,'ZF_I4031952540192220001','','',1,'0.01','2018-01-04 00:06:17','5',0,1522719525,1522719525,0),(31,'ZF_I4031954680808830001','','',1,'0.01','2018-01-04 00:06:17','',0,1522719546,1522719546,0),(32,'ZF_I4031954971632090001','','',1,'0.01','2018-01-04 00:06:17','',0,1522719549,1522719549,0),(33,'ZF_I1049554124677490001','4200000013201801047643752535','PO_I1049550470892670001',1,'0.10','2018-01-04 00:06:17','3',1,1514995541,1514995578,1),(34,'ZF_I3214089531968020001','','',1,'0.01','2018-01-04 00:06:17','2',0,1521640895,1521640895,0),(35,'ZF_I3271779247864060001','','',1,'0.01','2018-01-04 00:06:17','3',0,1522117792,1522117792,0),(36,'ZF_I3271781158763900001','','',1,'0.01','2018-01-04 00:06:17','2',0,1522117811,1522117811,0),(37,'ZF_I4031951688940590001','','',1,'0.01','2018-01-04 00:06:17','3',0,1522719516,1522719516,0),(38,'ZF_I4031952303348170001','','',1,'0.01','2018-01-04 00:06:17','1',0,1522719523,1522719523,0),(39,'ZF_I4031952416608270001','','',1,'0.01','2018-01-04 00:06:17','4',0,1522719524,1522719524,0),(40,'ZF_I4031952540192220001','','',1,'0.01','2018-01-04 00:06:17','5',0,1522719525,1522719525,0),(41,'ZF_I4031954680808830001','','',1,'0.01','2018-01-04 00:06:17','',0,1522719546,1522719546,0),(42,'ZF_I4031954971632090001','','',1,'0.01','2018-01-04 00:06:17','',0,1522719549,1522719549,0),(43,'ZF_I1049554124677490001','4200000013201801047643752535','PO_I1049550470892670001',1,'0.10','2018-01-04 00:06:17','3',1,1514995541,1514995578,1),(44,'ZF_I3214089531968020001','','',1,'0.01','2018-01-04 00:06:17','2',0,1521640895,1521640895,0),(45,'ZF_I3271779247864060001','','',1,'0.01','2018-01-04 00:06:17','3',0,1522117792,1522117792,0),(46,'ZF_I3271781158763900001','','',1,'0.01','2018-01-04 00:06:17','2',0,1522117811,1522117811,0),(47,'ZF_I4031951688940590001','','',1,'0.01','2018-01-04 00:06:17','3',0,1522719516,1522719516,0),(48,'ZF_I4031952303348170001','','',1,'0.01','2018-01-04 00:06:17','1',0,1522719523,1522719523,0),(49,'ZF_I4031952416608270001','','',1,'0.01','2018-01-04 00:06:17','4',0,1522719524,1522719524,0),(50,'ZF_I4031952540192220001','','',1,'0.01','2018-01-04 00:06:17','5',0,1522719525,1522719525,0),(51,'ZF_I4031954680808830001','','',1,'0.01','2018-01-04 00:06:17','',0,1522719546,1522719546,0),(52,'ZF_I4031954971632090001','','',1,'0.01','2018-01-04 00:06:17','',0,1522719549,1522719549,0),(53,'ZF_I1049554124677490001','4200000013201801047643752535','PO_I1049550470892670001',1,'0.10','2018-01-04 00:06:17','3',1,1514995541,1514995578,1),(54,'ZF_I3214089531968020001','','',1,'0.01','2018-01-04 00:06:17','2',0,1521640895,1521640895,0),(55,'ZF_I3271779247864060001','','',1,'0.01','2018-01-04 00:06:17','3',0,1522117792,1522117792,0),(56,'ZF_I3271781158763900001','','',1,'0.01','2018-01-04 00:06:17','2',0,1522117811,1522117811,0),(57,'ZF_I4031951688940590001','','',1,'0.01','2018-01-04 00:06:17','3',0,1522719516,1522719516,0),(58,'ZF_I4031952303348170001','','',1,'0.01','2018-01-04 00:06:17','1',0,1522719523,1522719523,0),(59,'ZF_I4031952416608270001','','',1,'0.01','2018-01-04 00:06:17','4',0,1522719524,1522719524,0),(60,'ZF_I4031952540192220001','','',1,'0.01','2018-01-04 00:06:17','5',0,1522719525,1522719525,0),(61,'ZF_I4031954680808830001','','',1,'0.01','2018-01-04 00:06:17','',0,1522719546,1522719546,0),(62,'ZF_I4031954971632090001','','',1,'0.01','2018-01-04 00:06:17','',0,1522719549,1522719549,0),(63,'ZF_I1049554124677490001','4200000013201801047643752535','PO_I1049550470892670001',1,'0.10','2018-01-04 00:06:17','3',1,1514995541,1514995578,1),(64,'ZF_I3214089531968020001','','',1,'0.01','2018-01-04 00:06:17','2',0,1521640895,1521640895,0),(65,'ZF_I3271779247864060001','','',1,'0.01','2018-01-04 00:06:17','3',0,1522117792,1522117792,0),(66,'ZF_I3271781158763900001','','',1,'0.01','2018-01-04 00:06:17','2',0,1522117811,1522117811,0),(67,'ZF_I4031951688940590001','','',1,'0.01','2018-01-04 00:06:17','3',0,1522719516,1522719516,0),(68,'ZF_I4031952303348170001','','',1,'0.01','2018-01-04 00:06:17','1',0,1522719523,1522719523,0),(69,'ZF_I4031952416608270001','','',1,'0.01','2018-01-04 00:06:17','4',0,1522719524,1522719524,0),(70,'ZF_I4031952540192220001','','',1,'0.01','2018-01-04 00:06:17','5',0,1522719525,1522719525,0),(71,'ZF_I4031954680808830001','','',1,'0.01','2018-01-04 00:06:17','',0,1522719546,1522719546,0),(72,'ZF_I4031954971632090001','','',1,'0.01','2018-01-04 00:06:17','',0,1522719549,1522719549,0),(73,'ZF_I1049554124677490001','4200000013201801047643752535','PO_I1049550470892670001',1,'0.10','2018-01-04 00:06:17','3',1,1514995541,1514995578,1),(74,'ZF_I3214089531968020001','','',1,'0.01','2018-01-04 00:06:17','2',0,1521640895,1521640895,0),(75,'ZF_I3271779247864060001','','',1,'0.01','2018-01-04 00:06:17','3',0,1522117792,1522117792,0),(76,'ZF_I3271781158763900001','','',1,'0.01','2018-01-04 00:06:17','2',0,1522117811,1522117811,0),(77,'ZF_I4031951688940590001','','',1,'0.01','2018-01-04 00:06:17','3',0,1522719516,1522719516,0),(78,'ZF_I4031952303348170001','','',1,'0.01','2018-01-04 00:06:17','1',0,1522719523,1522719523,0),(79,'ZF_I4031952416608270001','','',1,'0.01','2018-01-04 00:06:17','4',0,1522719524,1522719524,0),(80,'ZF_I4031952540192220001','','',1,'0.01','2018-01-04 00:06:17','5',0,1522719525,1522719525,0),(81,'ZF_I4031954680808830001','','',1,'0.01','2018-01-04 00:06:17','',0,1522719546,1522719546,0),(82,'ZF_I4031954971632090001','','',1,'0.01','2018-01-04 00:06:17','',0,1522719549,1522719549,0),(83,'ZF_I1049554124677490001','4200000013201801047643752535','PO_I1049550470892670001',1,'0.10','2018-01-04 00:06:17','3',1,1514995541,1514995578,1),(84,'ZF_I3214089531968020001','','',1,'0.01','2018-01-04 00:06:17','2',0,1521640895,1521640895,0),(85,'ZF_I3271779247864060001','','',1,'0.01','2018-01-04 00:06:17','3',0,1522117792,1522117792,0),(86,'ZF_I3271781158763900001','','',1,'0.01','2018-01-04 00:06:17','2',0,1522117811,1522117811,0),(87,'ZF_I4031951688940590001','','',1,'0.01','2018-01-04 00:06:17','3',0,1522719516,1522719516,0),(88,'ZF_I4031952303348170001','','',1,'0.01','2018-01-04 00:06:17','1',0,1522719523,1522719523,0),(89,'ZF_I4031952416608270001','','',1,'0.01','2018-01-04 00:06:17','4',0,1522719524,1522719524,0),(90,'ZF_I4031952540192220001','','',1,'0.01','2018-01-04 00:06:17','5',0,1522719525,1522719525,0),(91,'ZF_I4031954680808830001','','',1,'0.01','2018-01-04 00:06:17','',0,1522719546,1522719546,0),(92,'ZF_I4031954971632090001','','',1,'0.01','2018-01-04 00:06:17','',0,1522719549,1522719549,0),(93,'ZF_I1049554124677490001','4200000013201801047643752535','PO_I1049550470892670001',1,'0.10','2018-01-04 00:06:17','3',1,1514995541,1514995578,1),(94,'ZF_I3214089531968020001','','',1,'0.01','2018-01-04 00:06:17','2',0,1521640895,1521640895,0),(95,'ZF_I3271779247864060001','','',1,'0.01','2018-01-04 00:06:17','3',0,1522117792,1522117792,0),(96,'ZF_I3271781158763900001','','',1,'0.01','2018-01-04 00:06:17','2',0,1522117811,1522117811,0),(97,'ZF_I4031951688940590001','','',1,'0.01','2018-01-04 00:06:17','3',0,1522719516,1522719516,0),(98,'ZF_I4031952303348170001','','',1,'0.01','2018-01-04 00:06:17','1',0,1522719523,1522719523,0),(99,'ZF_I4031952416608270001','','',1,'0.01','2018-01-04 00:06:17','4',0,1522719524,1522719524,0),(100,'ZF_I4031952540192220001','','',1,'0.01','2018-01-04 00:06:17','5',0,1522719525,1522719525,0),(101,'ZF_I4031954680808830001','','',1,'0.01','2018-01-04 00:06:17','',0,1522719546,1522719546,0),(102,'ZF_I4031954971632090001','','',1,'0.01','2018-01-04 00:06:17','',0,1522719549,1522719549,0),(103,'ZF_I1049554124677490001','4200000013201801047643752535','PO_I1049550470892670001',1,'0.10','2018-01-04 00:06:17','3',1,1514995541,1514995578,1),(104,'ZF_I3214089531968020001','','',1,'0.01','2018-01-04 00:06:17','2',0,1521640895,1521640895,0),(105,'ZF_I3271779247864060001','','',1,'0.01','2018-01-04 00:06:17','3',0,1522117792,1522117792,0),(106,'ZF_I3271781158763900001','','',1,'0.01','2018-01-04 00:06:17','2',0,1522117811,1522117811,0),(107,'ZF_I4031951688940590001','','',1,'0.01','2018-01-04 00:06:17','3',0,1522719516,1522719516,0),(108,'ZF_I4031952303348170001','','',1,'0.01','2018-01-04 00:06:17','1',0,1522719523,1522719523,0),(109,'ZF_I4031952416608270001','','',1,'0.01','2018-01-04 00:06:17','4',0,1522719524,1522719524,0),(110,'ZF_I4031952540192220001','','',1,'0.01','2018-01-04 00:06:17','5',0,1522719525,1522719525,0),(111,'ZF_I4031954680808830001','','',1,'0.01','2018-01-04 00:06:17','',0,1522719546,1522719546,0),(112,'ZF_I4031954971632090001','','',1,'0.01','2018-01-04 00:06:17','',0,1522719549,1522719549,0),(113,'ZF_I1049554124677490001','4200000013201801047643752535','PO_I1049550470892670001',1,'0.10','2018-01-04 00:06:17','3',1,1514995541,1514995578,1),(114,'ZF_I3214089531968020001','','',1,'0.01','2018-01-04 00:06:17','2',0,1521640895,1521640895,0),(115,'ZF_I3271779247864060001','','',1,'0.01','2018-01-04 00:06:17','3',0,1522117792,1522117792,0),(116,'ZF_I3271781158763900001','','',1,'0.01','2018-01-04 00:06:17','2',0,1522117811,1522117811,0),(117,'ZF_I4031951688940590001','','',1,'0.01','2018-01-04 00:06:17','3',0,1522719516,1522719516,0),(118,'ZF_I4031952303348170001','','',1,'0.01','2018-01-04 00:06:17','1',0,1522719523,1522719523,0),(119,'ZF_I4031952416608270001','','',1,'0.01','2018-01-04 00:06:17','4',0,1522719524,1522719524,0),(120,'ZF_I4031952540192220001','','',1,'0.01','2018-01-04 00:06:17','5',0,1522719525,1522719525,0),(121,'ZF_I4031954680808830001','','',1,'0.01','2018-01-04 00:06:17','',0,1522719546,1522719546,0),(122,'ZF_I4031954971632090001','','',1,'0.01','2018-01-04 00:06:17','',0,1522719549,1522719549,0),(123,'ZF_I1049554124677490001','4200000013201801047643752535','PO_I1049550470892670001',1,'0.10','2018-01-04 00:06:17','3',1,1514995541,1514995578,1),(124,'ZF_I3214089531968020001','','',1,'0.01','2018-01-04 00:06:17','2',0,1521640895,1521640895,0),(125,'ZF_I3271779247864060001','','',1,'0.01','2018-01-04 00:06:17','3',0,1522117792,1522117792,0),(126,'ZF_I3271781158763900001','','',1,'0.01','2018-01-04 00:06:17','2',0,1522117811,1522117811,0),(127,'ZF_I4031951688940590001','','',1,'0.01','2018-01-04 00:06:17','3',0,1522719516,1522719516,0),(128,'ZF_I4031952303348170001','','',1,'0.01','2018-01-04 00:06:17','1',0,1522719523,1522719523,0),(129,'ZF_I4031952416608270001','','',1,'0.01','2018-01-04 00:06:17','4',0,1522719524,1522719524,0),(130,'ZF_I4031952540192220001','','',1,'0.01','2018-01-04 00:06:17','5',0,1522719525,1522719525,0),(131,'ZF_I4031954680808830001','','',1,'0.01','2018-01-04 00:06:17','',0,1522719546,1522719546,0),(132,'ZF_I4031954971632090001','','',1,'0.01','2018-01-04 00:06:17','',0,1522719549,1522719549,0),(133,'ZF_I1049554124677490001','4200000013201801047643752535','PO_I1049550470892670001',1,'0.10','2018-01-04 00:06:17','3',1,1514995541,1514995578,1),(134,'ZF_I3214089531968020001','','',1,'0.01','2018-01-04 00:06:17','2',0,1521640895,1521640895,0),(135,'ZF_I3271779247864060001','','',1,'0.01','2018-01-04 00:06:17','3',0,1522117792,1522117792,0),(136,'ZF_I3271781158763900001','','',1,'0.01','2018-01-04 00:06:17','2',0,1522117811,1522117811,0),(137,'ZF_I4031951688940590001','','',1,'0.01','2018-01-04 00:06:17','3',0,1522719516,1522719516,0),(138,'ZF_I4031952303348170001','','',1,'0.01','2018-01-04 00:06:17','1',0,1522719523,1522719523,0),(139,'ZF_I4031952416608270001','','',1,'0.01','2018-01-04 00:06:17','4',0,1522719524,1522719524,0),(140,'ZF_I4031952540192220001','','',1,'0.01','2018-01-04 00:06:17','5',0,1522719525,1522719525,0),(141,'ZF_I4031954680808830001','','',1,'0.01','2018-01-04 00:06:17','',0,1522719546,1522719546,0),(142,'ZF_I4031954971632090001','','',1,'0.01','2018-01-04 00:06:17','',0,1522719549,1522719549,0),(143,'ZF_I1049554124677490001','4200000013201801047643752535','PO_I1049550470892670001',1,'0.10','2018-01-04 00:06:17','3',1,1514995541,1514995578,1),(144,'ZF_I3214089531968020001','','',1,'0.01','2018-01-04 00:06:17','2',0,1521640895,1521640895,0),(145,'ZF_I3271779247864060001','','',1,'0.01','2018-01-04 00:06:17','3',0,1522117792,1522117792,0),(146,'ZF_I3271781158763900001','','',1,'0.01','2018-01-04 00:06:17','2',0,1522117811,1522117811,0),(147,'ZF_I4031951688940590001','','',1,'0.01','2018-01-04 00:06:17','3',0,1522719516,1522719516,0),(148,'ZF_I4031952303348170001','','',1,'0.01','2018-01-04 00:06:17','1',0,1522719523,1522719523,0),(149,'ZF_I4031952416608270001','','',1,'0.01','2018-01-04 00:06:17','4',0,1522719524,1522719524,0),(150,'ZF_I4031952540192220001','','',1,'0.01','2018-01-04 00:06:17','5',0,1522719525,1522719525,0),(151,'ZF_I4031954680808830001','','',1,'0.01','2018-01-04 00:06:17','',0,1522719546,1522719546,0),(152,'ZF_I4031954971632090001','','',1,'0.01','2018-01-04 00:06:17','',0,1522719549,1522719549,0),(153,'ZF_I1049554124677490001','4200000013201801047643752535','PO_I1049550470892670001',1,'0.10','2018-01-04 00:06:17','3',1,1514995541,1514995578,1),(154,'ZF_I3214089531968020001','','',1,'0.01','2018-01-04 00:06:17','2',0,1521640895,1521640895,0),(155,'ZF_I3271779247864060001','','',1,'0.01','2018-01-04 00:06:17','3',0,1522117792,1522117792,0),(156,'ZF_I3271781158763900001','','',1,'0.01','2018-01-04 00:06:17','2',0,1522117811,1522117811,0),(157,'ZF_I4031951688940590001','','',1,'0.01','2018-01-04 00:06:17','3',0,1522719516,1522719516,0),(158,'ZF_I4031952303348170001','','',1,'0.01','2018-01-04 00:06:17','1',0,1522719523,1522719523,0),(159,'ZF_I4031952416608270001','','',1,'0.01','2018-01-04 00:06:17','4',0,1522719524,1522719524,0),(160,'ZF_I4031952540192220001','','',1,'0.01','2018-01-04 00:06:17','5',0,1522719525,1522719525,0),(161,'ZF_I4031954680808830001','','',1,'0.01','2018-01-04 00:06:17','',0,1522719546,1522719546,0),(162,'ZF_I4031954971632090001','','',1,'0.01','2018-01-04 00:06:17','',0,1522719549,1522719549,0),(163,'ZF_I1049554124677490001','4200000013201801047643752535','PO_I1049550470892670001',1,'0.10','2018-01-04 00:06:17','3',1,1514995541,1514995578,1),(164,'ZF_I3214089531968020001','','',1,'0.01','2018-01-04 00:06:17','2',0,1521640895,1521640895,0),(165,'ZF_I3271779247864060001','','',1,'0.01','2018-01-04 00:06:17','3',0,1522117792,1522117792,0),(166,'ZF_I3271781158763900001','','',1,'0.01','2018-01-04 00:06:17','2',0,1522117811,1522117811,0),(167,'ZF_I4031951688940590001','','',1,'0.01','2018-01-04 00:06:17','3',0,1522719516,1522719516,0),(168,'ZF_I4031952303348170001','','',1,'0.01','2018-01-04 00:06:17','1',0,1522719523,1522719523,0),(169,'ZF_I4031952416608270001','','',1,'0.01','2018-01-04 00:06:17','4',0,1522719524,1522719524,0),(170,'ZF_I4031952540192220001','','',1,'0.01','2018-01-04 00:06:17','5',0,1522719525,1522719525,0),(171,'ZF_I4031954680808830001','','',1,'0.01','2018-01-04 00:06:17','',0,1522719546,1522719546,0),(172,'ZF_I4031954971632090001','','',1,'0.01','2018-01-04 00:06:17','',0,1522719549,1522719549,0),(173,'ZF_I1049554124677490001','4200000013201801047643752535','PO_I1049550470892670001',1,'0.10','2018-01-04 00:06:17','3',1,1514995541,1514995578,1),(174,'ZF_I3214089531968020001','','',1,'0.01','2018-01-04 00:06:17','2',0,1521640895,1521640895,0),(175,'ZF_I3271779247864060001','','',1,'0.01','2018-01-04 00:06:17','3',0,1522117792,1522117792,0),(176,'ZF_I3271781158763900001','','',1,'0.01','2018-01-04 00:06:17','2',0,1522117811,1522117811,0),(177,'ZF_I4031951688940590001','','',1,'0.01','2018-01-04 00:06:17','3',0,1522719516,1522719516,0),(178,'ZF_I4031952303348170001','','',1,'0.01','2018-01-04 00:06:17','1',0,1522719523,1522719523,0),(179,'ZF_I4031952416608270001','','',1,'0.04','2018-01-04 00:06:17','4',0,1522719524,1522719524,0),(180,'ZF_I4031952540192220001','','',1,'0.03','2018-01-04 00:06:17','5',0,1522719525,1522719525,0),(181,'ZF_I4031954680808830001','','',1,'0.02','2018-01-04 00:06:17','',0,1522719546,1522719546,2),(182,'ZF_I4031954971632090001','','',1,'1.00','2018-01-04 00:06:17','',0,1522719549,1522719549,0);

/*Table structure for table `ims_region` */

DROP TABLE IF EXISTS `ims_region`;

CREATE TABLE `ims_region` (
  `region_id` smallint(5) unsigned NOT NULL AUTO_INCREMENT,
  `parent_id` smallint(5) unsigned NOT NULL DEFAULT '0' COMMENT '父节点id',
  `region_name` varchar(120) CHARACTER SET utf8mb4 COLLATE utf8mb4_unicode_ci NOT NULL DEFAULT '' COMMENT '区域名称',
  `sort` tinyint(3) unsigned NOT NULL DEFAULT '50' COMMENT '排序',
  `is_delete` tinyint(1) NOT NULL DEFAULT '0' COMMENT '0=未删 1=已删',
  PRIMARY KEY (`region_id`),
  KEY `parent_id` (`parent_id`),
  KEY `is_delete` (`is_delete`),
  KEY `sort` (`sort`)
) ENGINE=InnoDB AUTO_INCREMENT=4089 DEFAULT CHARSET=utf8mb4 COLLATE=utf8mb4_unicode_ci COMMENT='区域';

/*Data for the table `ims_region` */

insert  into `ims_region`(`region_id`,`parent_id`,`region_name`,`sort`,`is_delete`) values (1,0,'中国',50,0),(2,1,'北京',1,0),(3,1,'天津',3,0),(4,1,'河北',5,0),(5,1,'山西',6,0),(6,1,'内蒙古',11,0),(7,1,'辽宁',8,0),(8,1,'吉林',9,0),(9,1,'黑龙江',10,0),(10,1,'上海',2,0),(11,1,'江苏',12,0),(12,1,'浙江',15,0),(13,1,'安徽',14,0),(14,1,'福建',16,0),(15,1,'江西',21,0),(16,1,'山东',13,0),(17,1,'河南',7,0),(18,1,'湖北',17,0),(19,1,'湖南',18,0),(20,1,'广东',19,0),(21,1,'广西',20,0),(22,1,'海南',23,0),(23,1,'重庆',4,0),(24,1,'四川',22,0),(25,1,'贵州',24,0),(26,1,'云南',25,0),(27,1,'西藏',26,0),(28,1,'陕西',27,0),(29,1,'甘肃',28,0),(30,1,'青海',29,0),(31,1,'宁夏',30,0),(32,1,'新疆',31,0),(33,1,'台湾',34,0),(34,1,'香港',32,0),(35,1,'澳门',33,0),(37,2,'北京市',50,0),(38,3,'天津市',50,0),(39,4,'石家庄市',50,0),(40,4,'唐山市',50,0),(41,4,'秦皇岛市',50,0),(42,4,'邯郸市',50,0),(43,4,'邢台市',50,0),(44,4,'保定市',50,0),(45,4,'张家口市',50,0),(46,4,'承德市',50,0),(47,4,'沧州市',50,0),(48,4,'廊坊市',50,0),(49,4,'衡水市',50,0),(50,5,'太原市',50,0),(51,5,'大同市',50,0),(52,5,'阳泉市',50,0),(53,5,'长治市',50,0),(54,5,'晋城市',50,0),(55,5,'朔州市',50,0),(56,5,'晋中市',50,0),(57,5,'运城市',50,0),(58,5,'忻州市',50,0),(59,5,'临汾市',50,0),(60,5,'吕梁市',50,0),(61,6,'呼和浩特市',50,0),(62,6,'包头市',50,0),(63,6,'乌海市',50,0),(64,6,'赤峰市',50,0),(65,6,'通辽市',50,0),(66,6,'鄂尔多斯市',50,0),(67,6,'呼伦贝尔市',50,0),(68,6,'巴彦淖尔市',50,0),(69,6,'乌兰察布市',50,0),(70,6,'兴安盟',50,0),(71,6,'锡林郭勒盟',50,0),(72,6,'阿拉善盟',50,0),(73,7,'沈阳市',50,0),(74,7,'大连市',50,0),(75,7,'鞍山市',50,0),(76,7,'抚顺市',50,0),(77,7,'本溪市',50,0),(78,7,'丹东市',50,0),(79,7,'锦州市',50,0),(80,7,'营口市',50,0),(81,7,'阜新市',50,0),(82,7,'辽阳市',50,0),(83,7,'盘锦市',50,0),(84,7,'铁岭市',50,0),(85,7,'朝阳市',50,0),(86,7,'葫芦岛市',50,0),(87,8,'长春市',50,0),(88,8,'吉林市',50,0),(89,8,'四平市',50,0),(90,8,'辽源市',50,0),(91,8,'通化市',50,0),(92,8,'白山市',50,0),(93,8,'松原市',50,0),(94,8,'白城市',50,0),(95,8,'延边朝鲜族自治州',50,0),(96,9,'哈尔滨市',50,0),(97,9,'齐齐哈尔市',50,0),(98,9,'鸡西市',50,0),(99,9,'鹤岗市',50,0),(100,9,'双鸭山市',50,0),(101,9,'大庆市',50,0),(102,9,'伊春市',50,0),(103,9,'佳木斯市',50,0),(104,9,'七台河市',50,0),(105,9,'牡丹江市',50,0),(106,9,'黑河市',50,0),(107,9,'绥化市',50,0),(108,9,'大兴安岭地区',50,0),(109,10,'上海市',50,0),(110,11,'南京市',50,0),(111,11,'无锡市',50,0),(112,11,'徐州市',50,0),(113,11,'常州市',50,0),(114,11,'苏州市',50,0),(115,11,'南通市',50,0),(116,11,'连云港市',50,0),(117,11,'淮安市',50,0),(118,11,'盐城市',50,0),(119,11,'扬州市',50,0),(120,11,'镇江市',50,0),(121,11,'泰州市',50,0),(122,11,'宿迁市',50,0),(123,12,'杭州市',50,0),(124,12,'宁波市',50,0),(125,12,'温州市',50,0),(126,12,'嘉兴市',50,0),(127,12,'湖州市',50,0),(128,12,'绍兴市',50,0),(129,12,'金华市',50,0),(130,12,'衢州市',50,0),(131,12,'舟山市',50,0),(132,12,'台州市',50,0),(133,12,'丽水市',50,0),(134,13,'合肥市',50,0),(135,13,'芜湖市',50,0),(136,13,'蚌埠市',50,0),(137,13,'淮南市',50,0),(138,13,'马鞍山市',50,0),(139,13,'淮北市',50,0),(140,13,'铜陵市',50,0),(141,13,'安庆市',50,0),(142,13,'黄山市',50,0),(143,13,'滁州市',50,0),(144,13,'阜阳市',50,0),(145,13,'宿州市',50,0),(146,13,'六安市',50,0),(147,13,'亳州市',50,0),(148,13,'池州市',50,0),(149,13,'宣城市',50,0),(150,14,'福州市',50,0),(151,14,'厦门市',50,0),(152,14,'莆田市',50,0),(153,14,'三明市',50,0),(154,14,'泉州市',50,0),(155,14,'漳州市',50,0),(156,14,'南平市',50,0),(157,14,'龙岩市',50,0),(158,14,'宁德市',50,0),(159,15,'南昌市',50,0),(160,15,'景德镇市',50,0),(161,15,'萍乡市',50,0),(162,15,'九江市',50,0),(163,15,'新余市',50,0),(164,15,'鹰潭市',50,0),(165,15,'赣州市',50,0),(166,15,'吉安市',50,0),(167,15,'宜春市',50,0),(168,15,'抚州市',50,0),(169,15,'上饶市',50,0),(170,16,'济南市',50,0),(171,16,'青岛市',50,0),(172,16,'淄博市',50,0),(173,16,'枣庄市',50,0),(174,16,'东营市',50,0),(175,16,'烟台市',50,0),(176,16,'潍坊市',50,0),(177,16,'济宁市',50,0),(178,16,'泰安市',50,0),(179,16,'威海市',50,0),(180,16,'日照市',50,0),(181,16,'莱芜市',50,0),(182,16,'临沂市',50,0),(183,16,'德州市',50,0),(184,16,'聊城市',50,0),(185,16,'滨州市',50,0),(186,16,'菏泽市',50,0),(187,17,'郑州市',50,0),(188,17,'开封市',50,0),(189,17,'洛阳市',50,0),(190,17,'平顶山市',50,0),(191,17,'安阳市',50,0),(192,17,'鹤壁市',50,0),(193,17,'新乡市',50,0),(194,17,'焦作市',50,0),(195,17,'濮阳市',50,0),(196,17,'许昌市',50,0),(197,17,'漯河市',50,0),(198,17,'三门峡市',50,0),(199,17,'南阳市',50,0),(200,17,'商丘市',50,0),(201,17,'信阳市',50,0),(202,17,'周口市',50,0),(203,17,'驻马店市',50,0),(204,18,'武汉市',50,0),(205,18,'黄石市',50,0),(206,18,'十堰市',50,0),(207,18,'宜昌市',50,0),(208,18,'襄阳市',50,0),(209,18,'鄂州市',50,0),(210,18,'荆门市',50,0),(211,18,'孝感市',50,0),(212,18,'荆州市',50,0),(213,18,'黄冈市',50,0),(214,18,'咸宁市',50,0),(215,18,'随州市',50,0),(216,18,'恩施土家族苗族自治州',50,0),(217,19,'长沙市',50,0),(218,19,'株洲市',50,0),(219,19,'湘潭市',50,0),(220,19,'衡阳市',50,0),(221,19,'邵阳市',50,0),(222,19,'岳阳市',50,0),(223,19,'常德市',50,0),(224,19,'张家界市',50,0),(225,19,'益阳市',50,0),(226,19,'郴州市',50,0),(227,19,'永州市',50,0),(228,19,'怀化市',50,0),(229,19,'娄底市',50,0),(230,19,'湘西土家族苗族自治州',50,0),(231,20,'广州市',50,0),(232,20,'韶关市',50,0),(233,20,'深圳市',50,0),(234,20,'珠海市',50,0),(235,20,'汕头市',50,0),(236,20,'佛山市',50,0),(237,20,'江门市',50,0),(238,20,'湛江市',50,0),(239,20,'茂名市',50,0),(240,20,'肇庆市',50,0),(241,20,'惠州市',50,0),(242,20,'梅州市',50,0),(243,20,'汕尾市',50,0),(244,20,'河源市',50,0),(245,20,'阳江市',50,0),(246,20,'清远市',50,0),(247,20,'东莞市',50,0),(248,20,'中山市',50,0),(249,20,'东沙群岛',50,0),(250,20,'潮州市',50,0),(251,20,'揭阳市',50,0),(252,20,'云浮市',50,0),(253,21,'南宁市',50,0),(254,21,'柳州市',50,0),(255,21,'桂林市',50,0),(256,21,'梧州市',50,0),(257,21,'北海市',50,0),(258,21,'防城港市',50,0),(259,21,'钦州市',50,0),(260,21,'贵港市',50,0),(261,21,'玉林市',50,0),(262,21,'百色市',50,0),(263,21,'贺州市',50,0),(264,21,'河池市',50,0),(265,21,'来宾市',50,0),(266,21,'崇左市',50,0),(267,22,'海口市',50,0),(268,22,'三亚市',50,0),(269,22,'三沙市',50,0),(270,23,'重庆市',50,0),(271,24,'成都市',50,0),(272,24,'自贡市',50,0),(273,24,'攀枝花市',50,0),(274,24,'泸州市',50,0),(275,24,'德阳市',50,0),(276,24,'绵阳市',50,0),(277,24,'广元市',50,0),(278,24,'遂宁市',50,0),(279,24,'内江市',50,0),(280,24,'乐山市',50,0),(281,24,'南充市',50,0),(282,24,'眉山市',50,0),(283,24,'宜宾市',50,0),(284,24,'广安市',50,0),(285,24,'达州市',50,0),(286,24,'雅安市',50,0),(287,24,'巴中市',50,0),(288,24,'资阳市',50,0),(289,24,'阿坝藏族羌族自治州',50,0),(290,24,'甘孜藏族自治州',50,0),(291,24,'凉山彝族自治州',50,0),(292,25,'贵阳市',50,0),(293,25,'六盘水市',50,0),(294,25,'遵义市',50,0),(295,25,'安顺市',50,0),(296,25,'铜仁市',50,0),(297,25,'黔西南布依族苗族自治州',50,0),(298,25,'毕节市',50,0),(299,25,'黔东南苗族侗族自治州',50,0),(300,25,'黔南布依族苗族自治州',50,0),(301,26,'昆明市',50,0),(302,26,'曲靖市',50,0),(303,26,'玉溪市',50,0),(304,26,'保山市',50,0),(305,26,'昭通市',50,0),(306,26,'丽江市',50,0),(307,26,'普洱市',50,0),(308,26,'临沧市',50,0),(309,26,'楚雄彝族自治州',50,0),(310,26,'红河哈尼族彝族自治州',50,0),(311,26,'文山壮族苗族自治州',50,0),(312,26,'西双版纳傣族自治州',50,0),(313,26,'大理白族自治州',50,0),(314,26,'德宏傣族景颇族自治州',50,0),(315,26,'怒江傈僳族自治州',50,0),(316,26,'迪庆藏族自治州',50,0),(317,27,'拉萨市',50,0),(318,27,'昌都市',50,0),(319,27,'山南地区',50,0),(320,27,'日喀则市',50,0),(321,27,'那曲地区',50,0),(322,27,'阿里地区',50,0),(323,27,'林芝市',50,0),(324,28,'西安市',50,0),(325,28,'铜川市',50,0),(326,28,'宝鸡市',50,0),(327,28,'咸阳市',50,0),(328,28,'渭南市',50,0),(329,28,'延安市',50,0),(330,28,'汉中市',50,0),(331,28,'榆林市',50,0),(332,28,'安康市',50,0),(333,28,'商洛市',50,0),(334,29,'兰州市',50,0),(335,29,'嘉峪关市',50,0),(336,29,'金昌市',50,0),(337,29,'白银市',50,0),(338,29,'天水市',50,0),(339,29,'武威市',50,0),(340,29,'张掖市',50,0),(341,29,'平凉市',50,0),(342,29,'酒泉市',50,0),(343,29,'庆阳市',50,0),(344,29,'定西市',50,0),(345,29,'陇南市',50,0),(346,29,'临夏回族自治州',50,0),(347,29,'甘南藏族自治州',50,0),(348,30,'西宁市',50,0),(349,30,'海东市',50,0),(350,30,'海北藏族自治州',50,0),(351,30,'黄南藏族自治州',50,0),(352,30,'海南藏族自治州',50,0),(353,30,'果洛藏族自治州',50,0),(354,30,'玉树藏族自治州',50,0),(355,30,'海西蒙古族藏族自治州',50,0),(356,31,'银川市',50,0),(357,31,'石嘴山市',50,0),(358,31,'吴忠市',50,0),(359,31,'固原市',50,0),(360,31,'中卫市',50,0),(361,32,'乌鲁木齐市',50,0),(362,32,'克拉玛依市',50,0),(363,32,'吐鲁番市',50,0),(364,32,'哈密地区',50,0),(365,32,'昌吉回族自治州',50,0),(366,32,'博尔塔拉蒙古自治州',50,0),(367,32,'巴音郭楞蒙古自治州',50,0),(368,32,'阿克苏地区',50,0),(369,32,'克孜勒苏柯尔克孜自治州',50,0),(370,32,'喀什地区',50,0),(371,32,'和田地区',50,0),(372,32,'伊犁哈萨克自治州',50,0),(373,32,'塔城地区',50,0),(374,32,'阿勒泰地区',50,0),(375,33,'台北市',50,0),(376,33,'高雄市',50,0),(377,33,'台南市',50,0),(378,33,'台中市',50,0),(379,33,'金门县',50,0),(380,33,'南投县',50,0),(381,33,'基隆市',50,0),(382,33,'新竹市',50,0),(383,33,'嘉义市',50,0),(384,33,'新北市',50,0),(385,33,'宜兰县',50,0),(386,33,'新竹县',50,0),(387,33,'桃园县',50,0),(388,33,'苗栗县',50,0),(389,33,'彰化县',50,0),(390,33,'嘉义县',50,0),(391,33,'云林县',50,0),(392,33,'屏东县',50,0),(393,33,'台东县',50,0),(394,33,'花莲县',50,0),(395,33,'澎湖县',50,0),(396,33,'连江县',50,0),(397,34,'香港岛',50,0),(398,34,'九龙',50,0),(399,34,'新界',50,0),(400,35,'澳门半岛',50,0),(401,35,'离岛',50,0),(402,36,'海外',50,0),(403,37,'东城区',50,0),(404,37,'西城区',50,0),(405,37,'崇文区',50,0),(406,37,'宣武区',50,0),(407,37,'朝阳区',50,0),(408,37,'丰台区',50,0),(409,37,'石景山区',50,0),(410,37,'海淀区',50,0),(411,37,'门头沟区',50,0),(412,37,'房山区',50,0),(413,37,'通州区',50,0),(414,37,'顺义区',50,0),(415,37,'昌平区',50,0),(416,37,'大兴区',50,0),(417,37,'怀柔区',50,0),(418,37,'平谷区',50,0),(419,37,'密云县',50,0),(420,37,'延庆县',50,0),(421,37,'其它区',60,0),(422,38,'和平区',50,0),(423,38,'河东区',50,0),(424,38,'河西区',50,0),(425,38,'南开区',50,0),(426,38,'河北区',50,0),(427,38,'红桥区',50,0),(428,38,'塘沽区',50,0),(429,38,'汉沽区',50,0),(430,38,'大港区',50,0),(431,38,'东丽区',50,0),(432,38,'西青区',50,0),(433,38,'津南区',50,0),(434,38,'北辰区',50,0),(435,38,'武清区',50,0),(436,38,'宝坻区',50,0),(437,38,'滨海新区',50,0),(438,38,'宁河县',50,0),(439,38,'静海县',50,0),(440,38,'蓟县',50,0),(441,38,'其它区',60,0),(442,39,'长安区',50,0),(443,39,'桥东区',50,0),(444,39,'桥西区',50,0),(445,39,'新华区',50,0),(446,39,'井陉矿区',50,0),(447,39,'裕华区',50,0),(448,39,'井陉县',50,0),(449,39,'正定县',50,0),(450,39,'栾城区',50,0),(451,39,'行唐县',50,0),(452,39,'灵寿县',50,0),(453,39,'高邑县',50,0),(454,39,'深泽县',50,0),(455,39,'赞皇县',50,0),(456,39,'无极县',50,0),(457,39,'平山县',50,0),(458,39,'元氏县',50,0),(459,39,'赵县',50,0),(460,39,'辛集市',50,0),(461,39,'藁城区',50,0),(462,39,'晋州市',50,0),(463,39,'新乐市',50,0),(464,39,'鹿泉区',50,0),(465,39,'其它区',60,0),(466,40,'路南区',50,0),(467,40,'路北区',50,0),(468,40,'古冶区',50,0),(469,40,'开平区',50,0),(470,40,'丰南区',50,0),(471,40,'丰润区',50,0),(472,40,'滦县',50,0),(473,40,'滦南县',50,0),(474,40,'乐亭县',50,0),(475,40,'迁西县',50,0),(476,40,'玉田县',50,0),(477,40,'曹妃甸区',50,0),(478,40,'遵化市',50,0),(479,40,'迁安市',50,0),(480,40,'其它区',60,0),(481,41,'海港区',50,0),(482,41,'山海关区',50,0),(483,41,'北戴河区',50,0),(484,41,'青龙满族自治县',50,0),(485,41,'昌黎县',50,0),(486,41,'抚宁县',50,0),(487,41,'卢龙县',50,0),(488,41,'其它区',60,0),(489,41,'经济技术开发区',50,0),(490,42,'邯山区',50,0),(491,42,'丛台区',50,0),(492,42,'复兴区',50,0),(493,42,'峰峰矿区',50,0),(494,42,'邯郸县',50,0),(495,42,'临漳县',50,0),(496,42,'成安县',50,0),(497,42,'大名县',50,0),(498,42,'涉县',50,0),(499,42,'磁县',50,0),(500,42,'肥乡县',50,0),(501,42,'永年县',50,0),(502,42,'邱县',50,0),(503,42,'鸡泽县',50,0),(504,42,'广平县',50,0),(505,42,'馆陶县',50,0),(506,42,'魏县',50,0),(507,42,'曲周县',50,0),(508,42,'武安市',50,0),(509,42,'其它区',60,0),(510,43,'桥东区',50,0),(511,43,'桥西区',50,0),(512,43,'邢台县',50,0),(513,43,'临城县',50,0),(514,43,'内丘县',50,0),(515,43,'柏乡县',50,0),(516,43,'隆尧县',50,0),(517,43,'任县',50,0),(518,43,'南和县',50,0),(519,43,'宁晋县',50,0),(520,43,'巨鹿县',50,0),(521,43,'新河县',50,0),(522,43,'广宗县',50,0),(523,43,'平乡县',50,0),(524,43,'威县',50,0),(525,43,'清河县',50,0),(526,43,'临西县',50,0),(527,43,'南宫市',50,0),(528,43,'沙河市',50,0),(529,43,'其它区',60,0),(530,44,'新市区',50,0),(531,44,'北市区',50,0),(532,44,'南市区',50,0),(533,44,'满城县',50,0),(534,44,'清苑县',50,0),(535,44,'涞水县',50,0),(536,44,'阜平县',50,0),(537,44,'徐水县',50,0),(538,44,'定兴县',50,0),(539,44,'唐县',50,0),(540,44,'高阳县',50,0),(541,44,'容城县',50,0),(542,44,'涞源县',50,0),(543,44,'望都县',50,0),(544,44,'安新县',50,0),(545,44,'易县',50,0),(546,44,'曲阳县',50,0),(547,44,'蠡县',50,0),(548,44,'顺平县',50,0),(549,44,'博野县',50,0),(550,44,'雄县',50,0),(551,44,'涿州市',50,0),(552,44,'定州市',50,0),(553,44,'安国市',50,0),(554,44,'高碑店市',50,0),(555,44,'高开区',50,0),(556,44,'其它区',60,0),(557,45,'桥东区',50,0),(558,45,'桥西区',50,0),(559,45,'宣化区',50,0),(560,45,'下花园区',50,0),(561,45,'宣化县',50,0),(562,45,'张北县',50,0),(563,45,'康保县',50,0),(564,45,'沽源县',50,0),(565,45,'尚义县',50,0),(566,45,'蔚县',50,0),(567,45,'阳原县',50,0),(568,45,'怀安县',50,0),(569,45,'万全县',50,0),(570,45,'怀来县',50,0),(571,45,'涿鹿县',50,0),(572,45,'赤城县',50,0),(573,45,'崇礼县',50,0),(574,45,'其它区',60,0),(575,46,'双桥区',50,0),(576,46,'双滦区',50,0),(577,46,'鹰手营子矿区',50,0),(578,46,'承德县',50,0),(579,46,'兴隆县',50,0),(580,46,'平泉县',50,0),(581,46,'滦平县',50,0),(582,46,'隆化县',50,0),(583,46,'丰宁满族自治县',50,0),(584,46,'宽城满族自治县',50,0),(585,46,'围场满族蒙古族自治县',50,0),(586,46,'其它区',60,0),(587,47,'新华区',50,0),(588,47,'运河区',50,0),(589,47,'沧县',50,0),(590,47,'青县',50,0),(591,47,'东光县',50,0),(592,47,'海兴县',50,0),(593,47,'盐山县',50,0),(594,47,'肃宁县',50,0),(595,47,'南皮县',50,0),(596,47,'吴桥县',50,0),(597,47,'献县',50,0),(598,47,'孟村回族自治县',50,0),(599,47,'泊头市',50,0),(600,47,'任丘市',50,0),(601,47,'黄骅市',50,0),(602,47,'河间市',50,0),(603,47,'其它区',60,0),(604,48,'安次区',50,0),(605,48,'广阳区',50,0),(606,48,'固安县',50,0),(607,48,'永清县',50,0),(608,48,'香河县',50,0),(609,48,'大城县',50,0),(610,48,'文安县',50,0),(611,48,'大厂回族自治县',50,0),(612,48,'开发区',50,0),(613,48,'燕郊经济技术开发区',50,0),(614,48,'霸州市',50,0),(615,48,'三河市',50,0),(616,48,'其它区',60,0),(617,49,'桃城区',50,0),(618,49,'枣强县',50,0),(619,49,'武邑县',50,0),(620,49,'武强县',50,0),(621,49,'饶阳县',50,0),(622,49,'安平县',50,0),(623,49,'故城县',50,0),(624,49,'景县',50,0),(625,49,'阜城县',50,0),(626,49,'冀州市',50,0),(627,49,'深州市',50,0),(628,49,'其它区',60,0),(629,50,'小店区',50,0),(630,50,'迎泽区',50,0),(631,50,'杏花岭区',50,0),(632,50,'尖草坪区',50,0),(633,50,'万柏林区',50,0),(634,50,'晋源区',50,0),(635,50,'清徐县',50,0),(636,50,'阳曲县',50,0),(637,50,'娄烦县',50,0),(638,50,'古交市',50,0),(639,50,'其它区',60,0),(640,51,'城区',50,0),(641,51,'矿区',50,0),(642,51,'南郊区',50,0),(643,51,'新荣区',50,0),(644,51,'阳高县',50,0),(645,51,'天镇县',50,0),(646,51,'广灵县',50,0),(647,51,'灵丘县',50,0),(648,51,'浑源县',50,0),(649,51,'左云县',50,0),(650,51,'大同县',50,0),(651,51,'其它区',60,0),(652,52,'城区',50,0),(653,52,'矿区',50,0),(654,52,'郊区',50,0),(655,52,'平定县',50,0),(656,52,'盂县',50,0),(657,52,'其它区',60,0),(658,53,'长治县',50,0),(659,53,'襄垣县',50,0),(660,53,'屯留县',50,0),(661,53,'平顺县',50,0),(662,53,'黎城县',50,0),(663,53,'壶关县',50,0),(664,53,'长子县',50,0),(665,53,'武乡县',50,0),(666,53,'沁县',50,0),(667,53,'沁源县',50,0),(668,53,'潞城市',50,0),(669,53,'城区',50,0),(670,53,'郊区',50,0),(671,53,'高新区',50,0),(672,53,'其它区',60,0),(673,54,'城区',50,0),(674,54,'沁水县',50,0),(675,54,'阳城县',50,0),(676,54,'陵川县',50,0),(677,54,'泽州县',50,0),(678,54,'高平市',50,0),(679,54,'其它区',60,0),(680,55,'朔城区',50,0),(681,55,'平鲁区',50,0),(682,55,'山阴县',50,0),(683,55,'应县',50,0),(684,55,'右玉县',50,0),(685,55,'怀仁县',50,0),(686,55,'其它区',60,0),(687,56,'榆次区',50,0),(688,56,'榆社县',50,0),(689,56,'左权县',50,0),(690,56,'和顺县',50,0),(691,56,'昔阳县',50,0),(692,56,'寿阳县',50,0),(693,56,'太谷县',50,0),(694,56,'祁县',50,0),(695,56,'平遥县',50,0),(696,56,'灵石县',50,0),(697,56,'介休市',50,0),(698,56,'其它区',60,0),(699,57,'盐湖区',50,0),(700,57,'临猗县',50,0),(701,57,'万荣县',50,0),(702,57,'闻喜县',50,0),(703,57,'稷山县',50,0),(704,57,'新绛县',50,0),(705,57,'绛县',50,0),(706,57,'垣曲县',50,0),(707,57,'夏县',50,0),(708,57,'平陆县',50,0),(709,57,'芮城县',50,0),(710,57,'永济市',50,0),(711,57,'河津市',50,0),(712,57,'其它区',60,0),(713,58,'忻府区',50,0),(714,58,'定襄县',50,0),(715,58,'五台县',50,0),(716,58,'代县',50,0),(717,58,'繁峙县',50,0),(718,58,'宁武县',50,0),(719,58,'静乐县',50,0),(720,58,'神池县',50,0),(721,58,'五寨县',50,0),(722,58,'岢岚县',50,0),(723,58,'河曲县',50,0),(724,58,'保德县',50,0),(725,58,'偏关县',50,0),(726,58,'原平市',50,0),(727,58,'其它区',60,0),(728,59,'尧都区',50,0),(729,59,'曲沃县',50,0),(730,59,'翼城县',50,0),(731,59,'襄汾县',50,0),(732,59,'洪洞县',50,0),(733,59,'古县',50,0),(734,59,'安泽县',50,0),(735,59,'浮山县',50,0),(736,59,'吉县',50,0),(737,59,'乡宁县',50,0),(738,59,'大宁县',50,0),(739,59,'隰县',50,0),(740,59,'永和县',50,0),(741,59,'蒲县',50,0),(742,59,'汾西县',50,0),(743,59,'侯马市',50,0),(744,59,'霍州市',50,0),(745,59,'其它区',60,0),(746,60,'离石区',50,0),(747,60,'文水县',50,0),(748,60,'交城县',50,0),(749,60,'兴县',50,0),(750,60,'临县',50,0),(751,60,'柳林县',50,0),(752,60,'石楼县',50,0),(753,60,'岚县',50,0),(754,60,'方山县',50,0),(755,60,'中阳县',50,0),(756,60,'交口县',50,0),(757,60,'孝义市',50,0),(758,60,'汾阳市',50,0),(759,60,'其它区',60,0),(760,61,'新城区',50,0),(761,61,'回民区',50,0),(762,61,'玉泉区',50,0),(763,61,'赛罕区',50,0),(764,61,'土默特左旗',50,0),(765,61,'托克托县',50,0),(766,61,'和林格尔县',50,0),(767,61,'清水河县',50,0),(768,61,'武川县',50,0),(769,61,'其它区',60,0),(770,62,'东河区',50,0),(771,62,'昆都仑区',50,0),(772,62,'青山区',50,0),(773,62,'石拐区',50,0),(774,62,'白云鄂博矿区',50,0),(775,62,'九原区',50,0),(776,62,'土默特右旗',50,0),(777,62,'固阳县',50,0),(778,62,'达尔罕茂明安联合旗',50,0),(779,62,'其它区',60,0),(780,63,'海勃湾区',50,0),(781,63,'海南区',50,0),(782,63,'乌达区',50,0),(783,63,'其它区',60,0),(784,64,'红山区',50,0),(785,64,'元宝山区',50,0),(786,64,'松山区',50,0),(787,64,'阿鲁科尔沁旗',50,0),(788,64,'巴林左旗',50,0),(789,64,'巴林右旗',50,0),(790,64,'林西县',50,0),(791,64,'克什克腾旗',50,0),(792,64,'翁牛特旗',50,0),(793,64,'喀喇沁旗',50,0),(794,64,'宁城县',50,0),(795,64,'敖汉旗',50,0),(796,64,'其它区',60,0),(797,65,'科尔沁区',50,0),(798,65,'科尔沁左翼中旗',50,0),(799,65,'科尔沁左翼后旗',50,0),(800,65,'开鲁县',50,0),(801,65,'库伦旗',50,0),(802,65,'奈曼旗',50,0),(803,65,'扎鲁特旗',50,0),(804,65,'霍林郭勒市',50,0),(805,65,'其它区',60,0),(806,66,'东胜区',50,0),(807,66,'达拉特旗',50,0),(808,66,'准格尔旗',50,0),(809,66,'鄂托克前旗',50,0),(810,66,'鄂托克旗',50,0),(811,66,'杭锦旗',50,0),(812,66,'乌审旗',50,0),(813,66,'伊金霍洛旗',50,0),(814,66,'其它区',60,0),(815,67,'海拉尔区',50,0),(816,67,'扎赉诺尔区',50,0),(817,67,'阿荣旗',50,0),(818,67,'莫力达瓦达斡尔族自治旗',50,0),(819,67,'鄂伦春自治旗',50,0),(820,67,'鄂温克族自治旗',50,0),(821,67,'陈巴尔虎旗',50,0),(822,67,'新巴尔虎左旗',50,0),(823,67,'新巴尔虎右旗',50,0),(824,67,'满洲里市',50,0),(825,67,'牙克石市',50,0),(826,67,'扎兰屯市',50,0),(827,67,'额尔古纳市',50,0),(828,67,'根河市',50,0),(829,67,'其它区',60,0),(830,68,'临河区',50,0),(831,68,'五原县',50,0),(832,68,'磴口县',50,0),(833,68,'乌拉特前旗',50,0),(834,68,'乌拉特中旗',50,0),(835,68,'乌拉特后旗',50,0),(836,68,'杭锦后旗',50,0),(837,68,'其它区',60,0),(838,69,'集宁区',50,0),(839,69,'卓资县',50,0),(840,69,'化德县',50,0),(841,69,'商都县',50,0),(842,69,'兴和县',50,0),(843,69,'凉城县',50,0),(844,69,'察哈尔右翼前旗',50,0),(845,69,'察哈尔右翼中旗',50,0),(846,69,'察哈尔右翼后旗',50,0),(847,69,'四子王旗',50,0),(848,69,'丰镇市',50,0),(849,69,'其它区',60,0),(850,70,'乌兰浩特市',50,0),(851,70,'阿尔山市',50,0),(852,70,'科尔沁右翼前旗',50,0),(853,70,'科尔沁右翼中旗',50,0),(854,70,'扎赉特旗',50,0),(855,70,'突泉县',50,0),(856,70,'其它区',60,0),(857,71,'二连浩特市',50,0),(858,71,'锡林浩特市',50,0),(859,71,'阿巴嘎旗',50,0),(860,71,'苏尼特左旗',50,0),(861,71,'苏尼特右旗',50,0),(862,71,'东乌珠穆沁旗',50,0),(863,71,'西乌珠穆沁旗',50,0),(864,71,'太仆寺旗',50,0),(865,71,'镶黄旗',50,0),(866,71,'正镶白旗',50,0),(867,71,'正蓝旗',50,0),(868,71,'多伦县',50,0),(869,71,'其它区',60,0),(870,72,'阿拉善左旗',50,0),(871,72,'阿拉善右旗',50,0),(872,72,'额济纳旗',50,0),(873,72,'其它区',60,0),(874,73,'和平区',50,0),(875,73,'沈河区',50,0),(876,73,'大东区',50,0),(877,73,'皇姑区',50,0),(878,73,'铁西区',50,0),(879,73,'苏家屯区',50,0),(880,73,'浑南区',50,0),(881,73,'新城子区',50,0),(882,73,'于洪区',50,0),(883,73,'辽中县',50,0),(884,73,'康平县',50,0),(885,73,'法库县',50,0),(886,73,'新民市',50,0),(887,73,'浑南新区',50,0),(888,73,'张士开发区',50,0),(889,73,'沈北新区',50,0),(890,73,'其它区',60,0),(891,74,'中山区',50,0),(892,74,'西岗区',50,0),(893,74,'沙河口区',50,0),(894,74,'甘井子区',50,0),(895,74,'旅顺口区',50,0),(896,74,'金州区',50,0),(897,74,'长海县',50,0),(898,74,'开发区',50,0),(899,74,'瓦房店市',50,0),(900,74,'普兰店市',50,0),(901,74,'庄河市',50,0),(902,74,'岭前区',50,0),(903,74,'其它区',60,0),(904,75,'铁东区',50,0),(905,75,'铁西区',50,0),(906,75,'立山区',50,0),(907,75,'千山区',50,0),(908,75,'台安县',50,0),(909,75,'岫岩满族自治县',50,0),(910,75,'高新区',50,0),(911,75,'海城市',50,0),(912,75,'其它区',60,0),(913,76,'新抚区',50,0),(914,76,'东洲区',50,0),(915,76,'望花区',50,0),(916,76,'顺城区',50,0),(917,76,'抚顺县',50,0),(918,76,'新宾满族自治县',50,0),(919,76,'清原满族自治县',50,0),(920,76,'其它区',60,0),(921,77,'平山区',50,0),(922,77,'溪湖区',50,0),(923,77,'明山区',50,0),(924,77,'南芬区',50,0),(925,77,'本溪满族自治县',50,0),(926,77,'桓仁满族自治县',50,0),(927,77,'其它区',60,0),(928,78,'元宝区',50,0),(929,78,'振兴区',50,0),(930,78,'振安区',50,0),(931,78,'宽甸满族自治县',50,0),(932,78,'东港市',50,0),(933,78,'凤城市',50,0),(934,78,'其它区',60,0),(935,79,'古塔区',50,0),(936,79,'凌河区',50,0),(937,79,'太和区',50,0),(938,79,'黑山县',50,0),(939,79,'义县',50,0),(940,79,'凌海市',50,0),(941,79,'北镇市',50,0),(942,79,'其它区',60,0),(943,80,'站前区',50,0),(944,80,'西市区',50,0),(945,80,'鲅鱼圈区',50,0),(946,80,'老边区',50,0),(947,80,'盖州市',50,0),(948,80,'大石桥市',50,0),(949,80,'其它区',60,0),(950,81,'海州区',50,0),(951,81,'新邱区',50,0),(952,81,'太平区',50,0),(953,81,'清河门区',50,0),(954,81,'细河区',50,0),(955,81,'阜新蒙古族自治县',50,0),(956,81,'彰武县',50,0),(957,81,'其它区',60,0),(958,82,'白塔区',50,0),(959,82,'文圣区',50,0),(960,82,'宏伟区',50,0),(961,82,'弓长岭区',50,0),(962,82,'太子河区',50,0),(963,82,'辽阳县',50,0),(964,82,'灯塔市',50,0),(965,82,'其它区',60,0),(966,83,'双台子区',50,0),(967,83,'兴隆台区',50,0),(968,83,'大洼县',50,0),(969,83,'盘山县',50,0),(970,83,'其它区',60,0),(971,84,'银州区',50,0),(972,84,'清河区',50,0),(973,84,'铁岭县',50,0),(974,84,'西丰县',50,0),(975,84,'昌图县',50,0),(976,84,'调兵山市',50,0),(977,84,'开原市',50,0),(978,84,'其它区',60,0),(979,85,'双塔区',50,0),(980,85,'龙城区',50,0),(981,85,'朝阳县',50,0),(982,85,'建平县',50,0),(983,85,'喀喇沁左翼蒙古族自治县',50,0),(984,85,'北票市',50,0),(985,85,'凌源市',50,0),(986,85,'其它区',60,0),(987,86,'连山区',50,0),(988,86,'龙港区',50,0),(989,86,'南票区',50,0),(990,86,'绥中县',50,0),(991,86,'建昌县',50,0),(992,86,'兴城市',50,0),(993,86,'其它区',60,0),(994,87,'南关区',50,0),(995,87,'宽城区',50,0),(996,87,'朝阳区',50,0),(997,87,'二道区',50,0),(998,87,'绿园区',50,0),(999,87,'双阳区',50,0),(1000,87,'农安县',50,0),(1001,87,'九台区',50,0),(1002,87,'榆树市',50,0),(1003,87,'德惠市',50,0),(1004,87,'高新技术产业开发区',50,0),(1005,87,'汽车产业开发区',50,0),(1006,87,'经济技术开发区',50,0),(1007,87,'净月旅游开发区',50,0),(1008,87,'其它区',60,0),(1009,88,'昌邑区',50,0),(1010,88,'龙潭区',50,0),(1011,88,'船营区',50,0),(1012,88,'丰满区',50,0),(1013,88,'永吉县',50,0),(1014,88,'蛟河市',50,0),(1015,88,'桦甸市',50,0),(1016,88,'舒兰市',50,0),(1017,88,'磐石市',50,0),(1018,88,'其它区',60,0),(1019,89,'铁西区',50,0),(1020,89,'铁东区',50,0),(1021,89,'梨树县',50,0),(1022,89,'伊通满族自治县',50,0),(1023,89,'公主岭市',50,0),(1024,89,'双辽市',50,0),(1025,89,'其它区',60,0),(1026,90,'龙山区',50,0),(1027,90,'西安区',50,0),(1028,90,'东丰县',50,0),(1029,90,'东辽县',50,0),(1030,90,'其它区',60,0),(1031,91,'东昌区',50,0),(1032,91,'二道江区',50,0),(1033,91,'通化县',50,0),(1034,91,'辉南县',50,0),(1035,91,'柳河县',50,0),(1036,91,'梅河口市',50,0),(1037,91,'集安市',50,0),(1038,91,'其它区',60,0),(1039,92,'浑江区',50,0),(1040,92,'抚松县',50,0),(1041,92,'靖宇县',50,0),(1042,92,'长白朝鲜族自治县',50,0),(1043,92,'江源区',50,0),(1044,92,'临江市',50,0),(1045,92,'其它区',60,0),(1046,93,'宁江区',50,0),(1047,93,'前郭尔罗斯蒙古族自治县',50,0),(1048,93,'长岭县',50,0),(1049,93,'乾安县',50,0),(1050,93,'扶余市',50,0),(1051,93,'其它区',60,0),(1052,94,'洮北区',50,0),(1053,94,'镇赉县',50,0),(1054,94,'通榆县',50,0),(1055,94,'洮南市',50,0),(1056,94,'大安市',50,0),(1057,94,'其它区',60,0),(1058,95,'延吉市',50,0),(1059,95,'图们市',50,0),(1060,95,'敦化市',50,0),(1061,95,'珲春市',50,0),(1062,95,'龙井市',50,0),(1063,95,'和龙市',50,0),(1064,95,'汪清县',50,0),(1065,95,'安图县',50,0),(1066,95,'其它区',60,0),(1067,96,'道里区',50,0),(1068,96,'南岗区',50,0),(1069,96,'道外区',50,0),(1070,96,'香坊区',50,0),(1071,96,'动力区',50,0),(1072,96,'平房区',50,0),(1073,96,'松北区',50,0),(1074,96,'呼兰区',50,0),(1075,96,'依兰县',50,0),(1076,96,'方正县',50,0),(1077,96,'宾县',50,0),(1078,96,'巴彦县',50,0),(1079,96,'木兰县',50,0),(1080,96,'通河县',50,0),(1081,96,'延寿县',50,0),(1082,96,'阿城区',50,0),(1083,96,'双城区',50,0),(1084,96,'尚志市',50,0),(1085,96,'五常市',50,0),(1086,96,'阿城市',50,0),(1087,96,'其它区',60,0),(1088,97,'龙沙区',50,0),(1089,97,'建华区',50,0),(1090,97,'铁锋区',50,0),(1091,97,'昂昂溪区',50,0),(1092,97,'富拉尔基区',50,0),(1093,97,'碾子山区',50,0),(1094,97,'梅里斯达斡尔族区',50,0),(1095,97,'龙江县',50,0),(1096,97,'依安县',50,0),(1097,97,'泰来县',50,0),(1098,97,'甘南县',50,0),(1099,97,'富裕县',50,0),(1100,97,'克山县',50,0),(1101,97,'克东县',50,0),(1102,97,'拜泉县',50,0),(1103,97,'讷河市',50,0),(1104,97,'其它区',60,0),(1105,98,'鸡冠区',50,0),(1106,98,'恒山区',50,0),(1107,98,'滴道区',50,0),(1108,98,'梨树区',50,0),(1109,98,'城子河区',50,0),(1110,98,'麻山区',50,0),(1111,98,'鸡东县',50,0),(1112,98,'虎林市',50,0),(1113,98,'密山市',50,0),(1114,98,'其它区',60,0),(1115,99,'向阳区',50,0),(1116,99,'工农区',50,0),(1117,99,'南山区',50,0),(1118,99,'兴安区',50,0),(1119,99,'东山区',50,0),(1120,99,'兴山区',50,0),(1121,99,'萝北县',50,0),(1122,99,'绥滨县',50,0),(1123,99,'其它区',60,0),(1124,100,'尖山区',50,0),(1125,100,'岭东区',50,0),(1126,100,'四方台区',50,0),(1127,100,'宝山区',50,0),(1128,100,'集贤县',50,0),(1129,100,'友谊县',50,0),(1130,100,'宝清县',50,0),(1131,100,'饶河县',50,0),(1132,100,'其它区',60,0),(1133,101,'萨尔图区',50,0),(1134,101,'龙凤区',50,0),(1135,101,'让胡路区',50,0),(1136,101,'红岗区',50,0),(1137,101,'大同区',50,0),(1138,101,'肇州县',50,0),(1139,101,'肇源县',50,0),(1140,101,'林甸县',50,0),(1141,101,'杜尔伯特蒙古族自治县',50,0),(1142,101,'其它区',60,0),(1143,102,'伊春区',50,0),(1144,102,'南岔区',50,0),(1145,102,'友好区',50,0),(1146,102,'西林区',50,0),(1147,102,'翠峦区',50,0),(1148,102,'新青区',50,0),(1149,102,'美溪区',50,0),(1150,102,'金山屯区',50,0),(1151,102,'五营区',50,0),(1152,102,'乌马河区',50,0),(1153,102,'汤旺河区',50,0),(1154,102,'带岭区',50,0),(1155,102,'乌伊岭区',50,0),(1156,102,'红星区',50,0),(1157,102,'上甘岭区',50,0),(1158,102,'嘉荫县',50,0),(1159,102,'铁力市',50,0),(1160,102,'其它区',60,0),(1161,103,'永红区',50,0),(1162,103,'向阳区',50,0),(1163,103,'前进区',50,0),(1164,103,'东风区',50,0),(1165,103,'郊区',50,0),(1166,103,'桦南县',50,0),(1167,103,'桦川县',50,0),(1168,103,'汤原县',50,0),(1169,103,'抚远县',50,0),(1170,103,'同江市',50,0),(1171,103,'富锦市',50,0),(1172,103,'其它区',60,0),(1173,104,'新兴区',50,0),(1174,104,'桃山区',50,0),(1175,104,'茄子河区',50,0),(1176,104,'勃利县',50,0),(1177,104,'其它区',60,0),(1178,105,'东安区',50,0),(1179,105,'阳明区',50,0),(1180,105,'爱民区',50,0),(1181,105,'西安区',50,0),(1182,105,'东宁县',50,0),(1183,105,'林口县',50,0),(1184,105,'绥芬河市',50,0),(1185,105,'海林市',50,0),(1186,105,'宁安市',50,0),(1187,105,'穆棱市',50,0),(1188,105,'其它区',60,0),(1189,106,'爱辉区',50,0),(1190,106,'嫩江县',50,0),(1191,106,'逊克县',50,0),(1192,106,'孙吴县',50,0),(1193,106,'北安市',50,0),(1194,106,'五大连池市',50,0),(1195,106,'其它区',60,0),(1196,107,'北林区',50,0),(1197,107,'望奎县',50,0),(1198,107,'兰西县',50,0),(1199,107,'青冈县',50,0),(1200,107,'庆安县',50,0),(1201,107,'明水县',50,0),(1202,107,'绥棱县',50,0),(1203,107,'安达市',50,0),(1204,107,'肇东市',50,0),(1205,107,'海伦市',50,0),(1206,107,'其它区',60,0),(1207,108,'松岭区',50,0),(1208,108,'新林区',50,0),(1209,108,'呼中区',50,0),(1210,108,'呼玛县',50,0),(1211,108,'塔河县',50,0),(1212,108,'漠河县',50,0),(1213,108,'加格达奇区',50,0),(1214,108,'其它区',60,0),(1215,109,'黄浦区',50,0),(1216,109,'卢湾区',50,0),(1217,109,'徐汇区',50,0),(1218,109,'长宁区',50,0),(1219,109,'静安区',50,0),(1220,109,'普陀区',50,0),(1221,109,'闸北区',50,0),(1222,109,'虹口区',50,0),(1223,109,'杨浦区',50,0),(1224,109,'闵行区',50,0),(1225,109,'宝山区',50,0),(1226,109,'嘉定区',50,0),(1227,109,'浦东新区',50,0),(1228,109,'金山区',50,0),(1229,109,'松江区',50,0),(1230,109,'青浦区',50,0),(1231,109,'南汇区',50,0),(1232,109,'奉贤区',50,0),(1233,109,'川沙区',50,0),(1234,109,'崇明县',50,0),(1235,109,'其它区',60,0),(1236,110,'玄武区',50,0),(1237,110,'白下区',50,0),(1238,110,'秦淮区',50,0),(1239,110,'建邺区',50,0),(1240,110,'鼓楼区',50,0),(1241,110,'下关区',50,0),(1242,110,'浦口区',50,0),(1243,110,'栖霞区',50,0),(1244,110,'雨花台区',50,0),(1245,110,'江宁区',50,0),(1246,110,'六合区',50,0),(1247,110,'溧水区',50,0),(1248,110,'高淳区',50,0),(1249,110,'其它区',60,0),(1250,111,'崇安区',50,0),(1251,111,'南长区',50,0),(1252,111,'北塘区',50,0),(1253,111,'锡山区',50,0),(1254,111,'惠山区',50,0),(1255,111,'滨湖区',50,0),(1256,111,'江阴市',50,0),(1257,111,'宜兴市',50,0),(1258,111,'新区',50,0),(1259,111,'其它区',60,0),(1260,112,'鼓楼区',50,0),(1261,112,'云龙区',50,0),(1262,112,'九里区',50,0),(1263,112,'贾汪区',50,0),(1264,112,'泉山区',50,0),(1265,112,'丰县',50,0),(1266,112,'沛县',50,0),(1267,112,'铜山区',50,0),(1268,112,'睢宁县',50,0),(1269,112,'新沂市',50,0),(1270,112,'邳州市',50,0),(1271,112,'其它区',60,0),(1272,113,'天宁区',50,0),(1273,113,'钟楼区',50,0),(1274,113,'戚墅堰区',50,0),(1275,113,'新北区',50,0),(1276,113,'武进区',50,0),(1277,113,'溧阳市',50,0),(1278,113,'金坛市',50,0),(1279,113,'其它区',60,0),(1280,114,'沧浪区',50,0),(1281,114,'平江区',50,0),(1282,114,'金阊区',50,0),(1283,114,'虎丘区',50,0),(1284,114,'吴中区',50,0),(1285,114,'相城区',50,0),(1286,114,'姑苏区',50,0),(1287,114,'常熟市',50,0),(1288,114,'张家港市',50,0),(1289,114,'昆山市',50,0),(1290,114,'吴江区',50,0),(1291,114,'太仓市',50,0),(1292,114,'新区',50,0),(1293,114,'园区',50,0),(1294,114,'其它区',60,0),(1295,115,'崇川区',50,0),(1296,115,'港闸区',50,0),(1297,115,'通州区',50,0),(1298,115,'海安县',50,0),(1299,115,'如东县',50,0),(1300,115,'启东市',50,0),(1301,115,'如皋市',50,0),(1302,115,'通州市',50,0),(1303,115,'海门市',50,0),(1304,115,'开发区',50,0),(1305,115,'其它区',60,0),(1306,116,'连云区',50,0),(1307,116,'新浦区',50,0),(1308,116,'海州区',50,0),(1309,116,'赣榆区',50,0),(1310,116,'东海县',50,0),(1311,116,'灌云县',50,0),(1312,116,'灌南县',50,0),(1313,116,'其它区',60,0),(1314,117,'清河区',50,0),(1315,117,'淮安区',50,0),(1316,117,'淮阴区',50,0),(1317,117,'清浦区',50,0),(1318,117,'涟水县',50,0),(1319,117,'洪泽县',50,0),(1320,117,'盱眙县',50,0),(1321,117,'金湖县',50,0),(1322,117,'其它区',60,0),(1323,118,'亭湖区',50,0),(1324,118,'盐都区',50,0),(1325,118,'响水县',50,0),(1326,118,'滨海县',50,0),(1327,118,'阜宁县',50,0),(1328,118,'射阳县',50,0),(1329,118,'建湖县',50,0),(1330,118,'东台市',50,0),(1331,118,'大丰市',50,0),(1332,118,'其它区',60,0),(1333,119,'广陵区',50,0),(1334,119,'邗江区',50,0),(1335,119,'维扬区',50,0),(1336,119,'宝应县',50,0),(1337,119,'仪征市',50,0),(1338,119,'高邮市',50,0),(1339,119,'江都区',50,0),(1340,119,'经济开发区',50,0),(1341,119,'其它区',60,0),(1342,120,'京口区',50,0),(1343,120,'润州区',50,0),(1344,120,'丹徒区',50,0),(1345,120,'丹阳市',50,0),(1346,120,'扬中市',50,0),(1347,120,'句容市',50,0),(1348,120,'其它区',60,0),(1349,121,'海陵区',50,0),(1350,121,'高港区',50,0),(1351,121,'兴化市',50,0),(1352,121,'靖江市',50,0),(1353,121,'泰兴市',50,0),(1354,121,'姜堰区',50,0),(1355,121,'其它区',60,0),(1356,122,'宿城区',50,0),(1357,122,'宿豫区',50,0),(1358,122,'沭阳县',50,0),(1359,122,'泗阳县',50,0),(1360,122,'泗洪县',50,0),(1361,122,'其它区',60,0),(1362,123,'上城区',50,0),(1363,123,'下城区',50,0),(1364,123,'江干区',50,0),(1365,123,'拱墅区',50,0),(1366,123,'西湖区',50,0),(1367,123,'滨江区',50,0),(1368,123,'萧山区',50,0),(1369,123,'余杭区',50,0),(1370,123,'桐庐县',50,0),(1371,123,'淳安县',50,0),(1372,123,'建德市',50,0),(1373,123,'富阳区',50,0),(1374,123,'临安市',50,0),(1375,123,'其它区',60,0),(1376,124,'海曙区',47,0),(1377,124,'江东区',48,0),(1378,4044,'基于CareyShop商城框架系统',50,1),(1379,124,'北仑区',50,0),(1380,124,'镇海区',50,0),(1381,124,'鄞州区',50,0),(1382,124,'象山县',50,0),(1383,124,'宁海县',50,0),(1384,124,'余姚市',50,0),(1385,124,'慈溪市',50,0),(1386,124,'奉化市',50,0),(1387,124,'其它区',60,0),(1388,125,'鹿城区',50,0),(1389,125,'龙湾区',50,0),(1390,125,'瓯海区',50,0),(1391,125,'洞头县',50,0),(1392,125,'永嘉县',50,0),(1393,125,'平阳县',50,0),(1394,125,'苍南县',50,0),(1395,125,'文成县',50,0),(1396,125,'泰顺县',50,0),(1397,125,'瑞安市',50,0),(1398,125,'乐清市',50,0),(1399,125,'其它区',60,0),(1400,126,'南湖区',50,0),(1401,126,'秀洲区',50,0),(1402,126,'嘉善县',50,0),(1403,126,'海盐县',50,0),(1404,126,'海宁市',50,0),(1405,126,'平湖市',50,0),(1406,126,'桐乡市',50,0),(1407,126,'其它区',60,0),(1408,127,'吴兴区',50,0),(1409,127,'南浔区',50,0),(1410,127,'德清县',50,0),(1411,127,'长兴县',50,0),(1412,127,'安吉县',50,0),(1413,127,'其它区',60,0),(1414,128,'越城区',50,0),(1415,128,'柯桥区',50,0),(1416,128,'新昌县',50,0),(1417,128,'诸暨市',50,0),(1418,128,'上虞区',50,0),(1419,128,'嵊州市',50,0),(1420,128,'其它区',60,0),(1421,129,'婺城区',50,0),(1422,129,'金东区',50,0),(1423,129,'武义县',50,0),(1424,129,'浦江县',50,0),(1425,129,'磐安县',50,0),(1426,129,'兰溪市',50,0),(1427,129,'义乌市',50,0),(1428,129,'东阳市',50,0),(1429,129,'永康市',50,0),(1430,129,'其它区',60,0),(1431,130,'柯城区',50,0),(1432,130,'衢江区',50,0),(1433,130,'常山县',50,0),(1434,130,'开化县',50,0),(1435,130,'龙游县',50,0),(1436,130,'江山市',50,0),(1437,130,'其它区',60,0),(1438,131,'定海区',50,0),(1439,131,'普陀区',50,0),(1440,131,'岱山县',50,0),(1441,131,'嵊泗县',50,0),(1442,131,'其它区',60,0),(1443,132,'椒江区',50,0),(1444,132,'黄岩区',50,0),(1445,132,'路桥区',50,0),(1446,132,'玉环县',50,0),(1447,132,'三门县',50,0),(1448,132,'天台县',50,0),(1449,132,'仙居县',50,0),(1450,132,'温岭市',50,0),(1451,132,'临海市',50,0),(1452,132,'其它区',60,0),(1453,133,'莲都区',50,0),(1454,133,'青田县',50,0),(1455,133,'缙云县',50,0),(1456,133,'遂昌县',50,0),(1457,133,'松阳县',50,0),(1458,133,'云和县',50,0),(1459,133,'庆元县',50,0),(1460,133,'景宁畲族自治县',50,0),(1461,133,'龙泉市',50,0),(1462,133,'其它区',60,0),(1463,134,'瑶海区',50,0),(1464,134,'庐阳区',50,0),(1465,134,'蜀山区',50,0),(1466,134,'包河区',50,0),(1467,134,'长丰县',50,0),(1468,134,'肥东县',50,0),(1469,134,'肥西县',50,0),(1470,134,'高新区',50,0),(1471,134,'中区',50,0),(1472,134,'其它区',60,0),(1473,135,'镜湖区',50,0),(1474,135,'弋江区',50,0),(1475,135,'鸠江区',50,0),(1476,135,'三山区',50,0),(1477,135,'芜湖县',50,0),(1478,135,'繁昌县',50,0),(1479,135,'南陵县',50,0),(1480,135,'其它区',60,0),(1481,136,'龙子湖区',50,0),(1482,136,'蚌山区',50,0),(1483,136,'禹会区',50,0),(1484,136,'淮上区',50,0),(1485,136,'怀远县',50,0),(1486,136,'五河县',50,0),(1487,136,'固镇县',50,0),(1488,136,'其它区',60,0),(1489,137,'大通区',50,0),(1490,137,'田家庵区',50,0),(1491,137,'谢家集区',50,0),(1492,137,'八公山区',50,0),(1493,137,'潘集区',50,0),(1494,137,'凤台县',50,0),(1495,137,'其它区',60,0),(1496,138,'金家庄区',50,0),(1497,138,'花山区',50,0),(1498,138,'雨山区',50,0),(1499,138,'博望区',50,0),(1500,138,'当涂县',50,0),(1501,138,'其它区',60,0),(1502,139,'杜集区',50,0),(1503,139,'相山区',50,0),(1504,139,'烈山区',50,0),(1505,139,'濉溪县',50,0),(1506,139,'其它区',60,0),(1507,140,'铜官山区',50,0),(1508,140,'狮子山区',50,0),(1509,140,'郊区',50,0),(1510,140,'铜陵县',50,0),(1511,140,'其它区',60,0),(1512,141,'迎江区',50,0),(1513,141,'大观区',50,0),(1514,141,'宜秀区',50,0),(1515,141,'怀宁县',50,0),(1516,141,'枞阳县',50,0),(1517,141,'潜山县',50,0),(1518,141,'太湖县',50,0),(1519,141,'宿松县',50,0),(1520,141,'望江县',50,0),(1521,141,'岳西县',50,0),(1522,141,'桐城市',50,0),(1523,141,'其它区',60,0),(1524,142,'屯溪区',50,0),(1525,142,'黄山区',50,0),(1526,142,'徽州区',50,0),(1527,142,'歙县',50,0),(1528,142,'休宁县',50,0),(1529,142,'黟县',50,0),(1530,142,'祁门县',50,0),(1531,142,'其它区',60,0),(1532,143,'琅琊区',50,0),(1533,143,'南谯区',50,0),(1534,143,'来安县',50,0),(1535,143,'全椒县',50,0),(1536,143,'定远县',50,0),(1537,143,'凤阳县',50,0),(1538,143,'天长市',50,0),(1539,143,'明光市',50,0),(1540,143,'其它区',60,0),(1541,144,'颍州区',50,0),(1542,144,'颍东区',50,0),(1543,144,'颍泉区',50,0),(1544,144,'临泉县',50,0),(1545,144,'太和县',50,0),(1546,144,'阜南县',50,0),(1547,144,'颍上县',50,0),(1548,144,'界首市',50,0),(1549,144,'其它区',60,0),(1550,145,'埇桥区',50,0),(1551,145,'砀山县',50,0),(1552,145,'萧县',50,0),(1553,145,'灵璧县',50,0),(1554,145,'泗县',50,0),(1555,145,'其它区',60,0),(1556,134,'巢湖市',50,0),(1557,134,'居巢区',50,0),(1558,134,'庐江县',50,0),(1559,135,'无为县',50,0),(1560,138,'含山县',50,0),(1561,138,'和县',50,0),(1562,146,'金安区',50,0),(1563,146,'裕安区',50,0),(1564,146,'寿县',50,0),(1565,146,'霍邱县',50,0),(1566,146,'舒城县',50,0),(1567,146,'金寨县',50,0),(1568,146,'霍山县',50,0),(1569,146,'其它区',60,0),(1570,147,'谯城区',50,0),(1571,147,'涡阳县',50,0),(1572,147,'蒙城县',50,0),(1573,147,'利辛县',50,0),(1574,147,'其它区',60,0),(1575,148,'贵池区',50,0),(1576,148,'东至县',50,0),(1577,148,'石台县',50,0),(1578,148,'青阳县',50,0),(1579,148,'其它区',60,0),(1580,149,'宣州区',50,0),(1581,149,'郎溪县',50,0),(1582,149,'广德县',50,0),(1583,149,'泾县',50,0),(1584,149,'绩溪县',50,0),(1585,149,'旌德县',50,0),(1586,149,'宁国市',50,0),(1587,149,'其它区',60,0),(1588,150,'鼓楼区',50,0),(1589,150,'台江区',50,0),(1590,150,'仓山区',50,0),(1591,150,'马尾区',50,0),(1592,150,'晋安区',50,0),(1593,150,'闽侯县',50,0),(1594,150,'连江县',50,0),(1595,150,'罗源县',50,0),(1596,150,'闽清县',50,0),(1597,150,'永泰县',50,0),(1598,150,'平潭县',50,0),(1599,150,'福清市',50,0),(1600,150,'长乐市',50,0),(1601,150,'其它区',60,0),(1602,151,'思明区',50,0),(1603,151,'海沧区',50,0),(1604,151,'湖里区',50,0),(1605,151,'集美区',50,0),(1606,151,'同安区',50,0),(1607,151,'翔安区',50,0),(1608,151,'其它区',60,0),(1609,152,'城厢区',50,0),(1610,152,'涵江区',50,0),(1611,152,'荔城区',50,0),(1612,152,'秀屿区',50,0),(1613,152,'仙游县',50,0),(1614,152,'其它区',60,0),(1615,153,'梅列区',50,0),(1616,153,'三元区',50,0),(1617,153,'明溪县',50,0),(1618,153,'清流县',50,0),(1619,153,'宁化县',50,0),(1620,153,'大田县',50,0),(1621,153,'尤溪县',50,0),(1622,153,'沙县',50,0),(1623,153,'将乐县',50,0),(1624,153,'泰宁县',50,0),(1625,153,'建宁县',50,0),(1626,153,'永安市',50,0),(1627,153,'其它区',60,0),(1628,154,'鲤城区',50,0),(1629,154,'丰泽区',50,0),(1630,154,'洛江区',50,0),(1631,154,'泉港区',50,0),(1632,154,'惠安县',50,0),(1633,154,'安溪县',50,0),(1634,154,'永春县',50,0),(1635,154,'德化县',50,0),(1636,154,'金门县',50,0),(1637,154,'石狮市',50,0),(1638,154,'晋江市',50,0),(1639,154,'南安市',50,0),(1640,154,'其它区',60,0),(1641,155,'芗城区',50,0),(1642,155,'龙文区',50,0),(1643,155,'云霄县',50,0),(1644,155,'漳浦县',50,0),(1645,155,'诏安县',50,0),(1646,155,'长泰县',50,0),(1647,155,'东山县',50,0),(1648,155,'南靖县',50,0),(1649,155,'平和县',50,0),(1650,155,'华安县',50,0),(1651,155,'龙海市',50,0),(1652,155,'其它区',60,0),(1653,156,'延平区',50,0),(1654,156,'顺昌县',50,0),(1655,156,'浦城县',50,0),(1656,156,'光泽县',50,0),(1657,156,'松溪县',50,0),(1658,156,'政和县',50,0),(1659,156,'邵武市',50,0),(1660,156,'武夷山市',50,0),(1661,156,'建瓯市',50,0),(1662,156,'建阳区',50,0),(1663,156,'其它区',60,0),(1664,157,'新罗区',50,0),(1665,157,'长汀县',50,0),(1666,157,'永定区',50,0),(1667,157,'上杭县',50,0),(1668,157,'武平县',50,0),(1669,157,'连城县',50,0),(1670,157,'漳平市',50,0),(1671,157,'其它区',60,0),(1672,158,'蕉城区',50,0),(1673,158,'霞浦县',50,0),(1674,158,'古田县',50,0),(1675,158,'屏南县',50,0),(1676,158,'寿宁县',50,0),(1677,158,'周宁县',50,0),(1678,158,'柘荣县',50,0),(1679,158,'福安市',50,0),(1680,158,'福鼎市',50,0),(1681,158,'其它区',60,0),(1682,159,'东湖区',50,0),(1683,159,'西湖区',50,0),(1684,159,'青云谱区',50,0),(1685,159,'湾里区',50,0),(1686,159,'青山湖区',50,0),(1687,159,'南昌县',50,0),(1688,159,'新建县',50,0),(1689,159,'安义县',50,0),(1690,159,'进贤县',50,0),(1691,159,'红谷滩新区',50,0),(1692,159,'经济技术开发区',50,0),(1693,159,'昌北区',50,0),(1694,159,'其它区',60,0),(1695,160,'昌江区',50,0),(1696,160,'珠山区',50,0),(1697,160,'浮梁县',50,0),(1698,160,'乐平市',50,0),(1699,160,'其它区',60,0),(1700,161,'安源区',50,0),(1701,161,'湘东区',50,0),(1702,161,'莲花县',50,0),(1703,161,'上栗县',50,0),(1704,161,'芦溪县',50,0),(1705,161,'其它区',60,0),(1706,162,'庐山区',50,0),(1707,162,'浔阳区',50,0),(1708,162,'九江县',50,0),(1709,162,'武宁县',50,0),(1710,162,'修水县',50,0),(1711,162,'永修县',50,0),(1712,162,'德安县',50,0),(1713,162,'星子县',50,0),(1714,162,'都昌县',50,0),(1715,162,'湖口县',50,0),(1716,162,'彭泽县',50,0),(1717,162,'瑞昌市',50,0),(1718,162,'其它区',60,0),(1719,162,'共青城市',50,0),(1720,163,'渝水区',50,0),(1721,163,'分宜县',50,0),(1722,163,'其它区',60,0),(1723,164,'月湖区',50,0),(1724,164,'余江县',50,0),(1725,164,'贵溪市',50,0),(1726,164,'其它区',60,0),(1727,165,'章贡区',50,0),(1728,165,'赣县',50,0),(1729,165,'信丰县',50,0),(1730,165,'大余县',50,0),(1731,165,'上犹县',50,0),(1732,165,'崇义县',50,0),(1733,165,'安远县',50,0),(1734,165,'龙南县',50,0),(1735,165,'定南县',50,0),(1736,165,'全南县',50,0),(1737,165,'宁都县',50,0),(1738,165,'于都县',50,0),(1739,165,'兴国县',50,0),(1740,165,'会昌县',50,0),(1741,165,'寻乌县',50,0),(1742,165,'石城县',50,0),(1743,165,'黄金区',50,0),(1744,165,'瑞金市',50,0),(1745,165,'南康区',50,0),(1746,165,'其它区',60,0),(1747,166,'吉州区',50,0),(1748,166,'青原区',50,0),(1749,166,'吉安县',50,0),(1750,166,'吉水县',50,0),(1751,166,'峡江县',50,0),(1752,166,'新干县',50,0),(1753,166,'永丰县',50,0),(1754,166,'泰和县',50,0),(1755,166,'遂川县',50,0),(1756,166,'万安县',50,0),(1757,166,'安福县',50,0),(1758,166,'永新县',50,0),(1759,166,'井冈山市',50,0),(1760,166,'其它区',60,0),(1761,167,'袁州区',50,0),(1762,167,'奉新县',50,0),(1763,167,'万载县',50,0),(1764,167,'上高县',50,0),(1765,167,'宜丰县',50,0),(1766,167,'靖安县',50,0),(1767,167,'铜鼓县',50,0),(1768,167,'丰城市',50,0),(1769,167,'樟树市',50,0),(1770,167,'高安市',50,0),(1771,167,'其它区',60,0),(1772,168,'临川区',50,0),(1773,168,'南城县',50,0),(1774,168,'黎川县',50,0),(1775,168,'南丰县',50,0),(1776,168,'崇仁县',50,0),(1777,168,'乐安县',50,0),(1778,168,'宜黄县',50,0),(1779,168,'金溪县',50,0),(1780,168,'资溪县',50,0),(1781,168,'东乡县',50,0),(1782,168,'广昌县',50,0),(1783,168,'其它区',60,0),(1784,169,'信州区',50,0),(1785,169,'上饶县',50,0),(1786,169,'广丰区',50,0),(1787,169,'玉山县',50,0),(1788,169,'铅山县',50,0),(1789,169,'横峰县',50,0),(1790,169,'弋阳县',50,0),(1791,169,'余干县',50,0),(1792,169,'鄱阳县',50,0),(1793,169,'万年县',50,0),(1794,169,'婺源县',50,0),(1795,169,'德兴市',50,0),(1796,169,'其它区',60,0),(1797,170,'历下区',50,0),(1798,170,'市中区',50,0),(1799,170,'槐荫区',50,0),(1800,170,'天桥区',50,0),(1801,170,'历城区',50,0),(1802,170,'长清区',50,0),(1803,170,'平阴县',50,0),(1804,170,'济阳县',50,0),(1805,170,'商河县',50,0),(1806,170,'章丘市',50,0),(1807,170,'其它区',60,0),(1808,171,'市南区',50,0),(1809,171,'市北区',50,0),(1810,171,'四方区',50,0),(1811,171,'黄岛区',50,0),(1812,171,'崂山区',50,0),(1813,171,'李沧区',50,0),(1814,171,'城阳区',50,0),(1815,171,'开发区',50,0),(1816,171,'胶州市',50,0),(1817,171,'即墨市',50,0),(1818,171,'平度市',50,0),(1819,171,'胶南市',50,0),(1820,171,'莱西市',50,0),(1821,171,'其它区',60,0),(1822,172,'淄川区',50,0),(1823,172,'张店区',50,0),(1824,172,'博山区',50,0),(1825,172,'临淄区',50,0),(1826,172,'周村区',50,0),(1827,172,'桓台县',50,0),(1828,172,'高青县',50,0),(1829,172,'沂源县',50,0),(1830,172,'其它区',60,0),(1831,173,'市中区',50,0),(1832,173,'薛城区',50,0),(1833,173,'峄城区',50,0),(1834,173,'台儿庄区',50,0),(1835,173,'山亭区',50,0),(1836,173,'滕州市',50,0),(1837,173,'其它区',60,0),(1838,174,'东营区',50,0),(1839,174,'河口区',50,0),(1840,174,'垦利县',50,0),(1841,174,'利津县',50,0),(1842,174,'广饶县',50,0),(1843,174,'西城区',50,0),(1844,174,'东城区',50,0),(1845,174,'其它区',60,0),(1846,175,'芝罘区',50,0),(1847,175,'福山区',50,0),(1848,175,'牟平区',50,0),(1849,175,'莱山区',50,0),(1850,175,'长岛县',50,0),(1851,175,'龙口市',50,0),(1852,175,'莱阳市',50,0),(1853,175,'莱州市',50,0),(1854,175,'蓬莱市',50,0),(1855,175,'招远市',50,0),(1856,175,'栖霞市',50,0),(1857,175,'海阳市',50,0),(1858,175,'其它区',60,0),(1859,176,'潍城区',50,0),(1860,176,'寒亭区',50,0),(1861,176,'坊子区',50,0),(1862,176,'奎文区',50,0),(1863,176,'临朐县',50,0),(1864,176,'昌乐县',50,0),(1865,176,'开发区',50,0),(1866,176,'青州市',50,0),(1867,176,'诸城市',50,0),(1868,176,'寿光市',50,0),(1869,176,'安丘市',50,0),(1870,176,'高密市',50,0),(1871,176,'昌邑市',50,0),(1872,176,'其它区',60,0),(1873,177,'市中区',50,0),(1874,177,'任城区',50,0),(1875,177,'微山县',50,0),(1876,177,'鱼台县',50,0),(1877,177,'金乡县',50,0),(1878,177,'嘉祥县',50,0),(1879,177,'汶上县',50,0),(1880,177,'泗水县',50,0),(1881,177,'梁山县',50,0),(1882,177,'曲阜市',50,0),(1883,177,'兖州区',50,0),(1884,177,'邹城市',50,0),(1885,177,'其它区',60,0),(1886,178,'泰山区',50,0),(1887,178,'岱岳区',50,0),(1888,178,'宁阳县',50,0),(1889,178,'东平县',50,0),(1890,178,'新泰市',50,0),(1891,178,'肥城市',50,0),(1892,178,'其它区',60,0),(1893,179,'环翠区',50,0),(1894,179,'文登区',50,0),(1895,179,'荣成市',50,0),(1896,179,'乳山市',50,0),(1897,179,'其它区',60,0),(1898,180,'东港区',50,0),(1899,180,'岚山区',50,0),(1900,180,'五莲县',50,0),(1901,180,'莒县',50,0),(1902,180,'其它区',60,0),(1903,181,'莱城区',50,0),(1904,181,'钢城区',50,0),(1905,181,'其它区',60,0),(1906,182,'兰山区',50,0),(1907,182,'罗庄区',50,0),(1908,182,'河东区',50,0),(1909,182,'沂南县',50,0),(1910,182,'郯城县',50,0),(1911,182,'沂水县',50,0),(1912,182,'兰陵县',50,0),(1913,182,'费县',50,0),(1914,182,'平邑县',50,0),(1915,182,'莒南县',50,0),(1916,182,'蒙阴县',50,0),(1917,182,'临沭县',50,0),(1918,182,'其它区',60,0),(1919,183,'德城区',50,0),(1920,183,'陵城区',50,0),(1921,183,'宁津县',50,0),(1922,183,'庆云县',50,0),(1923,183,'临邑县',50,0),(1924,183,'齐河县',50,0),(1925,183,'平原县',50,0),(1926,183,'夏津县',50,0),(1927,183,'武城县',50,0),(1928,183,'开发区',50,0),(1929,183,'乐陵市',50,0),(1930,183,'禹城市',50,0),(1931,183,'其它区',60,0),(1932,184,'东昌府区',50,0),(1933,184,'阳谷县',50,0),(1934,184,'莘县',50,0),(1935,184,'茌平县',50,0),(1936,184,'东阿县',50,0),(1937,184,'冠县',50,0),(1938,184,'高唐县',50,0),(1939,184,'临清市',50,0),(1940,184,'其它区',60,0),(1941,185,'滨城区',50,0),(1942,185,'惠民县',50,0),(1943,185,'阳信县',50,0),(1944,185,'无棣县',50,0),(1945,185,'沾化区',50,0),(1946,185,'博兴县',50,0),(1947,185,'邹平县',50,0),(1948,185,'其它区',60,0),(1949,186,'牡丹区',50,0),(1950,186,'曹县',50,0),(1951,186,'单县',50,0),(1952,186,'成武县',50,0),(1953,186,'巨野县',50,0),(1954,186,'郓城县',50,0),(1955,186,'鄄城县',50,0),(1956,186,'定陶县',50,0),(1957,186,'东明县',50,0),(1958,186,'其它区',60,0),(1959,187,'中原区',50,0),(1960,187,'二七区',50,0),(1961,187,'管城回族区',50,0),(1962,187,'金水区',50,0),(1963,187,'上街区',50,0),(1964,187,'惠济区',50,0),(1965,187,'中牟县',50,0),(1966,187,'巩义市',50,0),(1967,187,'荥阳市',50,0),(1968,187,'新密市',50,0),(1969,187,'新郑市',50,0),(1970,187,'登封市',50,0),(1971,187,'郑东新区',50,0),(1972,187,'高新区',50,0),(1973,187,'其它区',60,0),(1974,188,'龙亭区',50,0),(1975,188,'顺河回族区',50,0),(1976,188,'鼓楼区',50,0),(1977,188,'禹王台区',50,0),(1978,188,'金明区',50,0),(1979,188,'杞县',50,0),(1980,188,'通许县',50,0),(1981,188,'尉氏县',50,0),(1982,188,'祥符区',50,0),(1983,188,'兰考县',50,0),(1984,188,'其它区',60,0),(1985,189,'老城区',50,0),(1986,189,'西工区',50,0),(1987,189,'瀍河回族区',50,0),(1988,189,'涧西区',50,0),(1989,189,'吉利区',50,0),(1990,189,'洛龙区',50,0),(1991,189,'孟津县',50,0),(1992,189,'新安县',50,0),(1993,189,'栾川县',50,0),(1994,189,'嵩县',50,0),(1995,189,'汝阳县',50,0),(1996,189,'宜阳县',50,0),(1997,189,'洛宁县',50,0),(1998,189,'伊川县',50,0),(1999,189,'偃师市',50,0),(2000,190,'新华区',50,0),(2001,190,'卫东区',50,0),(2002,190,'石龙区',50,0),(2003,190,'湛河区',50,0),(2004,190,'宝丰县',50,0),(2005,190,'叶县',50,0),(2006,190,'鲁山县',50,0),(2007,190,'郏县',50,0),(2008,190,'舞钢市',50,0),(2009,190,'汝州市',50,0),(2010,190,'其它区',60,0),(2011,191,'文峰区',50,0),(2012,191,'北关区',50,0),(2013,191,'殷都区',50,0),(2014,191,'龙安区',50,0),(2015,191,'安阳县',50,0),(2016,191,'汤阴县',50,0),(2017,191,'滑县',50,0),(2018,191,'内黄县',50,0),(2019,191,'林州市',50,0),(2020,191,'其它区',60,0),(2021,192,'鹤山区',50,0),(2022,192,'山城区',50,0),(2023,192,'淇滨区',50,0),(2024,192,'浚县',50,0),(2025,192,'淇县',50,0),(2026,192,'其它区',60,0),(2027,193,'红旗区',50,0),(2028,193,'卫滨区',50,0),(2029,193,'凤泉区',50,0),(2030,193,'牧野区',50,0),(2031,193,'新乡县',50,0),(2032,193,'获嘉县',50,0),(2033,193,'原阳县',50,0),(2034,193,'延津县',50,0),(2035,193,'封丘县',50,0),(2036,193,'长垣县',50,0),(2037,193,'卫辉市',50,0),(2038,193,'辉县市',50,0),(2039,193,'其它区',60,0),(2040,194,'解放区',50,0),(2041,194,'中站区',50,0),(2042,194,'马村区',50,0),(2043,194,'山阳区',50,0),(2044,194,'修武县',50,0),(2045,194,'博爱县',50,0),(2046,194,'武陟县',50,0),(2047,194,'温县',50,0),(2048,194,'沁阳市',50,0),(2049,194,'孟州市',50,0),(2050,194,'其它区',60,0),(2051,195,'华龙区',50,0),(2052,195,'清丰县',50,0),(2053,195,'南乐县',50,0),(2054,195,'范县',50,0),(2055,195,'台前县',50,0),(2056,195,'濮阳县',50,0),(2057,195,'其它区',60,0),(2058,196,'魏都区',50,0),(2059,196,'许昌县',50,0),(2060,196,'鄢陵县',50,0),(2061,196,'襄城县',50,0),(2062,196,'禹州市',50,0),(2063,196,'长葛市',50,0),(2064,196,'其它区',60,0),(2065,197,'源汇区',50,0),(2066,197,'郾城区',50,0),(2067,197,'召陵区',50,0),(2068,197,'舞阳县',50,0),(2069,197,'临颍县',50,0),(2070,197,'其它区',60,0),(2071,198,'湖滨区',50,0),(2072,198,'渑池县',50,0),(2073,198,'陕州区',50,0),(2074,198,'卢氏县',50,0),(2075,198,'义马市',50,0),(2076,198,'灵宝市',50,0),(2077,198,'其它区',60,0),(2078,199,'宛城区',50,0),(2079,199,'卧龙区',50,0),(2080,199,'南召县',50,0),(2081,199,'方城县',50,0),(2082,199,'西峡县',50,0),(2083,199,'镇平县',50,0),(2084,199,'内乡县',50,0),(2085,199,'淅川县',50,0),(2086,199,'社旗县',50,0),(2087,199,'唐河县',50,0),(2088,199,'新野县',50,0),(2089,199,'桐柏县',50,0),(2090,199,'邓州市',50,0),(2091,199,'其它区',60,0),(2092,200,'梁园区',50,0),(2093,200,'睢阳区',50,0),(2094,200,'民权县',50,0),(2095,200,'睢县',50,0),(2096,200,'宁陵县',50,0),(2097,200,'柘城县',50,0),(2098,200,'虞城县',50,0),(2099,200,'夏邑县',50,0),(2100,200,'永城市',50,0),(2101,200,'其它区',60,0),(2102,201,'浉河区',50,0),(2103,201,'平桥区',50,0),(2104,201,'罗山县',50,0),(2105,201,'光山县',50,0),(2106,201,'新县',50,0),(2107,201,'商城县',50,0),(2108,201,'固始县',50,0),(2109,201,'潢川县',50,0),(2110,201,'淮滨县',50,0),(2111,201,'息县',50,0),(2112,201,'其它区',60,0),(2113,202,'川汇区',50,0),(2114,202,'扶沟县',50,0),(2115,202,'西华县',50,0),(2116,202,'商水县',50,0),(2117,202,'沈丘县',50,0),(2118,202,'郸城县',50,0),(2119,202,'淮阳县',50,0),(2120,202,'太康县',50,0),(2121,202,'鹿邑县',50,0),(2122,202,'项城市',50,0),(2123,202,'其它区',60,0),(2124,203,'驿城区',50,0),(2125,203,'西平县',50,0),(2126,203,'上蔡县',50,0),(2127,203,'平舆县',50,0),(2128,203,'正阳县',50,0),(2129,203,'确山县',50,0),(2130,203,'泌阳县',50,0),(2131,203,'汝南县',50,0),(2132,203,'遂平县',50,0),(2133,203,'新蔡县',50,0),(2134,203,'其它区',60,0),(2135,204,'江岸区',50,0),(2136,204,'江汉区',50,0),(2137,204,'硚口区',50,0),(2138,204,'汉阳区',50,0),(2139,204,'武昌区',50,0),(2140,204,'青山区',50,0),(2141,204,'洪山区',50,0),(2142,204,'东西湖区',50,0),(2143,204,'汉南区',50,0),(2144,204,'蔡甸区',50,0),(2145,204,'江夏区',50,0),(2146,204,'黄陂区',50,0),(2147,204,'新洲区',50,0),(2148,204,'其它区',60,0),(2149,205,'黄石港区',50,0),(2150,205,'西塞山区',50,0),(2151,205,'下陆区',50,0),(2152,205,'铁山区',50,0),(2153,205,'阳新县',50,0),(2154,205,'大冶市',50,0),(2155,205,'其它区',60,0),(2156,206,'茅箭区',50,0),(2157,206,'张湾区',50,0),(2158,206,'郧阳区',50,0),(2159,206,'郧西县',50,0),(2160,206,'竹山县',50,0),(2161,206,'竹溪县',50,0),(2162,206,'房县',50,0),(2163,206,'丹江口市',50,0),(2164,206,'城区',50,0),(2165,206,'其它区',60,0),(2166,207,'西陵区',50,0),(2167,207,'伍家岗区',50,0),(2168,207,'点军区',50,0),(2169,207,'猇亭区',50,0),(2170,207,'夷陵区',50,0),(2171,207,'远安县',50,0),(2172,207,'兴山县',50,0),(2173,207,'秭归县',50,0),(2174,207,'长阳土家族自治县',50,0),(2175,207,'五峰土家族自治县',50,0),(2176,207,'葛洲坝区',50,0),(2177,207,'开发区',50,0),(2178,207,'宜都市',50,0),(2179,207,'当阳市',50,0),(2180,207,'枝江市',50,0),(2181,207,'其它区',60,0),(2182,208,'襄城区',50,0),(2183,208,'樊城区',50,0),(2184,208,'襄州区',50,0),(2185,208,'南漳县',50,0),(2186,208,'谷城县',50,0),(2187,208,'保康县',50,0),(2188,208,'老河口市',50,0),(2189,208,'枣阳市',50,0),(2190,208,'宜城市',50,0),(2191,208,'其它区',60,0),(2192,209,'梁子湖区',50,0),(2193,209,'华容区',50,0),(2194,209,'鄂城区',50,0),(2195,209,'其它区',60,0),(2196,210,'东宝区',50,0),(2197,210,'掇刀区',50,0),(2198,210,'京山县',50,0),(2199,210,'沙洋县',50,0),(2200,210,'钟祥市',50,0),(2201,210,'其它区',60,0),(2202,211,'孝南区',50,0),(2203,211,'孝昌县',50,0),(2204,211,'大悟县',50,0),(2205,211,'云梦县',50,0),(2206,211,'应城市',50,0),(2207,211,'安陆市',50,0),(2208,211,'汉川市',50,0),(2209,211,'其它区',60,0),(2210,212,'沙市区',50,0),(2211,212,'荆州区',50,0),(2212,212,'公安县',50,0),(2213,212,'监利县',50,0),(2214,212,'江陵县',50,0),(2215,212,'石首市',50,0),(2216,212,'洪湖市',50,0),(2217,212,'松滋市',50,0),(2218,212,'其它区',60,0),(2219,213,'黄州区',50,0),(2220,213,'团风县',50,0),(2221,213,'红安县',50,0),(2222,213,'罗田县',50,0),(2223,213,'英山县',50,0),(2224,213,'浠水县',50,0),(2225,213,'蕲春县',50,0),(2226,213,'黄梅县',50,0),(2227,213,'麻城市',50,0),(2228,213,'武穴市',50,0),(2229,213,'其它区',60,0),(2230,214,'咸安区',50,0),(2231,214,'嘉鱼县',50,0),(2232,214,'通城县',50,0),(2233,214,'崇阳县',50,0),(2234,214,'通山县',50,0),(2235,214,'赤壁市',50,0),(2236,214,'温泉城区',50,0),(2237,214,'其它区',60,0),(2238,215,'曾都区',50,0),(2239,215,'随县',50,0),(2240,215,'广水市',50,0),(2241,215,'其它区',60,0),(2242,216,'恩施市',50,0),(2243,216,'利川市',50,0),(2244,216,'建始县',50,0),(2245,216,'巴东县',50,0),(2246,216,'宣恩县',50,0),(2247,216,'咸丰县',50,0),(2248,216,'来凤县',50,0),(2249,216,'鹤峰县',50,0),(2250,216,'其它区',60,0),(2251,217,'芙蓉区',50,0),(2252,217,'天心区',50,0),(2253,217,'岳麓区',50,0),(2254,217,'开福区',50,0),(2255,217,'雨花区',50,0),(2256,217,'长沙县',50,0),(2257,217,'望城区',50,0),(2258,217,'宁乡县',50,0),(2259,217,'浏阳市',50,0),(2260,217,'其它区',60,0),(2261,218,'荷塘区',50,0),(2262,218,'芦淞区',50,0),(2263,218,'石峰区',50,0),(2264,218,'天元区',50,0),(2265,218,'株洲县',50,0),(2266,218,'攸县',50,0),(2267,218,'茶陵县',50,0),(2268,218,'炎陵县',50,0),(2269,218,'醴陵市',50,0),(2270,218,'其它区',60,0),(2271,219,'雨湖区',50,0),(2272,219,'岳塘区',50,0),(2273,219,'湘潭县',50,0),(2274,219,'湘乡市',50,0),(2275,219,'韶山市',50,0),(2276,219,'其它区',60,0),(2277,220,'珠晖区',50,0),(2278,220,'雁峰区',50,0),(2279,220,'石鼓区',50,0),(2280,220,'蒸湘区',50,0),(2281,220,'南岳区',50,0),(2282,220,'衡阳县',50,0),(2283,220,'衡南县',50,0),(2284,220,'衡山县',50,0),(2285,220,'衡东县',50,0),(2286,220,'祁东县',50,0),(2287,220,'耒阳市',50,0),(2288,220,'常宁市',50,0),(2289,220,'其它区',60,0),(2290,221,'双清区',50,0),(2291,221,'大祥区',50,0),(2292,221,'北塔区',50,0),(2293,221,'邵东县',50,0),(2294,221,'新邵县',50,0),(2295,221,'邵阳县',50,0),(2296,221,'隆回县',50,0),(2297,221,'洞口县',50,0),(2298,221,'绥宁县',50,0),(2299,221,'新宁县',50,0),(2300,221,'城步苗族自治县',50,0),(2301,221,'武冈市',50,0),(2302,221,'其它区',60,0),(2303,222,'岳阳楼区',50,0),(2304,222,'云溪区',50,0),(2305,222,'君山区',50,0),(2306,222,'岳阳县',50,0),(2307,222,'华容县',50,0),(2308,222,'湘阴县',50,0),(2309,222,'平江县',50,0),(2310,222,'汨罗市',50,0),(2311,222,'临湘市',50,0),(2312,222,'其它区',60,0),(2313,223,'武陵区',50,0),(2314,223,'鼎城区',50,0),(2315,223,'安乡县',50,0),(2316,223,'汉寿县',50,0),(2317,223,'澧县',50,0),(2318,223,'临澧县',50,0),(2319,223,'桃源县',50,0),(2320,223,'石门县',50,0),(2321,223,'津市市',50,0),(2322,223,'其它区',60,0),(2323,224,'永定区',50,0),(2324,224,'武陵源区',50,0),(2325,224,'慈利县',50,0),(2326,224,'桑植县',50,0),(2327,224,'其它区',60,0),(2328,225,'资阳区',50,0),(2329,225,'赫山区',50,0),(2330,225,'南县',50,0),(2331,225,'桃江县',50,0),(2332,225,'安化县',50,0),(2333,225,'沅江市',50,0),(2334,225,'其它区',60,0),(2335,226,'北湖区',50,0),(2336,226,'苏仙区',50,0),(2337,226,'桂阳县',50,0),(2338,226,'宜章县',50,0),(2339,226,'永兴县',50,0),(2340,226,'嘉禾县',50,0),(2341,226,'临武县',50,0),(2342,226,'汝城县',50,0),(2343,226,'桂东县',50,0),(2344,226,'安仁县',50,0),(2345,226,'资兴市',50,0),(2346,226,'其它区',60,0),(2347,227,'零陵区',50,0),(2348,227,'冷水滩区',50,0),(2349,227,'祁阳县',50,0),(2350,227,'东安县',50,0),(2351,227,'双牌县',50,0),(2352,227,'道县',50,0),(2353,227,'江永县',50,0),(2354,227,'宁远县',50,0),(2355,227,'蓝山县',50,0),(2356,227,'新田县',50,0),(2357,227,'江华瑶族自治县',50,0),(2358,227,'其它区',60,0),(2359,228,'鹤城区',50,0),(2360,228,'中方县',50,0),(2361,228,'沅陵县',50,0),(2362,228,'辰溪县',50,0),(2363,228,'溆浦县',50,0),(2364,228,'会同县',50,0),(2365,228,'麻阳苗族自治县',50,0),(2366,228,'新晃侗族自治县',50,0),(2367,228,'芷江侗族自治县',50,0),(2368,228,'靖州苗族侗族自治县',50,0),(2369,228,'通道侗族自治县',50,0),(2370,228,'洪江市',50,0),(2371,228,'其它区',60,0),(2372,229,'娄星区',50,0),(2373,229,'双峰县',50,0),(2374,229,'新化县',50,0),(2375,229,'冷水江市',50,0),(2376,229,'涟源市',50,0),(2377,229,'其它区',60,0),(2378,230,'吉首市',50,0),(2379,230,'泸溪县',50,0),(2380,230,'凤凰县',50,0),(2381,230,'花垣县',50,0),(2382,230,'保靖县',50,0),(2383,230,'古丈县',50,0),(2384,230,'永顺县',50,0),(2385,230,'龙山县',50,0),(2386,230,'其它区',60,0),(2387,231,'荔湾区',50,0),(2388,231,'越秀区',50,0),(2389,231,'海珠区',50,0),(2390,231,'天河区',50,0),(2391,231,'白云区',50,0),(2392,231,'黄埔区',50,0),(2393,231,'番禺区',50,0),(2394,231,'花都区',50,0),(2395,231,'南沙区',50,0),(2396,231,'萝岗区',50,0),(2397,231,'增城区',50,0),(2398,231,'从化区',50,0),(2399,231,'东山区',50,0),(2400,231,'其它区',60,0),(2401,232,'武江区',50,0),(2402,232,'浈江区',50,0),(2403,232,'曲江区',50,0),(2404,232,'始兴县',50,0),(2405,232,'仁化县',50,0),(2406,232,'翁源县',50,0),(2407,232,'乳源瑶族自治县',50,0),(2408,232,'新丰县',50,0),(2409,232,'乐昌市',50,0),(2410,232,'南雄市',50,0),(2411,232,'其它区',60,0),(2412,233,'罗湖区',50,0),(2413,233,'福田区',50,0),(2414,233,'南山区',50,0),(2415,233,'宝安区',50,0),(2416,233,'龙岗区',50,0),(2417,233,'盐田区',50,0),(2418,233,'其它区',60,0),(2419,233,'光明新区',50,0),(2420,233,'坪山新区',50,0),(2421,233,'大鹏新区',50,0),(2422,233,'龙华新区',50,0),(2423,234,'香洲区',50,0),(2424,234,'斗门区',50,0),(2425,234,'金湾区',50,0),(2426,234,'金唐区',50,0),(2427,234,'南湾区',50,0),(2428,234,'其它区',60,0),(2429,235,'龙湖区',50,0),(2430,235,'金平区',50,0),(2431,235,'濠江区',50,0),(2432,235,'潮阳区',50,0),(2433,235,'潮南区',50,0),(2434,235,'澄海区',50,0),(2435,235,'南澳县',50,0),(2436,235,'其它区',60,0),(2437,236,'禅城区',50,0),(2438,236,'南海区',50,0),(2439,236,'顺德区',50,0),(2440,236,'三水区',50,0),(2441,236,'高明区',50,0),(2442,236,'其它区',60,0),(2443,237,'蓬江区',50,0),(2444,237,'江海区',50,0),(2445,237,'新会区',50,0),(2446,237,'台山市',50,0),(2447,237,'开平市',50,0),(2448,237,'鹤山市',50,0),(2449,237,'恩平市',50,0),(2450,237,'其它区',60,0),(2451,238,'赤坎区',50,0),(2452,238,'霞山区',50,0),(2453,238,'坡头区',50,0),(2454,238,'麻章区',50,0),(2455,238,'遂溪县',50,0),(2456,238,'徐闻县',50,0),(2457,238,'廉江市',50,0),(2458,238,'雷州市',50,0),(2459,238,'吴川市',50,0),(2460,238,'其它区',60,0),(2461,239,'茂南区',50,0),(2462,239,'电白区',50,0),(2463,239,'电白县',50,0),(2464,239,'高州市',50,0),(2465,239,'化州市',50,0),(2466,239,'信宜市',50,0),(2467,239,'其它区',60,0),(2468,240,'端州区',50,0),(2469,240,'鼎湖区',50,0),(2470,240,'广宁县',50,0),(2471,240,'怀集县',50,0),(2472,240,'封开县',50,0),(2473,240,'德庆县',50,0),(2474,240,'高要市',50,0),(2475,240,'四会市',50,0),(2476,240,'其它区',60,0),(2477,241,'惠城区',50,0),(2478,241,'惠阳区',50,0),(2479,241,'博罗县',50,0),(2480,241,'惠东县',50,0),(2481,241,'龙门县',50,0),(2482,241,'其它区',60,0),(2483,242,'梅江区',50,0),(2484,242,'梅县区',50,0),(2485,242,'大埔县',50,0),(2486,242,'丰顺县',50,0),(2487,242,'五华县',50,0),(2488,242,'平远县',50,0),(2489,242,'蕉岭县',50,0),(2490,242,'兴宁市',50,0),(2491,242,'其它区',60,0),(2492,243,'城区',50,0),(2493,243,'海丰县',50,0),(2494,243,'陆河县',50,0),(2495,243,'陆丰市',50,0),(2496,243,'其它区',60,0),(2497,244,'源城区',50,0),(2498,244,'紫金县',50,0),(2499,244,'龙川县',50,0),(2500,244,'连平县',50,0),(2501,244,'和平县',50,0),(2502,244,'东源县',50,0),(2503,244,'其它区',60,0),(2504,245,'江城区',50,0),(2505,245,'阳西县',50,0),(2506,245,'阳东区',50,0),(2507,245,'阳春市',50,0),(2508,245,'其它区',60,0),(2509,246,'清城区',50,0),(2510,246,'佛冈县',50,0),(2511,246,'阳山县',50,0),(2512,246,'连山壮族瑶族自治县',50,0),(2513,246,'连南瑶族自治县',50,0),(2514,246,'清新区',50,0),(2515,246,'英德市',50,0),(2516,246,'连州市',50,0),(2517,246,'其它区',60,0),(2518,250,'湘桥区',50,0),(2519,250,'潮安区',50,0),(2520,250,'饶平县',50,0),(2521,250,'枫溪区',50,0),(2522,250,'其它区',60,0),(2523,251,'榕城区',50,0),(2524,251,'揭东区',50,0),(2525,251,'揭西县',50,0),(2526,251,'惠来县',50,0),(2527,251,'普宁市',50,0),(2528,251,'东山区',50,0),(2529,251,'其它区',60,0),(2530,252,'云城区',50,0),(2531,252,'新兴县',50,0),(2532,252,'郁南县',50,0),(2533,252,'云安区',50,0),(2534,252,'罗定市',50,0),(2535,252,'其它区',60,0),(2536,253,'兴宁区',50,0),(2537,253,'青秀区',50,0),(2538,253,'江南区',50,0),(2539,253,'西乡塘区',50,0),(2540,253,'良庆区',50,0),(2541,253,'邕宁区',50,0),(2542,253,'武鸣区',50,0),(2543,253,'隆安县',50,0),(2544,253,'马山县',50,0),(2545,253,'上林县',50,0),(2546,253,'宾阳县',50,0),(2547,253,'横县',50,0),(2548,253,'其它区',60,0),(2549,254,'城中区',50,0),(2550,254,'鱼峰区',50,0),(2551,254,'柳南区',50,0),(2552,254,'柳北区',50,0),(2553,254,'柳江县',50,0),(2554,254,'柳城县',50,0),(2555,254,'鹿寨县',50,0),(2556,254,'融安县',50,0),(2557,254,'融水苗族自治县',50,0),(2558,254,'三江侗族自治县',50,0),(2559,254,'其它区',60,0),(2560,255,'秀峰区',50,0),(2561,255,'叠彩区',50,0),(2562,255,'象山区',50,0),(2563,255,'七星区',50,0),(2564,255,'雁山区',50,0),(2565,255,'阳朔县',50,0),(2566,255,'临桂区',50,0),(2567,255,'灵川县',50,0),(2568,255,'全州县',50,0),(2569,255,'兴安县',50,0),(2570,255,'永福县',50,0),(2571,255,'灌阳县',50,0),(2572,255,'龙胜各族自治县',50,0),(2573,255,'资源县',50,0),(2574,255,'平乐县',50,0),(2575,255,'荔浦县',50,0),(2576,255,'恭城瑶族自治县',50,0),(2577,255,'其它区',60,0),(2578,256,'万秀区',50,0),(2579,256,'蝶山区',50,0),(2580,256,'长洲区',50,0),(2581,256,'龙圩区',50,0),(2582,256,'苍梧县',50,0),(2583,256,'藤县',50,0),(2584,256,'蒙山县',50,0),(2585,256,'岑溪市',50,0),(2586,256,'其它区',60,0),(2587,257,'海城区',50,0),(2588,257,'银海区',50,0),(2589,257,'铁山港区',50,0),(2590,257,'合浦县',50,0),(2591,257,'其它区',60,0),(2592,258,'港口区',50,0),(2593,258,'防城区',50,0),(2594,258,'上思县',50,0),(2595,258,'东兴市',50,0),(2596,258,'其它区',60,0),(2597,259,'钦南区',50,0),(2598,259,'钦北区',50,0),(2599,259,'灵山县',50,0),(2600,259,'浦北县',50,0),(2601,259,'其它区',60,0),(2602,260,'港北区',50,0),(2603,260,'港南区',50,0),(2604,260,'覃塘区',50,0),(2605,260,'平南县',50,0),(2606,260,'桂平市',50,0),(2607,260,'其它区',60,0),(2608,261,'玉州区',50,0),(2609,261,'福绵区',50,0),(2610,261,'容县',50,0),(2611,261,'陆川县',50,0),(2612,261,'博白县',50,0),(2613,261,'兴业县',50,0),(2614,261,'北流市',50,0),(2615,261,'其它区',60,0),(2616,262,'右江区',50,0),(2617,262,'田阳县',50,0),(2618,262,'田东县',50,0),(2619,262,'平果县',50,0),(2620,262,'德保县',50,0),(2621,262,'靖西县',50,0),(2622,262,'那坡县',50,0),(2623,262,'凌云县',50,0),(2624,262,'乐业县',50,0),(2625,262,'田林县',50,0),(2626,262,'西林县',50,0),(2627,262,'隆林各族自治县',50,0),(2628,262,'其它区',60,0),(2629,263,'八步区',50,0),(2630,263,'平桂管理区',50,0),(2631,263,'昭平县',50,0),(2632,263,'钟山县',50,0),(2633,263,'富川瑶族自治县',50,0),(2634,263,'其它区',60,0),(2635,264,'金城江区',50,0),(2636,264,'南丹县',50,0),(2637,264,'天峨县',50,0),(2638,264,'凤山县',50,0),(2639,264,'东兰县',50,0),(2640,264,'罗城仫佬族自治县',50,0),(2641,264,'环江毛南族自治县',50,0),(2642,264,'巴马瑶族自治县',50,0),(2643,264,'都安瑶族自治县',50,0),(2644,264,'大化瑶族自治县',50,0),(2645,264,'宜州市',50,0),(2646,264,'其它区',60,0),(2647,265,'兴宾区',50,0),(2648,265,'忻城县',50,0),(2649,265,'象州县',50,0),(2650,265,'武宣县',50,0),(2651,265,'金秀瑶族自治县',50,0),(2652,265,'合山市',50,0),(2653,265,'其它区',60,0),(2654,266,'江州区',50,0),(2655,266,'扶绥县',50,0),(2656,266,'宁明县',50,0),(2657,266,'龙州县',50,0),(2658,266,'大新县',50,0),(2659,266,'天等县',50,0),(2660,266,'凭祥市',50,0),(2661,266,'其它区',60,0),(2662,267,'秀英区',50,0),(2663,267,'龙华区',50,0),(2664,267,'琼山区',50,0),(2665,267,'美兰区',50,0),(2666,267,'其它区',60,0),(2667,269,'西沙群岛',50,0),(2668,269,'南沙群岛',50,0),(2669,269,'中沙群岛的岛礁及其海域',50,0),(2670,189,'高新区',50,0),(2671,189,'其它区',60,0),(2672,270,'万州区',50,0),(2673,270,'涪陵区',50,0),(2674,270,'渝中区',50,0),(2675,270,'大渡口区',50,0),(2676,270,'江北区',50,0),(2677,270,'沙坪坝区',50,0),(2678,270,'九龙坡区',50,0),(2679,270,'南岸区',50,0),(2680,270,'北碚区',50,0),(2681,270,'万盛区',50,0),(2682,270,'双桥区',50,0),(2683,270,'渝北区',50,0),(2684,270,'巴南区',50,0),(2685,270,'黔江区',50,0),(2686,270,'长寿区',50,0),(2687,270,'綦江区',50,0),(2688,270,'潼南县',50,0),(2689,270,'铜梁区',50,0),(2690,270,'大足区',50,0),(2691,270,'荣昌县',50,0),(2692,270,'璧山区',50,0),(2693,270,'梁平县',50,0),(2694,270,'城口县',50,0),(2695,270,'丰都县',50,0),(2696,270,'垫江县',50,0),(2697,270,'武隆县',50,0),(2698,270,'忠县',50,0),(2699,270,'开县',50,0),(2700,270,'云阳县',50,0),(2701,270,'奉节县',50,0),(2702,270,'巫山县',50,0),(2703,270,'巫溪县',50,0),(2704,270,'石柱土家族自治县',50,0),(2705,270,'秀山土家族苗族自治县',50,0),(2706,270,'酉阳土家族苗族自治县',50,0),(2707,270,'彭水苗族土家族自治县',50,0),(2708,270,'江津区',50,0),(2709,270,'合川区',50,0),(2710,270,'永川区',50,0),(2711,270,'南川区',50,0),(2712,270,'其它区',60,0),(2713,271,'锦江区',50,0),(2714,271,'青羊区',50,0),(2715,271,'金牛区',50,0),(2716,271,'武侯区',50,0),(2717,271,'成华区',50,0),(2718,271,'龙泉驿区',50,0),(2719,271,'青白江区',50,0),(2720,271,'新都区',50,0),(2721,271,'温江区',50,0),(2722,271,'金堂县',50,0),(2723,271,'双流县',50,0),(2724,271,'郫县',50,0),(2725,271,'大邑县',50,0),(2726,271,'蒲江县',50,0),(2727,271,'新津县',50,0),(2728,271,'都江堰市',50,0),(2729,271,'彭州市',50,0),(2730,271,'邛崃市',50,0),(2731,271,'崇州市',50,0),(2732,271,'其它区',60,0),(2733,272,'自流井区',50,0),(2734,272,'贡井区',50,0),(2735,272,'大安区',50,0),(2736,272,'沿滩区',50,0),(2737,272,'荣县',50,0),(2738,272,'富顺县',50,0),(2739,272,'其它区',60,0),(2740,273,'东区',50,0),(2741,273,'西区',50,0),(2742,273,'仁和区',50,0),(2743,273,'米易县',50,0),(2744,273,'盐边县',50,0),(2745,273,'其它区',60,0),(2746,274,'江阳区',50,0),(2747,274,'纳溪区',50,0),(2748,274,'龙马潭区',50,0),(2749,274,'泸县',50,0),(2750,274,'合江县',50,0),(2751,274,'叙永县',50,0),(2752,274,'古蔺县',50,0),(2753,274,'其它区',60,0),(2754,275,'旌阳区',50,0),(2755,275,'中江县',50,0),(2756,275,'罗江县',50,0),(2757,275,'广汉市',50,0),(2758,275,'什邡市',50,0),(2759,275,'绵竹市',50,0),(2760,275,'其它区',60,0),(2761,276,'涪城区',50,0),(2762,276,'游仙区',50,0),(2763,276,'三台县',50,0),(2764,276,'盐亭县',50,0),(2765,276,'安县',50,0),(2766,276,'梓潼县',50,0),(2767,276,'北川羌族自治县',50,0),(2768,276,'平武县',50,0),(2769,276,'高新区',50,0),(2770,276,'江油市',50,0),(2771,276,'其它区',60,0),(2772,277,'利州区',50,0),(2773,277,'昭化区',50,0),(2774,277,'朝天区',50,0),(2775,277,'旺苍县',50,0),(2776,277,'青川县',50,0),(2777,277,'剑阁县',50,0),(2778,277,'苍溪县',50,0),(2779,277,'其它区',60,0),(2780,278,'船山区',50,0),(2781,278,'安居区',50,0),(2782,278,'蓬溪县',50,0),(2783,278,'射洪县',50,0),(2784,278,'大英县',50,0),(2785,278,'其它区',60,0),(2786,279,'市中区',50,0),(2787,279,'东兴区',50,0),(2788,279,'威远县',50,0),(2789,279,'资中县',50,0),(2790,279,'隆昌县',50,0),(2791,279,'其它区',60,0),(2792,280,'市中区',50,0),(2793,280,'沙湾区',50,0),(2794,280,'五通桥区',50,0),(2795,280,'金口河区',50,0),(2796,280,'犍为县',50,0),(2797,280,'井研县',50,0),(2798,280,'夹江县',50,0),(2799,280,'沐川县',50,0),(2800,280,'峨边彝族自治县',50,0),(2801,280,'马边彝族自治县',50,0),(2802,280,'峨眉山市',50,0),(2803,280,'其它区',60,0),(2804,281,'顺庆区',50,0),(2805,281,'高坪区',50,0),(2806,281,'嘉陵区',50,0),(2807,281,'南部县',50,0),(2808,281,'营山县',50,0),(2809,281,'蓬安县',50,0),(2810,281,'仪陇县',50,0),(2811,281,'西充县',50,0),(2812,281,'阆中市',50,0),(2813,281,'其它区',60,0),(2814,282,'东坡区',50,0),(2815,282,'仁寿县',50,0),(2816,282,'彭山区',50,0),(2817,282,'洪雅县',50,0),(2818,282,'丹棱县',50,0),(2819,282,'青神县',50,0),(2820,282,'其它区',60,0),(2821,283,'翠屏区',50,0),(2822,283,'宜宾县',50,0),(2823,283,'南溪区',50,0),(2824,283,'江安县',50,0),(2825,283,'长宁县',50,0),(2826,283,'高县',50,0),(2827,283,'珙县',50,0),(2828,283,'筠连县',50,0),(2829,283,'兴文县',50,0),(2830,283,'屏山县',50,0),(2831,283,'其它区',60,0),(2832,284,'广安区',50,0),(2833,284,'前锋区',50,0),(2834,284,'岳池县',50,0),(2835,284,'武胜县',50,0),(2836,284,'邻水县',50,0),(2837,284,'华蓥市',50,0),(2838,284,'市辖区',50,0),(2839,284,'其它区',60,0),(2840,285,'通川区',50,0),(2841,285,'达川区',50,0),(2842,285,'宣汉县',50,0),(2843,285,'开江县',50,0),(2844,285,'大竹县',50,0),(2845,285,'渠县',50,0),(2846,285,'万源市',50,0),(2847,285,'其它区',60,0),(2848,286,'雨城区',50,0),(2849,286,'名山区',50,0),(2850,286,'荥经县',50,0),(2851,286,'汉源县',50,0),(2852,286,'石棉县',50,0),(2853,286,'天全县',50,0),(2854,286,'芦山县',50,0),(2855,286,'宝兴县',50,0),(2856,286,'其它区',60,0),(2857,287,'巴州区',50,0),(2858,287,'恩阳区',50,0),(2859,287,'通江县',50,0),(2860,287,'南江县',50,0),(2861,287,'平昌县',50,0),(2862,287,'其它区',60,0),(2863,288,'雁江区',50,0),(2864,288,'安岳县',50,0),(2865,288,'乐至县',50,0),(2866,288,'简阳市',50,0),(2867,288,'其它区',60,0),(2868,289,'汶川县',50,0),(2869,289,'理县',50,0),(2870,289,'茂县',50,0),(2871,289,'松潘县',50,0),(2872,289,'九寨沟县',50,0),(2873,289,'金川县',50,0),(2874,289,'小金县',50,0),(2875,289,'黑水县',50,0),(2876,289,'马尔康县',50,0),(2877,289,'壤塘县',50,0),(2878,289,'阿坝县',50,0),(2879,289,'若尔盖县',50,0),(2880,289,'红原县',50,0),(2881,289,'其它区',60,0),(2882,290,'康定市',50,0),(2883,290,'泸定县',50,0),(2884,290,'丹巴县',50,0),(2885,290,'九龙县',50,0),(2886,290,'雅江县',50,0),(2887,290,'道孚县',50,0),(2888,290,'炉霍县',50,0),(2889,290,'甘孜县',50,0),(2890,290,'新龙县',50,0),(2891,290,'德格县',50,0),(2892,290,'白玉县',50,0),(2893,290,'石渠县',50,0),(2894,290,'色达县',50,0),(2895,290,'理塘县',50,0),(2896,290,'巴塘县',50,0),(2897,290,'乡城县',50,0),(2898,290,'稻城县',50,0),(2899,290,'得荣县',50,0),(2900,290,'其它区',60,0),(2901,291,'西昌市',50,0),(2902,291,'木里藏族自治县',50,0),(2903,291,'盐源县',50,0),(2904,291,'德昌县',50,0),(2905,291,'会理县',50,0),(2906,291,'会东县',50,0),(2907,291,'宁南县',50,0),(2908,291,'普格县',50,0),(2909,291,'布拖县',50,0),(2910,291,'金阳县',50,0),(2911,291,'昭觉县',50,0),(2912,291,'喜德县',50,0),(2913,291,'冕宁县',50,0),(2914,291,'越西县',50,0),(2915,291,'甘洛县',50,0),(2916,291,'美姑县',50,0),(2917,291,'雷波县',50,0),(2918,291,'其它区',60,0),(2919,292,'南明区',50,0),(2920,292,'云岩区',50,0),(2921,292,'花溪区',50,0),(2922,292,'乌当区',50,0),(2923,292,'白云区',50,0),(2924,292,'小河区',50,0),(2925,292,'开阳县',50,0),(2926,292,'息烽县',50,0),(2927,292,'修文县',50,0),(2928,292,'观山湖区',50,0),(2929,292,'清镇市',50,0),(2930,292,'其它区',60,0),(2931,293,'钟山区',50,0),(2932,293,'六枝特区',50,0),(2933,293,'水城县',50,0),(2934,293,'盘县',50,0),(2935,293,'其它区',60,0),(2936,294,'红花岗区',50,0),(2937,294,'汇川区',50,0),(2938,294,'遵义县',50,0),(2939,294,'桐梓县',50,0),(2940,294,'绥阳县',50,0),(2941,294,'正安县',50,0),(2942,294,'道真仡佬族苗族自治县',50,0),(2943,294,'务川仡佬族苗族自治县',50,0),(2944,294,'凤冈县',50,0),(2945,294,'湄潭县',50,0),(2946,294,'余庆县',50,0),(2947,294,'习水县',50,0),(2948,294,'赤水市',50,0),(2949,294,'仁怀市',50,0),(2950,294,'其它区',60,0),(2951,295,'西秀区',50,0),(2952,295,'平坝区',50,0),(2953,295,'普定县',50,0),(2954,295,'镇宁布依族苗族自治县',50,0),(2955,295,'关岭布依族苗族自治县',50,0),(2956,295,'紫云苗族布依族自治县',50,0),(2957,295,'其它区',60,0),(2958,296,'碧江区',50,0),(2959,296,'江口县',50,0),(2960,296,'玉屏侗族自治县',50,0),(2961,296,'石阡县',50,0),(2962,296,'思南县',50,0),(2963,296,'印江土家族苗族自治县',50,0),(2964,296,'德江县',50,0),(2965,296,'沿河土家族自治县',50,0),(2966,296,'松桃苗族自治县',50,0),(2967,296,'万山区',50,0),(2968,296,'其它区',60,0),(2969,297,'兴义市',50,0),(2970,297,'兴仁县',50,0),(2971,297,'普安县',50,0),(2972,297,'晴隆县',50,0),(2973,297,'贞丰县',50,0),(2974,297,'望谟县',50,0),(2975,297,'册亨县',50,0),(2976,297,'安龙县',50,0),(2977,297,'其它区',60,0),(2978,298,'七星关区',50,0),(2979,298,'大方县',50,0),(2980,298,'黔西县',50,0),(2981,298,'金沙县',50,0),(2982,298,'织金县',50,0),(2983,298,'纳雍县',50,0),(2984,298,'威宁彝族回族苗族自治县',50,0),(2985,298,'赫章县',50,0),(2986,298,'其它区',60,0),(2987,299,'凯里市',50,0),(2988,299,'黄平县',50,0),(2989,299,'施秉县',50,0),(2990,299,'三穗县',50,0),(2991,299,'镇远县',50,0),(2992,299,'岑巩县',50,0),(2993,299,'天柱县',50,0),(2994,299,'锦屏县',50,0),(2995,299,'剑河县',50,0),(2996,299,'台江县',50,0),(2997,299,'黎平县',50,0),(2998,299,'榕江县',50,0),(2999,299,'从江县',50,0),(3000,299,'雷山县',50,0),(3001,299,'麻江县',50,0),(3002,299,'丹寨县',50,0),(3003,299,'其它区',60,0),(3004,300,'都匀市',50,0),(3005,300,'福泉市',50,0),(3006,300,'荔波县',50,0),(3007,300,'贵定县',50,0),(3008,300,'瓮安县',50,0),(3009,300,'独山县',50,0),(3010,300,'平塘县',50,0),(3011,300,'罗甸县',50,0),(3012,300,'长顺县',50,0),(3013,300,'龙里县',50,0),(3014,300,'惠水县',50,0),(3015,300,'三都水族自治县',50,0),(3016,300,'其它区',60,0),(3017,301,'五华区',50,0),(3018,301,'盘龙区',50,0),(3019,301,'官渡区',50,0),(3020,301,'西山区',50,0),(3021,301,'东川区',50,0),(3022,301,'呈贡区',50,0),(3023,301,'晋宁县',50,0),(3024,301,'富民县',50,0),(3025,301,'宜良县',50,0),(3026,301,'石林彝族自治县',50,0),(3027,301,'嵩明县',50,0),(3028,301,'禄劝彝族苗族自治县',50,0),(3029,301,'寻甸回族彝族自治县',50,0),(3030,301,'安宁市',50,0),(3031,301,'其它区',60,0),(3032,302,'麒麟区',50,0),(3033,302,'马龙县',50,0),(3034,302,'陆良县',50,0),(3035,302,'师宗县',50,0),(3036,302,'罗平县',50,0),(3037,302,'富源县',50,0),(3038,302,'会泽县',50,0),(3039,302,'沾益县',50,0),(3040,302,'宣威市',50,0),(3041,302,'其它区',60,0),(3042,303,'红塔区',50,0),(3043,303,'江川县',50,0),(3044,303,'澄江县',50,0),(3045,303,'通海县',50,0),(3046,303,'华宁县',50,0),(3047,303,'易门县',50,0),(3048,303,'峨山彝族自治县',50,0),(3049,303,'新平彝族傣族自治县',50,0),(3050,303,'元江哈尼族彝族傣族自治县',50,0),(3051,303,'其它区',60,0),(3052,304,'隆阳区',50,0),(3053,304,'施甸县',50,0),(3054,304,'腾冲县',50,0),(3055,304,'龙陵县',50,0),(3056,304,'昌宁县',50,0),(3057,304,'其它区',60,0),(3058,305,'昭阳区',50,0),(3059,305,'鲁甸县',50,0),(3060,305,'巧家县',50,0),(3061,305,'盐津县',50,0),(3062,305,'大关县',50,0),(3063,305,'永善县',50,0),(3064,305,'绥江县',50,0),(3065,305,'镇雄县',50,0),(3066,305,'彝良县',50,0),(3067,305,'威信县',50,0),(3068,305,'水富县',50,0),(3069,305,'其它区',60,0),(3070,306,'古城区',50,0),(3071,306,'玉龙纳西族自治县',50,0),(3072,306,'永胜县',50,0),(3073,306,'华坪县',50,0),(3074,306,'宁蒗彝族自治县',50,0),(3075,306,'其它区',60,0),(3076,307,'思茅区',50,0),(3077,307,'宁洱哈尼族彝族自治县',50,0),(3078,307,'墨江哈尼族自治县',50,0),(3079,307,'景东彝族自治县',50,0),(3080,307,'景谷傣族彝族自治县',50,0),(3081,307,'镇沅彝族哈尼族拉祜族自治县',50,0),(3082,307,'江城哈尼族彝族自治县',50,0),(3083,307,'孟连傣族拉祜族佤族自治县',50,0),(3084,307,'澜沧拉祜族自治县',50,0),(3085,307,'西盟佤族自治县',50,0),(3086,307,'其它区',60,0),(3087,308,'临翔区',50,0),(3088,308,'凤庆县',50,0),(3089,308,'云县',50,0),(3090,308,'永德县',50,0),(3091,308,'镇康县',50,0),(3092,308,'双江拉祜族佤族布朗族傣族自治县',50,0),(3093,308,'耿马傣族佤族自治县',50,0),(3094,308,'沧源佤族自治县',50,0),(3095,308,'其它区',60,0),(3096,309,'楚雄市',50,0),(3097,309,'双柏县',50,0),(3098,309,'牟定县',50,0),(3099,309,'南华县',50,0),(3100,309,'姚安县',50,0),(3101,309,'大姚县',50,0),(3102,309,'永仁县',50,0),(3103,309,'元谋县',50,0),(3104,309,'武定县',50,0),(3105,309,'禄丰县',50,0),(3106,309,'其它区',60,0),(3107,310,'个旧市',50,0),(3108,310,'开远市',50,0),(3109,310,'蒙自市',50,0),(3110,310,'屏边苗族自治县',50,0),(3111,310,'建水县',50,0),(3112,310,'石屏县',50,0),(3113,310,'弥勒市',50,0),(3114,310,'泸西县',50,0),(3115,310,'元阳县',50,0),(3116,310,'红河县',50,0),(3117,310,'金平苗族瑶族傣族自治县',50,0),(3118,310,'绿春县',50,0),(3119,310,'河口瑶族自治县',50,0),(3120,310,'其它区',60,0),(3121,311,'文山市',50,0),(3122,311,'砚山县',50,0),(3123,311,'西畴县',50,0),(3124,311,'麻栗坡县',50,0),(3125,311,'马关县',50,0),(3126,311,'丘北县',50,0),(3127,311,'广南县',50,0),(3128,311,'富宁县',50,0),(3129,311,'其它区',60,0),(3130,312,'景洪市',50,0),(3131,312,'勐海县',50,0),(3132,312,'勐腊县',50,0),(3133,312,'其它区',60,0),(3134,313,'大理市',50,0),(3135,313,'漾濞彝族自治县',50,0),(3136,313,'祥云县',50,0),(3137,313,'宾川县',50,0),(3138,313,'弥渡县',50,0),(3139,313,'南涧彝族自治县',50,0),(3140,313,'巍山彝族回族自治县',50,0),(3141,313,'永平县',50,0),(3142,313,'云龙县',50,0),(3143,313,'洱源县',50,0),(3144,313,'剑川县',50,0),(3145,313,'鹤庆县',50,0),(3146,313,'其它区',60,0),(3147,314,'瑞丽市',50,0),(3148,314,'芒市',50,0),(3149,314,'梁河县',50,0),(3150,314,'盈江县',50,0),(3151,314,'陇川县',50,0),(3152,314,'其它区',60,0),(3153,315,'泸水县',50,0),(3154,315,'福贡县',50,0),(3155,315,'贡山独龙族怒族自治县',50,0),(3156,315,'兰坪白族普米族自治县',50,0),(3157,315,'其它区',60,0),(3158,316,'香格里拉市',50,0),(3159,316,'德钦县',50,0),(3160,316,'维西傈僳族自治县',50,0),(3161,316,'其它区',60,0),(3162,317,'城关区',50,0),(3163,317,'林周县',50,0),(3164,317,'当雄县',50,0),(3165,317,'尼木县',50,0),(3166,317,'曲水县',50,0),(3167,317,'堆龙德庆县',50,0),(3168,317,'达孜县',50,0),(3169,317,'墨竹工卡县',50,0),(3170,317,'其它区',60,0),(3171,318,'卡若区',50,0),(3172,318,'江达县',50,0),(3173,318,'贡觉县',50,0),(3174,318,'类乌齐县',50,0),(3175,318,'丁青县',50,0),(3176,318,'察雅县',50,0),(3177,318,'八宿县',50,0),(3178,318,'左贡县',50,0),(3179,318,'芒康县',50,0),(3180,318,'洛隆县',50,0),(3181,318,'边坝县',50,0),(3182,318,'其它区',60,0),(3183,319,'乃东县',50,0),(3184,319,'扎囊县',50,0),(3185,319,'贡嘎县',50,0),(3186,319,'桑日县',50,0),(3187,319,'琼结县',50,0),(3188,319,'曲松县',50,0),(3189,319,'措美县',50,0),(3190,319,'洛扎县',50,0),(3191,319,'加查县',50,0),(3192,319,'隆子县',50,0),(3193,319,'错那县',50,0),(3194,319,'浪卡子县',50,0),(3195,319,'其它区',60,0),(3196,320,'桑珠孜区',50,0),(3197,320,'南木林县',50,0),(3198,320,'江孜县',50,0),(3199,320,'定日县',50,0),(3200,320,'萨迦县',50,0),(3201,320,'拉孜县',50,0),(3202,320,'昂仁县',50,0),(3203,320,'谢通门县',50,0),(3204,320,'白朗县',50,0),(3205,320,'仁布县',50,0),(3206,320,'康马县',50,0),(3207,320,'定结县',50,0),(3208,320,'仲巴县',50,0),(3209,320,'亚东县',50,0),(3210,320,'吉隆县',50,0),(3211,320,'聂拉木县',50,0),(3212,320,'萨嘎县',50,0),(3213,320,'岗巴县',50,0),(3214,320,'其它区',60,0),(3215,321,'那曲县',50,0),(3216,321,'嘉黎县',50,0),(3217,321,'比如县',50,0),(3218,321,'聂荣县',50,0),(3219,321,'安多县',50,0),(3220,321,'申扎县',50,0),(3221,321,'索县',50,0),(3222,321,'班戈县',50,0),(3223,321,'巴青县',50,0),(3224,321,'尼玛县',50,0),(3225,321,'其它区',60,0),(3226,321,'双湖县',50,0),(3227,322,'普兰县',50,0),(3228,322,'札达县',50,0),(3229,322,'噶尔县',50,0),(3230,322,'日土县',50,0),(3231,322,'革吉县',50,0),(3232,322,'改则县',50,0),(3233,322,'措勤县',50,0),(3234,322,'其它区',60,0),(3235,323,'巴宜区',50,0),(3236,323,'工布江达县',50,0),(3237,323,'米林县',50,0),(3238,323,'墨脱县',50,0),(3239,323,'波密县',50,0),(3240,323,'察隅县',50,0),(3241,323,'朗县',50,0),(3242,323,'其它区',60,0),(3243,324,'新城区',50,0),(3244,324,'碑林区',50,0),(3245,324,'莲湖区',50,0),(3246,324,'灞桥区',50,0),(3247,324,'未央区',50,0),(3248,324,'雁塔区',50,0),(3249,324,'阎良区',50,0),(3250,324,'临潼区',50,0),(3251,324,'长安区',50,0),(3252,324,'蓝田县',50,0),(3253,324,'周至县',50,0),(3254,324,'户县',50,0),(3255,324,'高陵区',50,0),(3256,324,'其它区',60,0),(3257,325,'王益区',50,0),(3258,325,'印台区',50,0),(3259,325,'耀州区',50,0),(3260,325,'宜君县',50,0),(3261,325,'其它区',60,0),(3262,326,'渭滨区',50,0),(3263,326,'金台区',50,0),(3264,326,'陈仓区',50,0),(3265,326,'凤翔县',50,0),(3266,326,'岐山县',50,0),(3267,326,'扶风县',50,0),(3268,326,'眉县',50,0),(3269,326,'陇县',50,0),(3270,326,'千阳县',50,0),(3271,326,'麟游县',50,0),(3272,326,'凤县',50,0),(3273,326,'太白县',50,0),(3274,326,'其它区',60,0),(3275,327,'秦都区',50,0),(3276,327,'杨陵区',50,0),(3277,327,'渭城区',50,0),(3278,327,'三原县',50,0),(3279,327,'泾阳县',50,0),(3280,327,'乾县',50,0),(3281,327,'礼泉县',50,0),(3282,327,'永寿县',50,0),(3283,327,'彬县',50,0),(3284,327,'长武县',50,0),(3285,327,'旬邑县',50,0),(3286,327,'淳化县',50,0),(3287,327,'武功县',50,0),(3288,327,'兴平市',50,0),(3289,327,'其它区',60,0),(3290,328,'临渭区',50,0),(3291,328,'华县',50,0),(3292,328,'潼关县',50,0),(3293,328,'大荔县',50,0),(3294,328,'合阳县',50,0),(3295,328,'澄城县',50,0),(3296,328,'蒲城县',50,0),(3297,328,'白水县',50,0),(3298,328,'富平县',50,0),(3299,328,'韩城市',50,0),(3300,328,'华阴市',50,0),(3301,328,'其它区',60,0),(3302,329,'宝塔区',50,0),(3303,329,'延长县',50,0),(3304,329,'延川县',50,0),(3305,329,'子长县',50,0),(3306,329,'安塞县',50,0),(3307,329,'志丹县',50,0),(3308,329,'吴起县',50,0),(3309,329,'甘泉县',50,0),(3310,329,'富县',50,0),(3311,329,'洛川县',50,0),(3312,329,'宜川县',50,0),(3313,329,'黄龙县',50,0),(3314,329,'黄陵县',50,0),(3315,329,'其它区',60,0),(3316,330,'汉台区',50,0),(3317,330,'南郑县',50,0),(3318,330,'城固县',50,0),(3319,330,'洋县',50,0),(3320,330,'西乡县',50,0),(3321,330,'勉县',50,0),(3322,330,'宁强县',50,0),(3323,330,'略阳县',50,0),(3324,330,'镇巴县',50,0),(3325,330,'留坝县',50,0),(3326,330,'佛坪县',50,0),(3327,330,'其它区',60,0),(3328,331,'榆阳区',50,0),(3329,331,'神木县',50,0),(3330,331,'府谷县',50,0),(3331,331,'横山县',50,0),(3332,331,'靖边县',50,0),(3333,331,'定边县',50,0),(3334,331,'绥德县',50,0),(3335,331,'米脂县',50,0),(3336,331,'佳县',50,0),(3337,331,'吴堡县',50,0),(3338,331,'清涧县',50,0),(3339,331,'子洲县',50,0),(3340,331,'其它区',60,0),(3341,332,'汉滨区',50,0),(3342,332,'汉阴县',50,0),(3343,332,'石泉县',50,0),(3344,332,'宁陕县',50,0),(3345,332,'紫阳县',50,0),(3346,332,'岚皋县',50,0),(3347,332,'平利县',50,0),(3348,332,'镇坪县',50,0),(3349,332,'旬阳县',50,0),(3350,332,'白河县',50,0),(3351,332,'其它区',60,0),(3352,333,'商州区',50,0),(3353,333,'洛南县',50,0),(3354,333,'丹凤县',50,0),(3355,333,'商南县',50,0),(3356,333,'山阳县',50,0),(3357,333,'镇安县',50,0),(3358,333,'柞水县',50,0),(3359,333,'其它区',60,0),(3360,334,'城关区',50,0),(3361,334,'七里河区',50,0),(3362,334,'西固区',50,0),(3363,334,'安宁区',50,0),(3364,334,'红古区',50,0),(3365,334,'永登县',50,0),(3366,334,'皋兰县',50,0),(3367,334,'榆中县',50,0),(3368,334,'其它区',60,0),(3369,336,'金川区',50,0),(3370,336,'永昌县',50,0),(3371,336,'其它区',60,0),(3372,337,'白银区',50,0),(3373,337,'平川区',50,0),(3374,337,'靖远县',50,0),(3375,337,'会宁县',50,0),(3376,337,'景泰县',50,0),(3377,337,'其它区',60,0),(3378,338,'秦州区',50,0),(3379,338,'麦积区',50,0),(3380,338,'清水县',50,0),(3381,338,'秦安县',50,0),(3382,338,'甘谷县',50,0),(3383,338,'武山县',50,0),(3384,338,'张家川回族自治县',50,0),(3385,338,'其它区',60,0),(3386,339,'凉州区',50,0),(3387,339,'民勤县',50,0),(3388,339,'古浪县',50,0),(3389,339,'天祝藏族自治县',50,0),(3390,339,'其它区',60,0),(3391,340,'甘州区',50,0),(3392,340,'肃南裕固族自治县',50,0),(3393,340,'民乐县',50,0),(3394,340,'临泽县',50,0),(3395,340,'高台县',50,0),(3396,340,'山丹县',50,0),(3397,340,'其它区',60,0),(3398,341,'崆峒区',50,0),(3399,341,'泾川县',50,0),(3400,341,'灵台县',50,0),(3401,341,'崇信县',50,0),(3402,341,'华亭县',50,0),(3403,341,'庄浪县',50,0),(3404,341,'静宁县',50,0),(3405,341,'其它区',60,0),(3406,342,'肃州区',50,0),(3407,342,'金塔县',50,0),(3408,342,'瓜州县',50,0),(3409,342,'肃北蒙古族自治县',50,0),(3410,342,'阿克塞哈萨克族自治县',50,0),(3411,342,'玉门市',50,0),(3412,342,'敦煌市',50,0),(3413,342,'其它区',60,0),(3414,343,'西峰区',50,0),(3415,343,'庆城县',50,0),(3416,343,'环县',50,0),(3417,343,'华池县',50,0),(3418,343,'合水县',50,0),(3419,343,'正宁县',50,0),(3420,343,'宁县',50,0),(3421,343,'镇原县',50,0),(3422,343,'其它区',60,0),(3423,344,'安定区',50,0),(3424,344,'通渭县',50,0),(3425,344,'陇西县',50,0),(3426,344,'渭源县',50,0),(3427,344,'临洮县',50,0),(3428,344,'漳县',50,0),(3429,344,'岷县',50,0),(3430,344,'其它区',60,0),(3431,345,'武都区',50,0),(3432,345,'成县',50,0),(3433,345,'文县',50,0),(3434,345,'宕昌县',50,0),(3435,345,'康县',50,0),(3436,345,'西和县',50,0),(3437,345,'礼县',50,0),(3438,345,'徽县',50,0),(3439,345,'两当县',50,0),(3440,345,'其它区',60,0),(3441,346,'临夏市',50,0),(3442,346,'临夏县',50,0),(3443,346,'康乐县',50,0),(3444,346,'永靖县',50,0),(3445,346,'广河县',50,0),(3446,346,'和政县',50,0),(3447,346,'东乡族自治县',50,0),(3448,346,'积石山保安族东乡族撒拉族自治县',50,0),(3449,346,'其它区',60,0),(3450,347,'合作市',50,0),(3451,347,'临潭县',50,0),(3452,347,'卓尼县',50,0),(3453,347,'舟曲县',50,0),(3454,347,'迭部县',50,0),(3455,347,'玛曲县',50,0),(3456,347,'碌曲县',50,0),(3457,347,'夏河县',50,0),(3458,347,'其它区',60,0),(3459,348,'城东区',50,0),(3460,348,'城中区',50,0),(3461,348,'城西区',50,0),(3462,348,'城北区',50,0),(3463,348,'大通回族土族自治县',50,0),(3464,348,'湟中县',50,0),(3465,348,'湟源县',50,0),(3466,348,'其它区',60,0),(3467,349,'平安区',50,0),(3468,349,'民和回族土族自治县',50,0),(3469,349,'乐都区',50,0),(3470,349,'互助土族自治县',50,0),(3471,349,'化隆回族自治县',50,0),(3472,349,'循化撒拉族自治县',50,0),(3473,349,'其它区',60,0),(3474,350,'门源回族自治县',50,0),(3475,350,'祁连县',50,0),(3476,350,'海晏县',50,0),(3477,350,'刚察县',50,0),(3478,350,'其它区',60,0),(3479,351,'同仁县',50,0),(3480,351,'尖扎县',50,0),(3481,351,'泽库县',50,0),(3482,351,'河南蒙古族自治县',50,0),(3483,351,'其它区',60,0),(3484,352,'共和县',50,0),(3485,352,'同德县',50,0),(3486,352,'贵德县',50,0),(3487,352,'兴海县',50,0),(3488,352,'贵南县',50,0),(3489,352,'其它区',60,0),(3490,353,'玛沁县',50,0),(3491,353,'班玛县',50,0),(3492,353,'甘德县',50,0),(3493,353,'达日县',50,0),(3494,353,'久治县',50,0),(3495,353,'玛多县',50,0),(3496,353,'其它区',60,0),(3497,354,'玉树市',50,0),(3498,354,'杂多县',50,0),(3499,354,'称多县',50,0),(3500,354,'治多县',50,0),(3501,354,'囊谦县',50,0),(3502,354,'曲麻莱县',50,0),(3503,354,'其它区',60,0),(3504,355,'格尔木市',50,0),(3505,355,'德令哈市',50,0),(3506,355,'乌兰县',50,0),(3507,355,'都兰县',50,0),(3508,355,'天峻县',50,0),(3509,355,'其它区',60,0),(3510,356,'兴庆区',50,0),(3511,356,'西夏区',50,0),(3512,356,'金凤区',50,0),(3513,356,'永宁县',50,0),(3514,356,'贺兰县',50,0),(3515,356,'灵武市',50,0),(3516,356,'其它区',60,0),(3517,357,'大武口区',50,0),(3518,357,'惠农区',50,0),(3519,357,'平罗县',50,0),(3520,357,'其它区',60,0),(3521,358,'利通区',50,0),(3522,358,'红寺堡区',50,0),(3523,358,'盐池县',50,0),(3524,358,'同心县',50,0),(3525,358,'青铜峡市',50,0),(3526,358,'其它区',60,0),(3527,359,'原州区',50,0),(3528,359,'西吉县',50,0),(3529,359,'隆德县',50,0),(3530,359,'泾源县',50,0),(3531,359,'彭阳县',50,0),(3532,359,'其它区',60,0),(3533,360,'沙坡头区',50,0),(3534,360,'中宁县',50,0),(3535,360,'海原县',50,0),(3536,360,'其它区',60,0),(3537,361,'天山区',50,0),(3538,361,'沙依巴克区',50,0),(3539,361,'新市区',50,0),(3540,361,'水磨沟区',50,0),(3541,361,'头屯河区',50,0),(3542,361,'达坂城区',50,0),(3543,361,'东山区',50,0),(3544,361,'米东区',50,0),(3545,361,'乌鲁木齐县',50,0),(3546,361,'其它区',60,0),(3547,362,'独山子区',50,0),(3548,362,'克拉玛依区',50,0),(3549,362,'白碱滩区',50,0),(3550,362,'乌尔禾区',50,0),(3551,362,'其它区',60,0),(3552,363,'高昌区',50,0),(3553,363,'鄯善县',50,0),(3554,363,'托克逊县',50,0),(3555,363,'其它区',60,0),(3556,364,'哈密市',50,0),(3557,364,'巴里坤哈萨克自治县',50,0),(3558,364,'伊吾县',50,0),(3559,364,'其它区',60,0),(3560,365,'昌吉市',50,0),(3561,365,'阜康市',50,0),(3562,365,'米泉市',50,0),(3563,365,'呼图壁县',50,0),(3564,365,'玛纳斯县',50,0),(3565,365,'奇台县',50,0),(3566,365,'吉木萨尔县',50,0),(3567,365,'木垒哈萨克自治县',50,0),(3568,365,'其它区',60,0),(3569,366,'博乐市',50,0),(3570,366,'阿拉山口市',50,0),(3571,366,'精河县',50,0),(3572,366,'温泉县',50,0),(3573,366,'其它区',60,0),(3574,367,'库尔勒市',50,0),(3575,367,'轮台县',50,0),(3576,367,'尉犁县',50,0),(3577,367,'若羌县',50,0),(3578,367,'且末县',50,0),(3579,367,'焉耆回族自治县',50,0),(3580,367,'和静县',50,0),(3581,367,'和硕县',50,0),(3582,367,'博湖县',50,0),(3583,367,'其它区',60,0),(3584,368,'阿克苏市',50,0),(3585,368,'温宿县',50,0),(3586,368,'库车县',50,0),(3587,368,'沙雅县',50,0),(3588,368,'新和县',50,0),(3589,368,'拜城县',50,0),(3590,368,'乌什县',50,0),(3591,368,'阿瓦提县',50,0),(3592,368,'柯坪县',50,0),(3593,368,'其它区',60,0),(3594,369,'阿图什市',50,0),(3595,369,'阿克陶县',50,0),(3596,369,'阿合奇县',50,0),(3597,369,'乌恰县',50,0),(3598,369,'其它区',60,0),(3599,370,'喀什市',50,0),(3600,370,'疏附县',50,0),(3601,370,'疏勒县',50,0),(3602,370,'英吉沙县',50,0),(3603,370,'泽普县',50,0),(3604,370,'莎车县',50,0),(3605,370,'叶城县',50,0),(3606,370,'麦盖提县',50,0),(3607,370,'岳普湖县',50,0),(3608,370,'伽师县',50,0),(3609,370,'巴楚县',50,0),(3610,370,'塔什库尔干塔吉克自治县',50,0),(3611,370,'其它区',60,0),(3612,371,'和田市',50,0),(3613,371,'和田县',50,0),(3614,371,'墨玉县',50,0),(3615,371,'皮山县',50,0),(3616,371,'洛浦县',50,0),(3617,371,'策勒县',50,0),(3618,371,'于田县',50,0),(3619,371,'民丰县',50,0),(3620,371,'其它区',60,0),(3621,372,'伊宁市',50,0),(3622,372,'奎屯市',50,0),(3623,372,'伊宁县',50,0),(3624,372,'察布查尔锡伯自治县',50,0),(3625,372,'霍城县',50,0),(3626,372,'巩留县',50,0),(3627,372,'新源县',50,0),(3628,372,'昭苏县',50,0),(3629,372,'特克斯县',50,0),(3630,372,'尼勒克县',50,0),(3631,372,'其它区',60,0),(3632,373,'塔城市',50,0),(3633,373,'乌苏市',50,0),(3634,373,'额敏县',50,0),(3635,373,'沙湾县',50,0),(3636,373,'托里县',50,0),(3637,373,'裕民县',50,0),(3638,373,'和布克赛尔蒙古自治县',50,0),(3639,373,'其它区',60,0),(3640,374,'阿勒泰市',50,0),(3641,374,'布尔津县',50,0),(3642,374,'富蕴县',50,0),(3643,374,'福海县',50,0),(3644,374,'哈巴河县',50,0),(3645,374,'青河县',50,0),(3646,374,'吉木乃县',50,0),(3647,374,'其它区',60,0),(3648,375,'中正区',50,0),(3649,375,'大同区',50,0),(3650,375,'中山区',50,0),(3651,375,'松山区',50,0),(3652,375,'大安区',50,0),(3653,375,'万华区',50,0),(3654,375,'信义区',50,0),(3655,375,'士林区',50,0),(3656,375,'北投区',50,0),(3657,375,'内湖区',50,0),(3658,375,'南港区',50,0),(3659,375,'文山区',50,0),(3660,375,'其它区',60,0),(3661,376,'新兴区',50,0),(3662,376,'前金区',50,0),(3663,376,'芩雅区',50,0),(3664,376,'盐埕区',50,0),(3665,376,'鼓山区',50,0),(3666,376,'旗津区',50,0),(3667,376,'前镇区',50,0),(3668,376,'三民区',50,0),(3669,376,'左营区',50,0),(3670,376,'楠梓区',50,0),(3671,376,'小港区',50,0),(3672,376,'其它区',60,0),(3673,376,'苓雅区',50,0),(3674,376,'仁武区',50,0),(3675,376,'大社区',50,0),(3676,376,'冈山区',50,0),(3677,376,'路竹区',50,0),(3678,376,'阿莲区',50,0),(3679,376,'田寮区',50,0),(3680,376,'燕巢区',50,0),(3681,376,'桥头区',50,0),(3682,376,'梓官区',50,0),(3683,376,'弥陀区',50,0),(3684,376,'永安区',50,0),(3685,376,'湖内区',50,0),(3686,376,'凤山区',50,0),(3687,376,'大寮区',50,0),(3688,376,'林园区',50,0),(3689,376,'鸟松区',50,0),(3690,376,'大树区',50,0),(3691,376,'旗山区',50,0),(3692,376,'美浓区',50,0),(3693,376,'六龟区',50,0),(3694,376,'内门区',50,0),(3695,376,'杉林区',50,0),(3696,376,'甲仙区',50,0),(3697,376,'桃源区',50,0),(3698,376,'那玛夏区',50,0),(3699,376,'茂林区',50,0),(3700,376,'茄萣区',50,0),(3701,377,'中西区',50,0),(3702,377,'东区',50,0),(3703,377,'南区',50,0),(3704,377,'北区',50,0),(3705,377,'安平区',50,0),(3706,377,'安南区',50,0),(3707,377,'其它区',60,0),(3708,377,'永康区',50,0),(3709,377,'归仁区',50,0),(3710,377,'新化区',50,0),(3711,377,'左镇区',50,0),(3712,377,'玉井区',50,0),(3713,377,'楠西区',50,0),(3714,377,'南化区',50,0),(3715,377,'仁德区',50,0),(3716,377,'关庙区',50,0),(3717,377,'龙崎区',50,0),(3718,377,'官田区',50,0),(3719,377,'麻豆区',50,0),(3720,377,'佳里区',50,0),(3721,377,'西港区',50,0),(3722,377,'七股区',50,0),(3723,377,'将军区',50,0),(3724,377,'学甲区',50,0),(3725,377,'北门区',50,0),(3726,377,'新营区',50,0),(3727,377,'后壁区',50,0),(3728,377,'白河区',50,0),(3729,377,'东山区',50,0),(3730,377,'六甲区',50,0),(3731,377,'下营区',50,0),(3732,377,'柳营区',50,0),(3733,377,'盐水区',50,0),(3734,377,'善化区',50,0),(3735,377,'大内区',50,0),(3736,377,'山上区',50,0),(3737,377,'新市区',50,0),(3738,377,'安定区',50,0),(3739,378,'中区',50,0),(3740,378,'东区',50,0),(3741,378,'南区',50,0),(3742,378,'西区',50,0),(3743,378,'北区',50,0),(3744,378,'北屯区',50,0),(3745,378,'西屯区',50,0),(3746,378,'南屯区',50,0),(3747,378,'其它区',60,0),(3748,378,'太平区',50,0),(3749,378,'大里区',50,0),(3750,378,'雾峰区',50,0),(3751,378,'乌日区',50,0),(3752,378,'丰原区',50,0),(3753,378,'后里区',50,0),(3754,378,'石冈区',50,0),(3755,378,'东势区',50,0),(3756,378,'和平区',50,0),(3757,378,'新社区',50,0),(3758,378,'潭子区',50,0),(3759,378,'大雅区',50,0),(3760,378,'神冈区',50,0),(3761,378,'大肚区',50,0),(3762,378,'沙鹿区',50,0),(3763,378,'龙井区',50,0),(3764,378,'梧栖区',50,0),(3765,378,'清水区',50,0),(3766,378,'大甲区',50,0),(3767,378,'外埔区',50,0),(3768,378,'大安区',50,0),(3769,379,'金沙镇',50,0),(3770,379,'金湖镇',50,0),(3771,379,'金宁乡',50,0),(3772,379,'金城镇',50,0),(3773,379,'烈屿乡',50,0),(3774,379,'乌坵乡',50,0),(3775,380,'南投市',50,0),(3776,380,'中寮乡',50,0),(3777,380,'草屯镇',50,0),(3778,380,'国姓乡',50,0),(3779,380,'埔里镇',50,0),(3780,380,'仁爱乡',50,0),(3781,380,'名间乡',50,0),(3782,380,'集集镇',50,0),(3783,380,'水里乡',50,0),(3784,380,'鱼池乡',50,0),(3785,380,'信义乡',50,0),(3786,380,'竹山镇',50,0),(3787,380,'鹿谷乡',50,0),(3788,381,'仁爱区',50,0),(3789,381,'信义区',50,0),(3790,381,'中正区',50,0),(3791,381,'中山区',50,0),(3792,381,'安乐区',50,0),(3793,381,'暖暖区',50,0),(3794,381,'七堵区',50,0),(3795,381,'其它区',60,0),(3796,382,'东区',50,0),(3797,382,'北区',50,0),(3798,382,'香山区',50,0),(3799,382,'其它区',60,0),(3800,383,'东区',50,0),(3801,383,'西区',50,0),(3802,383,'其它区',60,0),(3803,384,'万里区',50,0),(3804,384,'金山区',50,0),(3805,384,'板桥区',50,0),(3806,384,'汐止区',50,0),(3807,384,'深坑区',50,0),(3808,384,'石碇区',50,0),(3809,384,'瑞芳区',50,0),(3810,384,'平溪区',50,0),(3811,384,'双溪区',50,0),(3812,384,'贡寮区',50,0),(3813,384,'新店区',50,0),(3814,384,'坪林区',50,0),(3815,384,'乌来区',50,0),(3816,384,'永和区',50,0),(3817,384,'中和区',50,0),(3818,384,'土城区',50,0),(3819,384,'三峡区',50,0),(3820,384,'树林区',50,0),(3821,384,'莺歌区',50,0),(3822,384,'三重区',50,0),(3823,384,'新庄区',50,0),(3824,384,'泰山区',50,0),(3825,384,'林口区',50,0),(3826,384,'芦洲区',50,0),(3827,384,'五股区',50,0),(3828,384,'八里区',50,0),(3829,384,'淡水区',50,0),(3830,384,'三芝区',50,0),(3831,384,'石门区',50,0),(3832,385,'宜兰市',50,0),(3833,385,'头城镇',50,0),(3834,385,'礁溪乡',50,0),(3835,385,'壮围乡',50,0),(3836,385,'员山乡',50,0),(3837,385,'罗东镇',50,0),(3838,385,'三星乡',50,0),(3839,385,'大同乡',50,0),(3840,385,'五结乡',50,0),(3841,385,'冬山乡',50,0),(3842,385,'苏澳镇',50,0),(3843,385,'南澳乡',50,0),(3844,385,'钓鱼台',50,0),(3845,386,'竹北市',50,0),(3846,386,'湖口乡',50,0),(3847,386,'新丰乡',50,0),(3848,386,'新埔镇',50,0),(3849,386,'关西镇',50,0),(3850,386,'芎林乡',50,0),(3851,386,'宝山乡',50,0),(3852,386,'竹东镇',50,0),(3853,386,'五峰乡',50,0),(3854,386,'横山乡',50,0),(3855,386,'尖石乡',50,0),(3856,386,'北埔乡',50,0),(3857,386,'峨眉乡',50,0),(3858,387,'中坜市',50,0),(3859,387,'平镇市',50,0),(3860,387,'龙潭乡',50,0),(3861,387,'杨梅市',50,0),(3862,387,'新屋乡',50,0),(3863,387,'观音乡',50,0),(3864,387,'桃园市',50,0),(3865,387,'龟山乡',50,0),(3866,387,'八德市',50,0),(3867,387,'大溪镇',50,0),(3868,387,'复兴乡',50,0),(3869,387,'大园乡',50,0),(3870,387,'芦竹乡',50,0),(3871,388,'竹南镇',50,0),(3872,388,'头份镇',50,0),(3873,388,'三湾乡',50,0),(3874,388,'南庄乡',50,0),(3875,388,'狮潭乡',50,0),(3876,388,'后龙镇',50,0),(3877,388,'通霄镇',50,0),(3878,388,'苑里镇',50,0),(3879,388,'苗栗市',50,0),(3880,388,'造桥乡',50,0),(3881,388,'头屋乡',50,0),(3882,388,'公馆乡',50,0),(3883,388,'大湖乡',50,0),(3884,388,'泰安乡',50,0),(3885,388,'铜锣乡',50,0),(3886,388,'三义乡',50,0),(3887,388,'西湖乡',50,0),(3888,388,'卓兰镇',50,0),(3889,389,'彰化市',50,0),(3890,389,'芬园乡',50,0),(3891,389,'花坛乡',50,0),(3892,389,'秀水乡',50,0),(3893,389,'鹿港镇',50,0),(3894,389,'福兴乡',50,0),(3895,389,'线西乡',50,0),(3896,389,'和美镇',50,0),(3897,389,'伸港乡',50,0),(3898,389,'员林镇',50,0),(3899,389,'社头乡',50,0),(3900,389,'永靖乡',50,0),(3901,389,'埔心乡',50,0),(3902,389,'溪湖镇',50,0),(3903,389,'大村乡',50,0),(3904,389,'埔盐乡',50,0),(3905,389,'田中镇',50,0),(3906,389,'北斗镇',50,0),(3907,389,'田尾乡',50,0),(3908,389,'埤头乡',50,0),(3909,389,'溪州乡',50,0),(3910,389,'竹塘乡',50,0),(3911,389,'二林镇',50,0),(3912,389,'大城乡',50,0),(3913,389,'芳苑乡',50,0),(3914,389,'二水乡',50,0),(3915,390,'番路乡',50,0),(3916,390,'梅山乡',50,0),(3917,390,'竹崎乡',50,0),(3918,390,'阿里山乡',50,0),(3919,390,'中埔乡',50,0),(3920,390,'大埔乡',50,0),(3921,390,'水上乡',50,0),(3922,390,'鹿草乡',50,0),(3923,390,'太保市',50,0),(3924,390,'朴子市',50,0),(3925,390,'东石乡',50,0),(3926,390,'六脚乡',50,0),(3927,390,'新港乡',50,0),(3928,390,'民雄乡',50,0),(3929,390,'大林镇',50,0),(3930,390,'溪口乡',50,0),(3931,390,'义竹乡',50,0),(3932,390,'布袋镇',50,0),(3933,391,'斗南镇',50,0),(3934,391,'大埤乡',50,0),(3935,391,'虎尾镇',50,0),(3936,391,'土库镇',50,0),(3937,391,'褒忠乡',50,0),(3938,391,'东势乡',50,0),(3939,391,'台西乡',50,0),(3940,391,'仑背乡',50,0),(3941,391,'麦寮乡',50,0),(3942,391,'斗六市',50,0),(3943,391,'林内乡',50,0),(3944,391,'古坑乡',50,0),(3945,391,'莿桐乡',50,0),(3946,391,'西螺镇',50,0),(3947,391,'二仑乡',50,0),(3948,391,'北港镇',50,0),(3949,391,'水林乡',50,0),(3950,391,'口湖乡',50,0),(3951,391,'四湖乡',50,0),(3952,391,'元长乡',50,0),(3953,392,'屏东市',50,0),(3954,392,'三地门乡',50,0),(3955,392,'雾台乡',50,0),(3956,392,'玛家乡',50,0),(3957,392,'九如乡',50,0),(3958,392,'里港乡',50,0),(3959,392,'高树乡',50,0),(3960,392,'盐埔乡',50,0),(3961,392,'长治乡',50,0),(3962,392,'麟洛乡',50,0),(3963,392,'竹田乡',50,0),(3964,392,'内埔乡',50,0),(3965,392,'万丹乡',50,0),(3966,392,'潮州镇',50,0),(3967,392,'泰武乡',50,0),(3968,392,'来义乡',50,0),(3969,392,'万峦乡',50,0),(3970,392,'崁顶乡',50,0),(3971,392,'新埤乡',50,0),(3972,392,'南州乡',50,0),(3973,392,'林边乡',50,0),(3974,392,'东港镇',50,0),(3975,392,'琉球乡',50,0),(3976,392,'佳冬乡',50,0),(3977,392,'新园乡',50,0),(3978,392,'枋寮乡',50,0),(3979,392,'枋山乡',50,0),(3980,392,'春日乡',50,0),(3981,392,'狮子乡',50,0),(3982,392,'车城乡',50,0),(3983,392,'牡丹乡',50,0),(3984,392,'恒春镇',50,0),(3985,392,'满州乡',50,0),(3986,393,'台东市',50,0),(3987,393,'绿岛乡',50,0),(3988,393,'兰屿乡',50,0),(3989,393,'延平乡',50,0),(3990,393,'卑南乡',50,0),(3991,393,'鹿野乡',50,0),(3992,393,'关山镇',50,0),(3993,393,'海端乡',50,0),(3994,393,'池上乡',50,0),(3995,393,'东河乡',50,0),(3996,393,'成功镇',50,0),(3997,393,'长滨乡',50,0),(3998,393,'金峰乡',50,0),(3999,393,'大武乡',50,0),(4000,393,'达仁乡',50,0),(4001,393,'太麻里乡',50,0),(4002,394,'花莲市',50,0),(4003,394,'新城乡',50,0),(4004,394,'太鲁阁',50,0),(4005,394,'秀林乡',50,0),(4006,394,'吉安乡',50,0),(4007,394,'寿丰乡',50,0),(4008,394,'凤林镇',50,0),(4009,394,'光复乡',50,0),(4010,394,'丰滨乡',50,0),(4011,394,'瑞穗乡',50,0),(4012,394,'万荣乡',50,0),(4013,394,'玉里镇',50,0),(4014,394,'卓溪乡',50,0),(4015,394,'富里乡',50,0),(4016,395,'马公市',50,0),(4017,395,'西屿乡',50,0),(4018,395,'望安乡',50,0),(4019,395,'七美乡',50,0),(4020,395,'白沙乡',50,0),(4021,395,'湖西乡',50,0),(4022,396,'南竿乡',50,0),(4023,396,'北竿乡',50,0),(4024,396,'莒光乡',50,0),(4025,396,'东引乡',50,0),(4026,397,'中西区',50,0),(4027,397,'湾仔',50,0),(4028,397,'东区',50,0),(4029,397,'南区',50,0),(4030,398,'九龙城区',50,0),(4031,398,'油尖旺区',50,0),(4032,398,'深水埗区',50,0),(4033,398,'黄大仙区',50,0),(4034,398,'观塘区',50,0),(4035,399,'北区',50,0),(4036,399,'大埔区',50,0),(4037,399,'沙田区',50,0),(4038,399,'西贡区',50,0),(4039,399,'元朗区',50,0),(4040,399,'屯门区',50,0),(4041,399,'荃湾区',50,0),(4042,399,'葵青区',50,0),(4043,399,'离岛区',50,0),(4044,124,'江北区',49,0),(4080,1,'钓鱼岛',35,0),(4081,4080,'钓鱼岛',50,0),(4083,1,'海外',36,0),(4084,4083,'海外',50,0),(4085,1,'士大夫123',50,1),(4086,4085,'他依然',50,0),(4087,4085,'会更加',50,0),(4088,1,'的分公司',50,1);

/*Table structure for table `ims_setting` */

DROP TABLE IF EXISTS `ims_setting`;

CREATE TABLE `ims_setting` (
  `setting_id` smallint(5) unsigned NOT NULL AUTO_INCREMENT,
  `code` varchar(30) CHARACTER SET utf8mb4 COLLATE utf8mb4_unicode_ci NOT NULL COMMENT '变量名',
  `value` text CHARACTER SET utf8mb4 COLLATE utf8mb4_unicode_ci NOT NULL COMMENT '变量值',
  `module` varchar(30) CHARACTER SET utf8mb4 COLLATE utf8mb4_unicode_ci NOT NULL COMMENT '模块(作用域)',
  `description` varchar(100) CHARACTER SET utf8mb4 COLLATE utf8mb4_unicode_ci NOT NULL DEFAULT '' COMMENT '描述',
  `help_text` varchar(100) CHARACTER SET utf8mb4 COLLATE utf8mb4_unicode_ci NOT NULL DEFAULT '' COMMENT '帮助',
  PRIMARY KEY (`setting_id`) USING BTREE,
  KEY `code` (`code`),
  KEY `module` (`module`)
) ENGINE=InnoDB AUTO_INCREMENT=69 DEFAULT CHARSET=utf8mb4 COLLATE=utf8mb4_unicode_ci COMMENT='系统配置';

/*Data for the table `ims_setting` */

insert  into `ims_setting`(`setting_id`,`code`,`value`,`module`,`description`,`help_text`) values (3,'is_sub','1','delivery_dist','是否启用订阅','开启订阅后快递鸟会主动将配送轨迹推送到系统'),(4,'success','http://www.careyshop.cn/','payment','支付成功提示页','支付成功后返回到的页面'),(5,'error','http://www.careyshop.cn/','payment','支付失败提示页','支付失败后返回到的页面'),(6,'sms','{\"key_id\":{\"name\":\"Access Key ID\",\"value\":\"LTAIS84N5AaNj\"},\"key_secret\":{\"name\":\"Access Key Secret\",\"value\":\"2vaz6AmNMmgKO5os1bm2B1iYams\"},\"status\":{\"name\":\"启用状态\",\"value\":\"1\"}}','notice','短信通知','短信通知参数配置'),(7,'email','{\"email_host\":{\"name\":\"SMTP服务器\",\"value\":\"smtp.126.com\"},\"email_port\":{\"name\":\"SMTP端口\",\"value\":\"25\"},\"email_addr\":{\"name\":\"发信人邮箱地址\",\"value\":\"dnyz@126.com\"},\"email_id\":{\"name\":\"SMTP身份验证用户名\",\"value\":\"dnyz\"},\"email_pass\":{\"name\":\"SMTP身份验证码\",\"value\":\"123456\"},\"email_ssl\":{\"name\":\"是否使用安全链接\",\"value\":\"0\"},\"status\":{\"name\":\"启用状态\",\"value\":\"0\"}}','notice','邮件通知','邮件通知参数配置'),(30,'platform','{\"0\":\"all\",\"1\":\"pc\",\"2\":\"mobile\",\"3\":\"ios\",\"4\":\"android\"}','system_info','平台自定义值',''),(31,'open_index','0','system_info','是否开启首页',''),(32,'open_api','1','system_info','是否开启API接口',''),(33,'open_mobile','0','system_info','是否开启移动页',''),(34,'close_reason','系统维护中，请稍后访问！','system_info','API接口关闭原因',''),(35,'allow_origin','[\"*\"]','system_info','允许跨域访问的域名',''),(36,'name','oxiang','system_info','系统名称','商城名称，将显示在前台顶部欢迎信息等位置'),(37,'title','软擎框架系1','system_info','系统标题','商城标题，将显示在前台顶部欢迎信息等位置'),(38,'keywords','开源新零售，开源小程序，开源微商城，开源商城，商城系统，免费商城','system_info','系统关键词','商城关键词，有利于对整站的SEO优化'),(39,'description','简洁、快速、极致的开发理念，对内使用面向对象模块化调用，多终端、跨平台采用REST API构架来面向移动网络趋势，可直接对接PC、移动设备、小程序、云部署，构建Android、IOS的APP。','system_info','系统描述','商城描述，将显示在前台顶部欢迎信息等位置'),(40,'logo','','system_info','系统LOGO','默认商城LOGO,通用头部显示，最佳显示尺寸为240*60像素'),(42,'miitbeian','','system_info','ICP备案许可证号','ICP备案许可证号，将显示在前台底部等位置'),(43,'miitbeian_url','http://www.miitbeian.gov.cn','system_info','ICP备案链接地址','ICP备案链接地址，点击后将引导到该网站'),(44,'miitbeian_ico','','system_info','ICP备案图标','ICP备案图标，将显示在前台底部等位置'),(45,'beian','','system_info','公安机关备案号','公安机关备案号，将显示在前台底部等位置'),(46,'beian_url','http://www.beian.gov.cn','system_info','公安机关备案链接','公安机关备案链接，点击后将引导到该网站'),(47,'beian_ico','','system_info','公安机关备案图标','公安机关备案图标，将显示在前台底部等位置'),(50,'default','ox','upload','默认资源上传模块','在不指定上传模块时，系统默认启用的上传模块'),(51,'oss','0xiang.cn/oss?url=','upload','资源获取短地址','可启用短地址获取资源，避免原地址冗长'),(52,'image_ext','jpg,png,svg,gif,bmp,tiff,webp','upload','允许上传的图片后缀',''),(53,'file_ext','doc,docx,xls,xlsx,ppt,pptx,pdf,wps,txt,rar,zip,gz,bz2,7z,pem,mp4','upload','允许上传的文件后缀',''),(54,'file_size','2M','upload','附件上传大小限制',''),(55,'ox_url','docker.0xiang.cn','upload','资源绑定域名别名','(本地上传)自定义绑定域名'),(56,'qiniu_access_key','-eibVM1dkuOQU9vbF9oMRtw4t_-QUMQJgPPDJ','upload','AccessKey(AK)','七牛云密钥管理创建的 <span style=\"color:#F56C6C;\">AK</span>'),(57,'qiniu_secret_key','pcDGWPh8eOvnvcWBKbBhAR6MiC3_OU-V4hayZ','upload','SecretKey(SK)','七牛云密钥管理创建的 <span style=\"color:#F56C6C;\">SK</span>'),(58,'qiniu_bucket','careyshop','upload','存储空间名称','选择一个存储空间，请保证访问控制为 <span style=\"color:#F56C6C;\">公开空间</span>'),(59,'qiniu_url','poask1ml1.bkt.clouddn.com','upload','外链域名','存储空间 <span style=\"color:#F56C6C;\">对外访问域名</span>，也支持填写 <span style=\"color:#F56C6C;\">自定义域名</span>'),(60,'aliyun_access_key','LTAIiZnhdoDWO','upload','AccessKey ID','阿里云RAM子用户创建的 <span style=\"color:#F56C6C;\">AccessKey ID</span> 值'),(61,'aliyun_secret_key','wpEQEFZRHVRgTy87MjYFTKBWgXA','upload','AccessKey Secret','阿里云RAM子用户创建的 <span style=\"color:#F56C6C;\">AccessKey Secret</span> 值'),(62,'aliyun_bucket','careyshop','upload','Bucket 名称','选择一个Bucket，请保证读写权限为 <span style=\"color:#F56C6C;\">公共读</span>'),(63,'aliyun_url','aliyun.oss.careyshop.cn','upload','Bucket 域名','外网访问 <span style=\"color:#F56C6C;\">Bucket域名</span>，也支持填写 <span style=\"color:#F56C6C;\">用户域名</span>'),(64,'aliyun_endpoint','oss-cn-hangzhou.aliyuncs.com','upload','EndPoint','外网访问 <span style=\"color:#F56C6C;\">EndPoint (地域节点)</span>'),(65,'aliyun_rolearn','acs:ram::1763866345155:role/aliyunosstokeneratorrole','upload','RoleArn','阿里云RAM角色创建的 <span style=\"color:#F56C6C;\">ARN</span>'),(66,'appid','wx50c6a58e838f79e8','wxapp','AppId','小程序appid'),(67,'appsecret','74c531a2b8c2ee9a8ed2cd5a2fa370c1','wxapp','AppSecret','小程序appid'),(68,'appid','wxc771e882495bcc2d','webapp','AppId','公众号appid');

/*Table structure for table `ims_storage` */

DROP TABLE IF EXISTS `ims_storage`;

CREATE TABLE `ims_storage` (
  `storage_id` int(11) unsigned NOT NULL AUTO_INCREMENT,
  `parent_id` int(11) unsigned NOT NULL DEFAULT '0' COMMENT '父id',
  `name` varchar(255) CHARACTER SET utf8mb4 COLLATE utf8mb4_unicode_ci NOT NULL DEFAULT '' COMMENT '名称',
  `mime` varchar(100) CHARACTER SET utf8mb4 COLLATE utf8mb4_unicode_ci NOT NULL DEFAULT '' COMMENT 'mime',
  `ext` varchar(6) CHARACTER SET utf8mb4 COLLATE utf8mb4_unicode_ci NOT NULL DEFAULT '' COMMENT '后缀',
  `size` int(11) unsigned NOT NULL DEFAULT '0' COMMENT '大小',
  `pixel` varchar(50) CHARACTER SET utf8mb4 COLLATE utf8mb4_unicode_ci NOT NULL DEFAULT '' COMMENT '像素',
  `hash` char(40) CHARACTER SET utf8mb4 COLLATE utf8mb4_unicode_ci NOT NULL DEFAULT '' COMMENT '哈希值',
  `path` varchar(255) CHARACTER SET utf8mb4 COLLATE utf8mb4_unicode_ci NOT NULL DEFAULT '' COMMENT '路径',
  `url` varchar(255) CHARACTER SET utf8mb4 COLLATE utf8mb4_unicode_ci NOT NULL DEFAULT '' COMMENT '外链',
  `protocol` varchar(10) CHARACTER SET utf8mb4 COLLATE utf8mb4_unicode_ci NOT NULL COMMENT '协议',
  `type` tinyint(1) NOT NULL COMMENT '0=图片 1=附件 2=目录',
  `priority` tinyint(1) NOT NULL DEFAULT '1' COMMENT '优先权 0>1',
  `cover` varchar(512) CHARACTER SET utf8mb4 COLLATE utf8mb4_unicode_ci NOT NULL DEFAULT '' COMMENT '封面',
  `sort` tinyint(3) unsigned NOT NULL DEFAULT '50' COMMENT '排序',
  `is_default` tinyint(1) NOT NULL DEFAULT '0' COMMENT '默认目录 0=否 1=是',
  `create_time` int(11) NOT NULL DEFAULT '0' COMMENT '创建日期',
  `update_time` int(11) NOT NULL DEFAULT '0' COMMENT '更新日期',
  PRIMARY KEY (`storage_id`),
  KEY `parent_id` (`parent_id`),
  KEY `type` (`type`),
  KEY `sort` (`sort`),
  KEY `hash` (`hash`),
  KEY `path` (`path`),
  KEY `name` (`name`),
  KEY `protocol` (`protocol`),
  KEY `priority` (`priority`)
) ENGINE=InnoDB AUTO_INCREMENT=105 DEFAULT CHARSET=utf8mb4 COLLATE=utf8mb4_unicode_ci COMMENT='资源管理器';

/*Data for the table `ims_storage` */

insert  into `ims_storage`(`storage_id`,`parent_id`,`name`,`mime`,`ext`,`size`,`pixel`,`hash`,`path`,`url`,`protocol`,`type`,`priority`,`cover`,`sort`,`is_default`,`create_time`,`update_time`) values (1,0,'回收.jpg','image/jpeg','jpg',58184,'{\"width\":470,\"height\":535}','5a9910996e7b19e817d97ab4e2191109abc46785','/uploads/files/20191112/54267304ee7398f82caa676b7ebb1900.jpg','t.cn/uploads/files/20191112/54267304ee7398f82caa676b7ebb1900.jpg?type=careyshop','careyshop',0,1,'',50,0,1573528728,1573528728),(2,0,'/a2d4d2ec74238fa2a771e81c31e1b2da.jpg','image/jpeg','jpg',105210,'{\"width\":776,\"height\":939}','','/uploads/files/20191212/a2d4d2ec74238fa2a771e81c31e1b2da.jpg','/uploads/files/20191212/a2d4d2ec74238fa2a771e81c31e1b2da.jpg?type=ox','ox',0,1,'',50,0,0,0),(3,0,'/d90e6af84c84de416894107fb230f49a.jpg','image/jpeg','jpg',105210,'{\"width\":776,\"height\":939}','','/uploads/files/20191212/d90e6af84c84de416894107fb230f49a.jpg','/uploads/files/20191212/d90e6af84c84de416894107fb230f49a.jpg?type=ox','ox',0,1,'',50,0,0,0),(4,0,'/3a8fbb75b96dd5d4b2d3db4378a02ef8.jpg','image/jpeg','jpg',105210,'{\"width\":776,\"height\":939}','','/uploads/files/20191212/3a8fbb75b96dd5d4b2d3db4378a02ef8.jpg','docker.0xiang.cn/uploads/files/20191212/3a8fbb75b96dd5d4b2d3db4378a02ef8.jpg?type=ox','ox',0,1,'',50,0,0,0),(5,0,'/b068ca6d4ed6517aa6ae31f05600f84d.jpg','image/jpeg','jpg',105210,'{\"width\":776,\"height\":939}','','/uploads/files/20191212/b068ca6d4ed6517aa6ae31f05600f84d.jpg','docker.0xiang.cn/uploads/files/20191212/b068ca6d4ed6517aa6ae31f05600f84d.jpg?type=ox','ox',0,1,'',50,0,0,0),(6,0,'/2a9d18e0205b096f81eed2ca9507d7a2.jpg','image/jpeg','jpg',105210,'{\"width\":776,\"height\":939}','','/uploads/files/20191212/2a9d18e0205b096f81eed2ca9507d7a2.jpg','docker.0xiang.cn/uploads/files/20191212/2a9d18e0205b096f81eed2ca9507d7a2.jpg?type=ox','ox',0,1,'',50,0,0,0),(7,0,'/6149ed5f43171f36c14999fce040caf4.jpg','image/jpeg','jpg',105210,'{\"width\":776,\"height\":939}','','/uploads/files/20191212/6149ed5f43171f36c14999fce040caf4.jpg','docker.0xiang.cn/uploads/files/20191212/6149ed5f43171f36c14999fce040caf4.jpg?type=ox','ox',0,1,'',50,0,0,0),(8,0,'/9f1e5f49afc94942462cf466b42b8cab.jpg','image/jpeg','jpg',58184,'{\"width\":470,\"height\":535}','','/uploads/files/20191212/9f1e5f49afc94942462cf466b42b8cab.jpg','docker.0xiang.cn/uploads/files/20191212/9f1e5f49afc94942462cf466b42b8cab.jpg?type=ox','ox',0,1,'',50,0,0,0),(9,0,'/9d6d9a366550e0cbeb59683bc37dbd70.jpg','image/jpeg','jpg',58184,'{\"width\":470,\"height\":535}','','/uploads/files/20191212/9d6d9a366550e0cbeb59683bc37dbd70.jpg','docker.0xiang.cn/uploads/files/20191212/9d6d9a366550e0cbeb59683bc37dbd70.jpg?type=ox','ox',0,1,'',50,0,0,0),(10,0,'/bb9cc6d493899a487d728d315ade02d7.jpg','image/jpeg','jpg',49829,'{\"width\":716,\"height\":705}','','/uploads/files/20191212/bb9cc6d493899a487d728d315ade02d7.jpg','docker.0xiang.cn/uploads/files/20191212/bb9cc6d493899a487d728d315ade02d7.jpg?type=ox','ox',0,1,'',50,0,0,0),(11,0,'/271f3d0cf3545dacb12c54a1a5f2b8c5.jpg','image/jpeg','jpg',49829,'{\"width\":716,\"height\":705}','','/uploads/files/20191212/271f3d0cf3545dacb12c54a1a5f2b8c5.jpg','docker.0xiang.cn/uploads/files/20191212/271f3d0cf3545dacb12c54a1a5f2b8c5.jpg?type=ox','ox',0,1,'',50,0,0,0),(12,0,'/6462c2c3598f2cfe779f779e7d5f0209.jpg','image/jpeg','jpg',26664,'{\"width\":490,\"height\":351}','','/uploads/files/20191212/6462c2c3598f2cfe779f779e7d5f0209.jpg','/uploads/files/20191212/6462c2c3598f2cfe779f779e7d5f0209.jpg?type=ox','ox',0,1,'',50,0,0,0),(13,0,'/c91ee1edce5157aa9c74cc813a65f51e.jpg','image/jpeg','jpg',18655,'{\"width\":368,\"height\":207}','','/uploads/files/20191212/c91ee1edce5157aa9c74cc813a65f51e.jpg','docker.0xiang.cn/uploads/files/20191212/c91ee1edce5157aa9c74cc813a65f51e.jpg?type=ox','ox',0,1,'',50,0,0,0),(14,0,'/017ef05f6549e63b5f36573ecca480a7.png','image/png','png',574839,'{\"width\":1920,\"height\":500}','','/uploads/files/20191212/017ef05f6549e63b5f36573ecca480a7.png','docker.0xiang.cn/uploads/files/20191212/017ef05f6549e63b5f36573ecca480a7.png?type=ox','ox',0,1,'',50,0,0,0),(15,0,'/dde475a99a06132827cb069270a5806c.jpg','image/jpeg','jpg',160127,'{\"width\":1920,\"height\":507}','','/uploads/files/20191212/dde475a99a06132827cb069270a5806c.jpg','docker.0xiang.cn/uploads/files/20191212/dde475a99a06132827cb069270a5806c.jpg?type=ox','ox',0,1,'',50,0,0,0),(16,0,'/a40b07fe54e89e9ceac88f9a4c8bc80f.jpg','image/jpeg','jpg',181079,'{\"width\":1920,\"height\":969}','','/uploads/files/20191212/a40b07fe54e89e9ceac88f9a4c8bc80f.jpg','docker.0xiang.cn/uploads/files/20191212/a40b07fe54e89e9ceac88f9a4c8bc80f.jpg?type=ox','ox',0,1,'',50,0,0,0),(17,0,'/98f54de89a8035f88fbfda8bc6e406ae.jpg','image/jpeg','jpg',181079,'{\"width\":1920,\"height\":969}','','/uploads/files/20191212/98f54de89a8035f88fbfda8bc6e406ae.jpg','docker.0xiang.cn/uploads/files/20191212/98f54de89a8035f88fbfda8bc6e406ae.jpg?type=ox','ox',0,1,'',50,0,0,0),(18,0,'/040748b57280976b12b60ab03c3f075d.jpg','image/jpeg','jpg',18655,'{\"width\":368,\"height\":207}','','/uploads/files/20191213/040748b57280976b12b60ab03c3f075d.jpg','docker.0xiang.cn/uploads/files/20191213/040748b57280976b12b60ab03c3f075d.jpg?type=ox','ox',0,1,'',50,0,0,0),(19,0,'/275472ad51816a72cfca30dfe06011c4.jpg','image/jpeg','jpg',160127,'{\"width\":1920,\"height\":507}','','/uploads/files/20191213/275472ad51816a72cfca30dfe06011c4.jpg','/uploads/files/20191213/275472ad51816a72cfca30dfe06011c4.jpg?type=ox','ox',0,1,'',50,0,0,0),(20,0,'/5e28efa3058fc7615d76595217554e80.jpg','image/jpeg','jpg',247568,'{\"width\":1920,\"height\":507}','','/uploads/files/20191213/5e28efa3058fc7615d76595217554e80.jpg','docker.0xiang.cn/uploads/files/20191213/5e28efa3058fc7615d76595217554e80.jpg?type=ox','ox',0,1,'',50,0,0,0),(21,0,'/3971c6f2765ffc19948235e16d3a6c72.jpg','image/jpeg','jpg',247568,'{\"width\":1920,\"height\":507}','','/uploads/files/20191213/3971c6f2765ffc19948235e16d3a6c72.jpg','docker.0xiang.cn/uploads/files/20191213/3971c6f2765ffc19948235e16d3a6c72.jpg?type=ox','ox',0,1,'',50,0,0,0),(22,0,'/277d2c7855ea608fb7b8e7d1a0141565.jpg','image/jpeg','jpg',49829,'{\"width\":716,\"height\":705}','','/uploads/files/20191213/277d2c7855ea608fb7b8e7d1a0141565.jpg','/uploads/files/20191213/277d2c7855ea608fb7b8e7d1a0141565.jpg?type=ox','ox',0,1,'',50,0,0,0),(23,0,'/0c9230f443f6e650dd0ca07c6a65f874.jpg','image/jpeg','jpg',49829,'{\"width\":716,\"height\":705}','','/uploads/files/20191213/0c9230f443f6e650dd0ca07c6a65f874.jpg','docker.0xiang.cn/uploads/files/20191213/0c9230f443f6e650dd0ca07c6a65f874.jpg?type=ox','ox',0,1,'',50,0,0,0),(24,0,'/8bc20655358aa78037370da239f5c6b5.jpg','image/jpeg','jpg',247568,'{\"width\":1920,\"height\":507}','','/uploads/files/20191213/8bc20655358aa78037370da239f5c6b5.jpg','docker.0xiang.cn/uploads/files/20191213/8bc20655358aa78037370da239f5c6b5.jpg?type=ox','ox',0,1,'',50,0,0,0),(25,0,'/535fac90d387334ed749b01802bec022.jpg','image/jpeg','jpg',49829,'{\"width\":716,\"height\":705}','','/uploads/files/20191213/535fac90d387334ed749b01802bec022.jpg','docker.0xiang.cn/uploads/files/20191213/535fac90d387334ed749b01802bec022.jpg?type=ox','ox',0,1,'',50,0,0,0),(26,0,'/8690c913944746591dce17c985ac4adc.jpg','image/jpeg','jpg',160127,'{\"width\":1920,\"height\":507}','','/uploads/files/20191213/8690c913944746591dce17c985ac4adc.jpg','docker.0xiang.cn/uploads/files/20191213/8690c913944746591dce17c985ac4adc.jpg?type=ox','ox',0,1,'',50,0,0,0),(27,0,'/1496ba739b35b0d41d994ea73b2b2f39.jpg','image/jpeg','jpg',247568,'{\"width\":1920,\"height\":507}','','/uploads/files/20191213/1496ba739b35b0d41d994ea73b2b2f39.jpg','/uploads/files/20191213/1496ba739b35b0d41d994ea73b2b2f39.jpg?type=ox','ox',0,1,'',50,0,0,0),(28,0,'/36bf6b211003439eccffc53193ea0574.png','image/png','png',148789,'{\"width\":1920,\"height\":500}','','/uploads/files/20191213/36bf6b211003439eccffc53193ea0574.png','docker.0xiang.cn/uploads/files/20191213/36bf6b211003439eccffc53193ea0574.png?type=ox','ox',0,1,'',50,0,0,0),(29,0,'/6c0d95bc1473629b70b1f8bf441de2b2.jpg','image/jpeg','jpg',160127,'{\"width\":1920,\"height\":507}','','/uploads/files/20191213/6c0d95bc1473629b70b1f8bf441de2b2.jpg','docker.0xiang.cn/uploads/files/20191213/6c0d95bc1473629b70b1f8bf441de2b2.jpg?type=ox','ox',0,1,'',50,0,0,0),(30,0,'/5a434c58b54c1bcd9c190ceb25414ef2.jpg','image/jpeg','jpg',247568,'{\"width\":1920,\"height\":507}','','/uploads/files/20191213/5a434c58b54c1bcd9c190ceb25414ef2.jpg','docker.0xiang.cn/uploads/files/20191213/5a434c58b54c1bcd9c190ceb25414ef2.jpg?type=ox','ox',0,1,'',50,0,0,0),(31,0,'/2ea83b9145ec36c41f242fec3590e8be.jpg','image/jpeg','jpg',160127,'{\"width\":1920,\"height\":507}','','/uploads/files/20191213/2ea83b9145ec36c41f242fec3590e8be.jpg','docker.0xiang.cn/uploads/files/20191213/2ea83b9145ec36c41f242fec3590e8be.jpg?type=ox','ox',0,1,'',50,0,0,0),(32,0,'/8ed5b06089ef4b3d6ffb73680ac9dd6b.jpg','image/jpeg','jpg',247568,'{\"width\":1920,\"height\":507}','','/uploads/files/20191213/8ed5b06089ef4b3d6ffb73680ac9dd6b.jpg','docker.0xiang.cn/uploads/files/20191213/8ed5b06089ef4b3d6ffb73680ac9dd6b.jpg?type=ox','ox',0,1,'',50,0,0,0),(33,0,'/38503dfe9f66b27e78b24aeae91e13ab.jpg','image/jpeg','jpg',19604,'{\"width\":200,\"height\":200}','','/uploads/files/20191214/38503dfe9f66b27e78b24aeae91e13ab.jpg','docker.0xiang.cn/uploads/files/20191214/38503dfe9f66b27e78b24aeae91e13ab.jpg?type=ox','ox',0,1,'',50,0,0,0),(34,0,'/ae1076674829c72fa559f8300437b2fa.jpg','image/jpeg','jpg',7325,'{\"width\":200,\"height\":200}','','/uploads/files/20191214/ae1076674829c72fa559f8300437b2fa.jpg','docker.0xiang.cn/uploads/files/20191214/ae1076674829c72fa559f8300437b2fa.jpg?type=ox','ox',0,1,'',50,0,0,0),(35,0,'/62c6fdf86672814126e999872cc83ba8.jpg','image/jpeg','jpg',7325,'{\"width\":200,\"height\":200}','','/uploads/files/20191214/62c6fdf86672814126e999872cc83ba8.jpg','docker.0xiang.cn/uploads/files/20191214/62c6fdf86672814126e999872cc83ba8.jpg?type=ox','ox',0,1,'',50,0,0,0),(36,0,'/064ec51bca9214ffa8cbbccbac7ae935.jpg','image/jpeg','jpg',7325,'{\"width\":200,\"height\":200}','','/uploads/files/20191214/064ec51bca9214ffa8cbbccbac7ae935.jpg','docker.0xiang.cn/uploads/files/20191214/064ec51bca9214ffa8cbbccbac7ae935.jpg?type=ox','ox',0,1,'',50,0,0,0),(37,0,'/c1000a3c6e89d85829ce914b1344e5d3.png','image/png','png',6990,'{\"width\":200,\"height\":200}','','/uploads/files/20191214/c1000a3c6e89d85829ce914b1344e5d3.png','/uploads/files/20191214/c1000a3c6e89d85829ce914b1344e5d3.png?type=ox','ox',0,1,'',50,0,0,0),(38,0,'','','',0,'','','','','',0,1,'',50,0,1576290811,1576290811),(39,0,'/04f546f3b39d7897317cc182502b54f0.jpg','image/jpeg','jpg',7325,'{\"width\":200,\"height\":200}','','/uploads/files/20191214/04f546f3b39d7897317cc182502b54f0.jpg','/uploads/files/20191214/04f546f3b39d7897317cc182502b54f0.jpg?type=ox','ox',0,1,'',50,0,0,0),(40,0,'/9abd79c11a6e91b96bf7bf6f50ef14fc.jpg','image/jpeg','jpg',7325,'','','/uploads/files/20191214/9abd79c11a6e91b96bf7bf6f50ef14fc.jpg','/uploads/files/20191214/9abd79c11a6e91b96bf7bf6f50ef14fc.jpg?type=ox','ox',0,1,'',50,0,0,0),(41,1,'2','3','4',4,'','','/uploads/files/20191214/ed102959a126e0506cf9f9862a0c6ec2.jpg','/uploads/files/20191214/ed102959a126e0506cf9f9862a0c6ec2.jpg?type=ox','ox',0,1,'',50,0,0,0),(42,1,'2','3','4',4,'','','1','1','1',1,1,'',50,0,0,0),(43,0,'/aeedc0de56c56289e5352c535918509d.jpg','image/jpeg','jpg',19604,'{\"width\":200,\"height\":200}','','/uploads/files/20191214/aeedc0de56c56289e5352c535918509d.jpg','/uploads/files/20191214/aeedc0de56c56289e5352c535918509d.jpg?type=ox','ox',0,1,'',50,0,0,0),(44,0,'/709e39f756a464ae1191d31397ba61c7.png','image/png','png',6990,'{\"width\":200,\"height\":200}','','/uploads/files/20191214/709e39f756a464ae1191d31397ba61c7.png','/uploads/files/20191214/709e39f756a464ae1191d31397ba61c7.png?type=ox','ox',0,1,'',50,0,1576291484,1576291484),(45,0,'/a695f890ca78e5f81dd1232129dad41d.png','image/png','png',6990,'{\"width\":200,\"height\":200}','','/uploads/files/20191214/a695f890ca78e5f81dd1232129dad41d.png','/uploads/files/20191214/a695f890ca78e5f81dd1232129dad41d.png?type=ox','ox',0,1,'',50,0,0,0),(46,0,'/8d2627307fb5133ca950d09c28bdff5e.png','image/png','png',6990,'{\"width\":200,\"height\":200}','','/uploads/files/20191214/8d2627307fb5133ca950d09c28bdff5e.png','/uploads/files/20191214/8d2627307fb5133ca950d09c28bdff5e.png?type=ox','ox',0,1,'',50,0,1576291635,1576291635),(47,0,'/43f642753f7c6e76aa6ac1332766bbfc.png','image/png','png',6990,'{\"width\":200,\"height\":200}','','/uploads/files/20191214/43f642753f7c6e76aa6ac1332766bbfc.png','/uploads/files/20191214/43f642753f7c6e76aa6ac1332766bbfc.png?type=ox','ox',0,1,'',50,0,1576291686,1576291686),(48,0,'/0d283f54ac5ef3a82125d1d8ece7e48c.jpg','image/jpeg','jpg',7325,'{\"width\":200,\"height\":200}','','/uploads/files/20191214/0d283f54ac5ef3a82125d1d8ece7e48c.jpg','/uploads/files/20191214/0d283f54ac5ef3a82125d1d8ece7e48c.jpg?type=ox','ox',0,1,'',50,0,1576292028,1576292028),(49,0,'/9ef657e564248509be34f5407bb1ebe0.jpg','image/jpeg','jpg',7325,'{\"width\":200,\"height\":200}','','/uploads/files/20191214/9ef657e564248509be34f5407bb1ebe0.jpg','docker.0xiang.cn/uploads/files/20191214/9ef657e564248509be34f5407bb1ebe0.jpg?type=ox','ox',0,1,'',50,0,1576292250,1576292250),(50,0,'/4dfe3b211720449469cdbc1f609afeb4.png','image/png','png',6990,'{\"width\":200,\"height\":200}','','/uploads/files/20191214/4dfe3b211720449469cdbc1f609afeb4.png','http://docker.0xiang.cn/uploads/files/20191214/4dfe3b211720449469cdbc1f609afeb4.png?type=ox','ox',0,1,'',50,0,1576292580,1576292580),(51,0,'/fc12b161fdec9ad14970527b9044803b.png','image/png','png',6990,'{\"width\":200,\"height\":200}','','/uploads/files/20191214/fc12b161fdec9ad14970527b9044803b.png','httpdocker.0xiang.cn/uploads/files/20191214/fc12b161fdec9ad14970527b9044803b.png?type=ox','ox',0,1,'',50,0,1576292870,1576292870),(52,0,'/e5994b55ebc969447cd620e087a2c0d3.png','image/png','png',6990,'{\"width\":200,\"height\":200}','','/uploads/files/20191214/e5994b55ebc969447cd620e087a2c0d3.png','httpdocker.0xiang.cn/uploads/files/20191214/e5994b55ebc969447cd620e087a2c0d3.png?type=ox','ox',0,1,'',50,0,1576292905,1576292905),(53,0,'/102472a1983780540e374fddaf02594f.png','image/png','png',6990,'{\"width\":200,\"height\":200}','','/uploads/files/20191214/102472a1983780540e374fddaf02594f.png','http://docker.0xiang.cn/uploads/files/20191214/102472a1983780540e374fddaf02594f.png?type=ox','ox',0,1,'',50,0,1576292930,1576292930),(54,0,'e09c51b4dfb1c51cd9d5e18ccf905bf0.png','image/png','png',6990,'{\"width\":200,\"height\":200}','','/uploads/files/20191214e09c51b4dfb1c51cd9d5e18ccf905bf0.png','http://docker.0xiang.cn/uploads/files/20191214e09c51b4dfb1c51cd9d5e18ccf905bf0.png?type=ox','ox',0,1,'',50,0,1576293601,1576293601),(55,0,'1e3d39b9116c9c600105d1402b70be20.jpg','image/jpeg','jpg',7325,'{\"width\":200,\"height\":200}','','/uploads/files/admin/201912141e3d39b9116c9c600105d1402b70be20.jpg','http://docker.0xiang.cn/uploads/files/admin/201912141e3d39b9116c9c600105d1402b70be20.jpg?type=ox','ox',0,1,'',50,0,1576293840,1576293840),(56,0,'5b8f23acae4b118e19d31cf180be10a7.png','image/png','png',6990,'{\"width\":200,\"height\":200}','','/uploads/files/admin/20191214/5b8f23acae4b118e19d31cf180be10a7.png','http://docker.0xiang.cn/uploads/files/admin/20191214/5b8f23acae4b118e19d31cf180be10a7.png?type=ox','ox',0,1,'',50,0,1576293966,1576293966),(57,0,'60033f2d13b25e7c50bfebe2e41165de.jpg','image/jpeg','jpg',19604,'{\"width\":200,\"height\":200}','','/uploads/files/admin/20191214/60033f2d13b25e7c50bfebe2e41165de.jpg','http://docker.0xiang.cn/uploads/files/admin/20191214/60033f2d13b25e7c50bfebe2e41165de.jpg?type=ox','ox',0,1,'',50,0,1576301047,1576301047),(58,0,'59f8a87d845dc9fb4f0a1c0ef9fcc16d.jpg','image/jpeg','jpg',7325,'{\"width\":200,\"height\":200}','','/uploads/files/admin/20191214/59f8a87d845dc9fb4f0a1c0ef9fcc16d.jpg','http://docker.0xiang.cn/uploads/files/admin/20191214/59f8a87d845dc9fb4f0a1c0ef9fcc16d.jpg?type=ox','ox',0,1,'',50,0,1576301129,1576301129),(59,0,'4ee130ddba1dec4f5db94cb75eae65a2.jpg','image/jpeg','jpg',7325,'{\"width\":200,\"height\":200}','','/uploads/files/admin/20191214/4ee130ddba1dec4f5db94cb75eae65a2.jpg','http://docker.0xiang.cn/uploads/files/admin/20191214/4ee130ddba1dec4f5db94cb75eae65a2.jpg?type=ox','ox',0,1,'',50,0,1576301241,1576301241),(60,0,'f89b6f42bf3f4c00f677f96ffe1ea312.jpg','image/jpeg','jpg',247568,'{\"width\":1920,\"height\":507}','','/uploads/files/admin/20191214/f89b6f42bf3f4c00f677f96ffe1ea312.jpg','http://docker.0xiang.cn/uploads/files/admin/20191214/f89b6f42bf3f4c00f677f96ffe1ea312.jpg?type=ox','ox',0,1,'',50,0,1576301351,1576301351),(61,0,'5cfab74637992703e55d1db7d120a70c.jpg','image/jpeg','jpg',160127,'{\"width\":1920,\"height\":507}','','/uploads/files/admin/20191214/5cfab74637992703e55d1db7d120a70c.jpg','http://docker.0xiang.cn/uploads/files/admin/20191214/5cfab74637992703e55d1db7d120a70c.jpg?type=ox','ox',0,1,'',50,0,1576301776,1576301776),(69,0,'b2129a201e3e5d319659a43ce0389e27.jpg','image/jpeg','jpg',18655,'{\"width\":368,\"height\":207}','','/uploads/files/admin/20191214/b2129a201e3e5d319659a43ce0389e27.jpg','http://docker.0xiang.cn/uploads/files/admin/20191214/b2129a201e3e5d319659a43ce0389e27.jpg?type=ox','ox',0,1,'',50,0,1576312638,1576312638),(70,0,'4444552bc19241b10e73e2f6830ec14c.jpg','image/jpeg','jpg',49829,'{\"width\":716,\"height\":705}','','/uploads/files/admin/20191214/4444552bc19241b10e73e2f6830ec14c.jpg','http://docker.0xiang.cn/uploads/files/admin/20191214/4444552bc19241b10e73e2f6830ec14c.jpg?type=ox','ox',0,1,'',50,0,1576312651,1576312651),(71,0,'90fb10294280b67eea9c71a664ad4928.jpg','image/jpeg','jpg',49493,'{\"width\":258,\"height\":258}','','/uploads/files/admin/20191214/90fb10294280b67eea9c71a664ad4928.jpg','http://docker.0xiang.cn/uploads/files/admin/20191214/90fb10294280b67eea9c71a664ad4928.jpg?type=ox','ox',0,1,'',50,0,1576312693,1576312693),(72,0,'59e4dbae914a80bb08a4f64cd5cd3792.jpg','image/jpeg','jpg',26664,'{\"width\":490,\"height\":351}','','/uploads/files/admin/20191214/59e4dbae914a80bb08a4f64cd5cd3792.jpg','http://docker.0xiang.cn/uploads/files/admin/20191214/59e4dbae914a80bb08a4f64cd5cd3792.jpg?type=ox','ox',0,1,'',50,0,1576312745,1576312745),(73,1,'76671a2c36892afafee2cb53a3bf76c7.jpg','image/jpeg','jpg',247568,'{\"width\":1920,\"height\":507}','','/uploads/files/admin/20191214/76671a2c36892afafee2cb53a3bf76c7.jpg','http://docker.0xiang.cn/uploads/files/admin/20191214/76671a2c36892afafee2cb53a3bf76c7.jpg?type=ox','ox',0,1,'',50,0,1576313022,1576313022),(74,1,'5c75e65abf19328be39a784a5232d01e.jpg','image/jpeg','jpg',49829,'{\"width\":716,\"height\":705}','','/uploads/files/admin/20191216/5c75e65abf19328be39a784a5232d01e.jpg','http://docker.0xiang.cn/uploads/files/admin/20191216/5c75e65abf19328be39a784a5232d01e.jpg?type=ox','ox',0,1,'',50,0,1576458676,1576458676),(75,1,'e0b21a84bd96503434e88b3bdd1feec5.jpg','image/jpeg','jpg',18655,'{\"width\":368,\"height\":207}','','/uploads/files/admin/20191216/e0b21a84bd96503434e88b3bdd1feec5.jpg','http://docker.0xiang.cn/uploads/files/admin/20191216/e0b21a84bd96503434e88b3bdd1feec5.jpg?type=ox','ox',0,1,'',50,0,1576464908,1576464908),(76,1,'6e27331e766e25a3e2e8051efe05b0bd.jpg','image/jpeg','jpg',247568,'{\"width\":1920,\"height\":507}','','/uploads/files/admin/20191216/6e27331e766e25a3e2e8051efe05b0bd.jpg','http://docker.0xiang.cn/uploads/files/admin/20191216/6e27331e766e25a3e2e8051efe05b0bd.jpg?type=ox','ox',0,1,'',50,0,1576465042,1576465042),(77,1,'45979f280592e3e2bc4ad29f8972962b.jpg','image/jpeg','jpg',26664,'{\"width\":490,\"height\":351}','','/uploads/files/admin/20191216/45979f280592e3e2bc4ad29f8972962b.jpg','http://docker.0xiang.cn/uploads/files/admin/20191216/45979f280592e3e2bc4ad29f8972962b.jpg?type=ox','ox',0,1,'',50,0,1576465123,1576465123),(78,1,'deb9c3f1bc1e73fb74268e4073695373.jpg','image/jpeg','jpg',26664,'{\"width\":490,\"height\":351}','','/uploads/files/admin/20191216/deb9c3f1bc1e73fb74268e4073695373.jpg','http://docker.0xiang.cn/uploads/files/admin/20191216/deb9c3f1bc1e73fb74268e4073695373.jpg?type=ox','ox',0,1,'',50,0,1576465175,1576465175),(79,1,'1ca31e1a866ea5a4504174822497186d.jpg','image/jpeg','jpg',247568,'{\"width\":1920,\"height\":507}','','/uploads/files/admin/20191216/1ca31e1a866ea5a4504174822497186d.jpg','http://docker.0xiang.cn/uploads/files/admin/20191216/1ca31e1a866ea5a4504174822497186d.jpg?type=ox','ox',0,1,'',50,0,1576465245,1576465245),(80,1,'ac9439a75e7c0ef34740edbeafdba035.png','image/png','png',148789,'{\"width\":1920,\"height\":500}','','/uploads/files/admin/20191216/ac9439a75e7c0ef34740edbeafdba035.png','http://docker.0xiang.cn/uploads/files/admin/20191216/ac9439a75e7c0ef34740edbeafdba035.png?type=ox','ox',0,1,'',50,0,1576465282,1576465282),(81,1,'0179f5509934df266292d25392651286.jpg','image/jpeg','jpg',160127,'{\"width\":1920,\"height\":507}','','/uploads/files/admin/20191216/0179f5509934df266292d25392651286.jpg','http://docker.0xiang.cn/uploads/files/admin/20191216/0179f5509934df266292d25392651286.jpg?type=ox','ox',0,1,'',50,0,1576465372,1576465372),(82,1,'4293c329e41ecddeb9f891e6e367db25.jpg','image/jpeg','jpg',247568,'{\"width\":1920,\"height\":507}','','/uploads/files/admin/20191216/4293c329e41ecddeb9f891e6e367db25.jpg','http://docker.0xiang.cn/uploads/files/admin/20191216/4293c329e41ecddeb9f891e6e367db25.jpg?type=ox','ox',0,1,'',50,0,1576465599,1576465599),(84,1,'72fdca64eeb7fa05a37a0f721f8d6073.jpg','image/jpeg','jpg',18655,'{\"width\":368,\"height\":207}','','/uploads/files/admin/20191216/72fdca64eeb7fa05a37a0f721f8d6073.jpg','http://docker.0xiang.cn/uploads/files/admin/20191216/72fdca64eeb7fa05a37a0f721f8d6073.jpg?type=ox','ox',0,1,'',50,0,1576465834,1576465834),(86,1,'c9522cc04c5e27ca8cc3e214e8386325.png','image/png','png',1606,'{\"width\":48,\"height\":24}','','/uploads/files/admin/20191216/c9522cc04c5e27ca8cc3e214e8386325.png','http://docker.0xiang.cn/uploads/files/admin/20191216/c9522cc04c5e27ca8cc3e214e8386325.png?type=ox','ox',0,1,'',50,0,1576466589,1576466589),(88,1,'e449dcb97561285fb8d48d0e329248d7.png','image/png','png',3745,'{\"width\":80,\"height\":80}','','/uploads/files/admin/20191216/e449dcb97561285fb8d48d0e329248d7.png','http://docker.0xiang.cn/uploads/files/admin/20191216/e449dcb97561285fb8d48d0e329248d7.png?type=ox','ox',0,1,'',50,0,1576466682,1576466682),(89,1,'f7fd7d40e8d694410963c0671c22e9d7.png','image/png','png',3922,'{\"width\":80,\"height\":80}','','/uploads/files/admin/20191216/f7fd7d40e8d694410963c0671c22e9d7.png','http://docker.0xiang.cn/uploads/files/admin/20191216/f7fd7d40e8d694410963c0671c22e9d7.png?type=ox','ox',0,1,'',50,0,1576467194,1576467194),(90,1,'e1f1dc66cbecc3a75119c381dd01be5b.png','image/png','png',148789,'{\"width\":1920,\"height\":500}','','/uploads/files/admin/20191216/e1f1dc66cbecc3a75119c381dd01be5b.png','http://docker.0xiang.cn/uploads/files/admin/20191216/e1f1dc66cbecc3a75119c381dd01be5b.png?type=ox','ox',0,1,'',50,0,1576475410,1576475410),(91,1,'0a46fd6fe38e1355a8ab2c432eb9b989.jpg','image/jpeg','jpg',49493,'{\"width\":258,\"height\":258}','','/uploads/files/admin/20191216/0a46fd6fe38e1355a8ab2c432eb9b989.jpg','http://docker.0xiang.cn/uploads/files/admin/20191216/0a46fd6fe38e1355a8ab2c432eb9b989.jpg?type=ox','ox',0,1,'',50,0,1576476316,1576476316),(93,1,'176a4f60f2b21694c4183e07393eb626.png','image/png','png',2625,'{\"width\":138,\"height\":120}','','/uploads/files/admin/20191216/176a4f60f2b21694c4183e07393eb626.png','http://docker.0xiang.cn/uploads/files/admin/20191216/176a4f60f2b21694c4183e07393eb626.png?type=ox','ox',0,1,'',50,0,1576477467,1576477467),(99,1,'06ade8c092b2c6aec2d33100f3d4aed1.jpg','image/jpeg','jpg',160127,'{\"width\":1920,\"height\":507}','','/uploads/files/admin/20191216/06ade8c092b2c6aec2d33100f3d4aed1.jpg','http://docker.0xiang.cn/uploads/files/admin/20191216/06ade8c092b2c6aec2d33100f3d4aed1.jpg?type=ox','ox',0,1,'',50,0,1576480343,1576480343),(102,1,'b83e4b5df1dd2d2c28909d280429d08b.png','image/png','png',148789,'{\"width\":1920,\"height\":500}','','/uploads/files/admin/20191216/b83e4b5df1dd2d2c28909d280429d08b.png','http://docker.0xiang.cn/uploads/files/admin/20191216/b83e4b5df1dd2d2c28909d280429d08b.png?type=ox','ox',0,1,'',50,0,1576481951,1576481951),(104,1,'ba059b1475d764f6bfb194c6ff89580f.png','image/png','png',1606,'{\"width\":48,\"height\":24}','','/uploads/files/admin/20191216/ba059b1475d764f6bfb194c6ff89580f.png','http://docker.0xiang.cn/uploads/files/admin/20191216/ba059b1475d764f6bfb194c6ff89580f.png?type=ox','ox',0,1,'',50,0,1576486009,1576486009);

/*Table structure for table `ims_storage_style` */

DROP TABLE IF EXISTS `ims_storage_style`;

CREATE TABLE `ims_storage_style` (
  `storage_style_id` int(11) unsigned NOT NULL AUTO_INCREMENT,
  `name` varchar(64) CHARACTER SET utf8mb4 COLLATE utf8mb4_unicode_ci NOT NULL COMMENT '名称',
  `code` varchar(32) CHARACTER SET utf8mb4 COLLATE utf8mb4_unicode_ci NOT NULL COMMENT '编码',
  `platform` tinyint(3) NOT NULL COMMENT '平台(自定义)',
  `scale` varchar(255) CHARACTER SET utf8mb4 COLLATE utf8mb4_unicode_ci NOT NULL DEFAULT '' COMMENT '缩放规格',
  `resize` varchar(10) CHARACTER SET utf8mb4 COLLATE utf8mb4_unicode_ci NOT NULL DEFAULT '' COMMENT '缩放方式',
  `quality` tinyint(3) unsigned NOT NULL DEFAULT '0' COMMENT '图片质量',
  `suffix` varchar(8) CHARACTER SET utf8mb4 COLLATE utf8mb4_unicode_ci NOT NULL DEFAULT '' COMMENT '输出格式',
  `style` varchar(64) CHARACTER SET utf8mb4 COLLATE utf8mb4_unicode_ci NOT NULL DEFAULT '' COMMENT '第三方样式',
  `status` tinyint(1) NOT NULL DEFAULT '1' COMMENT '0=禁用 1=启用',
  PRIMARY KEY (`storage_style_id`) USING BTREE,
  KEY `code` (`code`),
  KEY `platform` (`platform`),
  KEY `status` (`status`)
) ENGINE=InnoDB AUTO_INCREMENT=12 DEFAULT CHARSET=utf8mb4 COLLATE=utf8mb4_unicode_ci COMMENT='资源样式';

/*Data for the table `ims_storage_style` */

insert  into `ims_storage_style`(`storage_style_id`,`name`,`code`,`platform`,`scale`,`resize`,`quality`,`suffix`,`style`,`status`) values (1,'正文内容图片','inside_content',0,'{\"pc\":{\"size\":[790,0],\"crop\":[0,0],\"slider\":0,\"order\":true},\"mobile\":{\"size\":[480,0],\"crop\":[0,0],\"slider\":0,\"order\":true}}','scaling',90,'','',1),(2,'文章列表封面','article_lists',0,'{\"pc\":{\"size\":[150,0],\"crop\":[0,0],\"slider\":0,\"order\":true},\"mobile\":{\"size\":[0,0],\"crop\":[0,0],\"slider\":0,\"order\":true}}','scaling',90,'','',1),(3,'资源管理列表','storage_lists',0,'{\"pc\":{\"size\":[158,158],\"crop\":[0,0],\"slider\":0,\"order\":true},\"mobile\":{\"size\":[0,0],\"crop\":[0,0],\"slider\":0,\"order\":true}}','scaling',90,'','',1),(4,'友情链接图片','link_image',0,'{\"pc\":{\"size\":[150,0],\"crop\":[0,0],\"slider\":0,\"order\":true},\"mobile\":{\"size\":[0,0],\"crop\":[0,0],\"slider\":0,\"order\":true}}','scaling',90,'','',1),(5,'用户头像上传','head_pic',0,'{\"pc\":{\"size\":[150,0],\"crop\":[0,0],\"slider\":0,\"order\":true},\"mobile\":{\"size\":[150,0],\"crop\":[0,0],\"slider\":0,\"order\":true}}','scaling',90,'','',1),(6,'商品分类图片','goods_category',0,'{\"pc\":{\"size\":[150,0],\"crop\":[0,0],\"slider\":0,\"order\":true},\"mobile\":{\"size\":[150,0],\"crop\":[0,0],\"slider\":0,\"order\":true}}','scaling',90,'','',1),(7,'商品品牌图片','goods_brand',0,'{\"pc\":{\"size\":[150,0],\"crop\":[0,0],\"slider\":0,\"order\":true},\"mobile\":{\"size\":[150,0],\"crop\":[0,0],\"slider\":0,\"order\":true}}','scaling',90,'','',1),(8,'商品属性图片','goods_attribute',0,'{\"pc\":{\"size\":[0,0],\"crop\":[0,0],\"slider\":0,\"order\":true},\"mobile\":{\"size\":[0,0],\"crop\":[0,0],\"slider\":0,\"order\":true}}','',90,'','',1),(9,'评价晒照片 40*40','comment_thumb_x40',0,'{\"pc\":{\"size\":[40,40],\"crop\":[0,0],\"slider\":0,\"order\":true},\"mobile\":{\"size\":[40,40],\"crop\":[0,0],\"slider\":0,\"order\":true}}','scaling',90,'','',1),(11,'商品缩略图 80*80','goods_image_x80',0,'{\"pc\":{\"size\":[80,80],\"crop\":[0,0],\"slider\":0,\"order\":true},\"mobile\":{\"size\":[80,80],\"crop\":[0,0],\"slider\":0,\"order\":true}}','scaling',90,'','',1);

/*Table structure for table `ims_token` */

DROP TABLE IF EXISTS `ims_token`;

CREATE TABLE `ims_token` (
  `token_id` int(11) unsigned NOT NULL AUTO_INCREMENT,
  `client_id` int(11) unsigned NOT NULL COMMENT '编号',
  `group_id` mediumint(8) unsigned NOT NULL COMMENT '用户组Id',
  `username` varchar(80) CHARACTER SET utf8mb4 COLLATE utf8mb4_unicode_ci NOT NULL COMMENT '账号',
  `client_type` tinyint(1) unsigned NOT NULL COMMENT '0=顾客 1=管理组',
  `platform` varchar(50) CHARACTER SET utf8mb4 COLLATE utf8mb4_unicode_ci NOT NULL COMMENT '来源平台',
  `code` varchar(32) CHARACTER SET utf8mb4 COLLATE utf8mb4_unicode_ci NOT NULL COMMENT '随机密钥',
  `token` varchar(32) CHARACTER SET utf8mb4 COLLATE utf8mb4_unicode_ci NOT NULL COMMENT '授权码',
  `token_expires` int(11) NOT NULL COMMENT '授权码过期时间',
  `refresh` varchar(32) CHARACTER SET utf8mb4 COLLATE utf8mb4_unicode_ci NOT NULL COMMENT '刷新授权码',
  `refresh_expires` int(11) NOT NULL COMMENT '刷新授权码过期时间',
  PRIMARY KEY (`token_id`),
  KEY `user_id` (`client_id`),
  KEY `admin_id` (`platform`),
  KEY `client_type` (`client_type`),
  KEY `token` (`token`)
) ENGINE=InnoDB AUTO_INCREMENT=1547 DEFAULT CHARSET=utf8mb4 COLLATE=utf8mb4_unicode_ci COMMENT='token';

/*Data for the table `ims_token` */

insert  into `ims_token`(`token_id`,`client_id`,`group_id`,`username`,`client_type`,`platform`,`code`,`token`,`token_expires`,`refresh`,`refresh_expires`) values (1435,52,1,'admin',1,'admin','862b92b7c4e08d40db05588581a45ae0','7a98ca6fb6c141030217dd1d01663ed6',1577069516,'29afd1a44ce95aaec4281adf020bcf7c',1577155916),(1463,61,1,'admin3',1,'admin','0d0f599018c2a2c0ab3d89c11cbe5d5c','2522ea6b501ad6a43ad1d8f143a1412e',1578124363,'01a376ad7d5d093451a5f2b4d02ec11a',1578210763),(1476,71,1,'admin15',1,'admin','44c351d88fda35e0131756c3ad5f3b6a','a2063469cfd740f673b0a68acdd1bfc2',1578445590,'33731ffcced5b0af610f4d3e3ed2695f',1578531990),(1521,64,1,'admin10',1,'admin','a84e70ee07ae59a1a90cdb9936565faf','4538e550931229321307f5623576c4c6',1578796956,'b52d67aa67b89a433a280178b280aa3c',1578883356),(1522,74,1,'admin21',1,'admin','947adf7d23806634e9b3f548066f7462','960b1471efdeba0e8747009cb0eeedfe',1578797254,'9b9fa2a09fed546a53119536ef175768',1578883654),(1523,78,1,'admin16',1,'admin','bf3c0e9a6eeb4b789a129f8fa5b1ec14','f3dca5b20c612b39fad74522716c5a90',1578797312,'a109b206c4e67efeae90f3219ce56dad',1578883712),(1524,76,1,'admin18',1,'admin','b5c76bd2e47688d5aa8d7a1d624795c2','ff2b3d6616661b8bc08a177a0e24007d',1578797539,'0ee701b27892ee60f6045d3fc8eba8ef',1578883939),(1526,67,1,'admin7',1,'admin','be6ba43b36a770d66af89f40369d882f','a553c77486a192d76141ab4539ba27fd',1578797916,'f56813cda19d75025a35c8650f675cc3',1578884316),(1529,75,1,'admin20',1,'admin','a5ae4161be446cc5278bfb968d6da718','34a617bb9f944be8c909f062ed9d49cb',1578815763,'adb828ef997d26f054c6c6762243505e',1578902163),(1531,66,1,'admin6',1,'admin','07f6d12525fb7d237a36b00f9aaa8b59','327753e04d07566e2f1581b90b40be04',1579049963,'a55685c51af4892b9ec289a3595b41f7',1579136363),(1535,83,25,'test',1,'admin','d56bc389fea27d0c642706320f01a5f7','40322bd14b30e2730ff61828e174fe15',1578882597,'03ecd29d9fa65b19a3f7ac2103a2bae1',1578968997),(1536,58,1,'admin1',1,'admin','2c3fbcc68ca92e07bf8795cbb83ece73','fa2848e72626262dd0c21a345b83bb38',1578816701,'9ab550de650b67e4d9a9269186d8ddef',1578903101),(1539,72,1,'admin14',1,'admin','84804d81f6b6a044848301a0dbe349dc','93520cd0ea8eb20c4ee036949a7b8940',1578821699,'7b899f98ae4d5be061879b44ba44d833',1578908099),(1544,63,1,'admin11',1,'admin','fc470cb6e59ed3b2129bdc522184ba6a','f446474014171bec0a200f2f45d1d27e',1579050875,'71aa731c21110ec873748a2576e487ea',1579137275),(1545,69,1,'admin12',1,'admin','fba471fc538107ee18fa22cce7ae57fe','c0aa0f767a7c6ea2c4b7f04618d8cc0e',1579058077,'ff59d7e01c29d8264bb541ea8e4b5081',1579144477),(1546,57,1,'admin',1,'admin','557cae181fd109b3c18fb5300c82de5c','1331120301bab30e6ab1485c492aa226',1579081028,'afc8cad243e4995e5f7dec2eb2cf8478',1579167428);

/*Table structure for table `ims_transaction` */

DROP TABLE IF EXISTS `ims_transaction`;

CREATE TABLE `ims_transaction` (
  `transaction_id` int(11) unsigned NOT NULL AUTO_INCREMENT,
  `user_id` int(11) unsigned DEFAULT '0' COMMENT '对应user表',
  `action` varchar(80) CHARACTER SET utf8mb4 COLLATE utf8mb4_unicode_ci NOT NULL DEFAULT '' COMMENT '操作者',
  `type` tinyint(1) NOT NULL COMMENT '0=收入 1=支出',
  `amount` decimal(10,2) NOT NULL COMMENT '交易金额',
  `balance` decimal(10,2) NOT NULL COMMENT '剩余余额',
  `source_no` varchar(100) CHARACTER SET utf8mb4 COLLATE utf8mb4_unicode_ci NOT NULL DEFAULT '' COMMENT '来源订单号',
  `remark` varchar(255) CHARACTER SET utf8mb4 COLLATE utf8mb4_unicode_ci NOT NULL DEFAULT '' COMMENT '备注',
  `cause` varchar(255) CHARACTER SET utf8mb4 COLLATE utf8mb4_unicode_ci NOT NULL DEFAULT '' COMMENT '原因',
  `module` varchar(30) CHARACTER SET utf8mb4 COLLATE utf8mb4_unicode_ci NOT NULL COMMENT 'points=积分 money=余额 card=购物卡',
  `to_payment` tinyint(1) NOT NULL COMMENT '支付方式',
  `card_number` varchar(16) CHARACTER SET utf8mb4 COLLATE utf8mb4_unicode_ci NOT NULL DEFAULT '' COMMENT '购物卡卡号',
  `create_time` int(11) NOT NULL DEFAULT '0' COMMENT '创建日期',
  PRIMARY KEY (`transaction_id`),
  KEY `user_id` (`user_id`),
  KEY `type` (`type`),
  KEY `order_no` (`source_no`),
  KEY `module` (`module`),
  KEY `create_time` (`create_time`),
  KEY `card_number` (`card_number`)
) ENGINE=InnoDB AUTO_INCREMENT=278 DEFAULT CHARSET=utf8mb4 COLLATE=utf8mb4_unicode_ci COMMENT='交易结算日志';

/*Data for the table `ims_transaction` */

insert  into `ims_transaction`(`transaction_id`,`user_id`,`action`,`type`,`amount`,`balance`,`source_no`,`remark`,`cause`,`module`,`to_payment`,`card_number`,`create_time`) values (1,5,'Carey',0,'694.89','101682.60','PO_I1049550470892680001','取消订单','','money',0,'',1515050273),(2,1,'Carey',0,'1001.00','22258382.00','PO_I1049550470892680001','取消订单','','points',0,'',1515050273),(3,1,'Carey',0,'780.00','31367.01','PO_I1049550470892680001','取消订单','','card',5,'9971564621172962',1515050273),(4,1,'Carey',0,'100.00','22258482.00','PO_I1049550470892670001','赠送积分','','points',0,'',1515050273),(5,1,'Carey',0,'694.89','101682.60','PO_I1049550470892680001','取消订单','','money',0,'',1515050273),(6,1,'Carey',0,'1001.00','22258382.00','PO_I1049550470892680001','取消订单','','points',0,'',1515050273),(7,1,'Carey',0,'780.00','31367.01','PO_I1049550470892680001','取消订单','','card',5,'9971564621172962',1515050273),(8,1,'Carey',0,'100.00','22258482.00','PO_I1049550470892670001','赠送积分','','points',0,'',1515050273),(9,1,'Carey',0,'694.89','101682.60','PO_I1049550470892680001','取消订单','','money',0,'',1515050273),(10,1,'Carey',0,'1001.00','22258382.00','PO_I1049550470892680001','取消订单','','points',0,'',1515050273),(11,1,'Carey',0,'780.00','31367.01','PO_I1049550470892680001','取消订单','','card',5,'9971564621172962',1515050273),(12,1,'Carey',0,'100.00','22258482.00','PO_I1049550470892670001','赠送积分','','points',0,'',1515050273),(13,1,'Carey',0,'694.89','101682.60','PO_I1049550470892680001','取消订单','','money',0,'',1515050273),(14,1,'Carey',0,'1001.00','22258382.00','PO_I1049550470892680001','取消订单','','points',0,'',1515050273),(15,1,'Carey',0,'780.00','31367.01','PO_I1049550470892680001','取消订单','','card',5,'9971564621172962',1515050273),(16,1,'Carey',0,'100.00','22258482.00','PO_I1049550470892670001','赠送积分','','points',0,'',1515050273),(17,1,'Carey',0,'694.89','101682.60','PO_I1049550470892680001','取消订单','','money',0,'',1515050273),(18,1,'Carey',0,'1001.00','22258382.00','PO_I1049550470892680001','取消订单','','points',0,'',1515050273),(19,1,'Carey',0,'780.00','31367.01','PO_I1049550470892680001','取消订单','','card',5,'9971564621172962',1515050273),(20,1,'Carey',0,'100.00','22258482.00','PO_I1049550470892670001','赠送积分','','points',0,'',1515050273),(21,1,'Carey',0,'694.89','101682.60','PO_I1049550470892680001','取消订单','','money',0,'',1515050273),(22,1,'Carey',0,'1001.00','22258382.00','PO_I1049550470892680001','取消订单','','points',0,'',1515050273),(23,1,'Carey',0,'780.00','31367.01','PO_I1049550470892680001','取消订单','','card',5,'9971564621172962',1515050273),(24,1,'Carey',0,'100.00','22258482.00','PO_I1049550470892670001','赠送积分','','points',0,'',1515050273),(25,1,'Carey',0,'694.89','101682.60','PO_I1049550470892680001','取消订单','','money',0,'',1515050273),(26,1,'Carey',0,'1001.00','22258382.00','PO_I1049550470892680001','取消订单','','points',0,'',1515050273),(27,1,'Carey',0,'780.00','31367.01','PO_I1049550470892680001','取消订单','','card',5,'9971564621172962',1515050273),(28,1,'Carey',0,'100.00','22258482.00','PO_I1049550470892670001','赠送积分','','points',0,'',1515050273),(29,1,'Carey',0,'694.89','101682.60','PO_I1049550470892680001','取消订单','','money',0,'',1515050273),(30,1,'Carey',0,'1001.00','22258382.00','PO_I1049550470892680001','取消订单','','points',0,'',1515050273),(31,1,'Carey',0,'780.00','31367.01','PO_I1049550470892680001','取消订单','','card',5,'9971564621172962',1515050273),(32,1,'Carey',0,'100.00','22258482.00','PO_I1049550470892670001','赠送积分','','points',0,'',1515050273),(33,1,'Carey',0,'694.89','101682.60','PO_I1049550470892680001','取消订单','','money',0,'',1515050273),(34,1,'Carey',0,'1001.00','22258382.00','PO_I1049550470892680001','取消订单','','points',0,'',1515050273),(35,1,'Carey',0,'780.00','31367.01','PO_I1049550470892680001','取消订单','','card',5,'9971564621172962',1515050273),(36,1,'Carey',0,'100.00','22258482.00','PO_I1049550470892670001','赠送积分','','points',0,'',1515050273),(37,1,'Carey',0,'694.89','101682.60','PO_I1049550470892680001','取消订单','','money',0,'',1515050273),(38,1,'Carey',0,'1001.00','22258382.00','PO_I1049550470892680001','取消订单','','points',0,'',1515050273),(39,1,'Carey',0,'780.00','31367.01','PO_I1049550470892680001','取消订单','','card',5,'9971564621172962',1515050273),(40,1,'Carey',0,'100.00','22258482.00','PO_I1049550470892670001','赠送积分','','points',0,'',1515050273),(41,1,'Carey',0,'694.89','101682.60','PO_I1049550470892680001','取消订单','','money',0,'',1515050273),(42,1,'Carey',0,'1001.00','22258382.00','PO_I1049550470892680001','取消订单','','points',0,'',1515050273),(43,1,'Carey',0,'780.00','31367.01','PO_I1049550470892680001','取消订单','','card',5,'9971564621172962',1515050273),(44,1,'Carey',0,'100.00','22258482.00','PO_I1049550470892670001','赠送积分','','points',0,'',1515050273),(45,1,'Carey',0,'694.89','101682.60','PO_I1049550470892680001','取消订单','','money',0,'',1515050273),(46,1,'Carey',0,'1001.00','22258382.00','PO_I1049550470892680001','取消订单','','points',0,'',1515050273),(47,1,'Carey',0,'780.00','31367.01','PO_I1049550470892680001','取消订单','','card',5,'9971564621172962',1515050273),(48,1,'Carey',0,'100.00','22258482.00','PO_I1049550470892670001','赠送积分','','points',0,'',1515050273),(49,1,'Carey',0,'694.89','101682.60','PO_I1049550470892680001','取消订单','','money',0,'',1515050273),(50,1,'Carey',0,'1001.00','22258382.00','PO_I1049550470892680001','取消订单','','points',0,'',1515050273),(51,1,'Carey',0,'780.00','31367.01','PO_I1049550470892680001','取消订单','','card',5,'9971564621172962',1515050273),(52,1,'Carey',0,'100.00','22258482.00','PO_I1049550470892670001','赠送积分','','points',0,'',1515050273),(53,1,'Carey',0,'694.89','101682.60','PO_I1049550470892680001','取消订单','','money',0,'',1515050273),(54,1,'Carey',0,'1001.00','22258382.00','PO_I1049550470892680001','取消订单','','points',0,'',1515050273),(55,1,'Carey',0,'780.00','31367.01','PO_I1049550470892680001','取消订单','','card',5,'9971564621172962',1515050273),(56,1,'Carey',0,'100.00','22258482.00','PO_I1049550470892670001','赠送积分','','points',0,'',1515050273),(57,1,'Carey',0,'694.89','101682.60','PO_I1049550470892680001','取消订单','','money',0,'',1515050273),(58,1,'Carey',0,'1001.00','22258382.00','PO_I1049550470892680001','取消订单','','points',0,'',1515050273),(59,1,'Carey',0,'780.00','31367.01','PO_I1049550470892680001','取消订单','','card',5,'9971564621172962',1515050273),(60,1,'Carey',0,'100.00','22258482.00','PO_I1049550470892670001','赠送积分','','points',0,'',1515050273),(61,1,'Carey',0,'694.89','101682.60','PO_I1049550470892680001','取消订单','','money',0,'',1515050273),(62,1,'Carey',0,'1001.00','22258382.00','PO_I1049550470892680001','取消订单','','points',0,'',1515050273),(63,1,'Carey',0,'780.00','31367.01','PO_I1049550470892680001','取消订单','','card',5,'9971564621172962',1515050273),(64,1,'Carey',0,'100.00','22258482.00','PO_I1049550470892670001','赠送积分','','points',0,'',1515050273),(65,1,'Carey',0,'694.89','101682.60','PO_I1049550470892680001','取消订单','','money',0,'',1515050273),(66,1,'Carey',0,'1001.00','22258382.00','PO_I1049550470892680001','取消订单','','points',0,'',1515050273),(67,1,'Carey',0,'780.00','31367.01','PO_I1049550470892680001','取消订单','','card',5,'9971564621172962',1515050273),(68,1,'Carey',0,'100.00','22258482.00','PO_I1049550470892670001','赠送积分','','points',0,'',1515050273),(69,1,'Carey',0,'694.89','101682.60','PO_I1049550470892680001','取消订单','','money',0,'',1515050273),(70,1,'Carey',0,'1001.00','22258382.00','PO_I1049550470892680001','取消订单','','points',0,'',1515050273),(71,1,'Carey',0,'780.00','31367.01','PO_I1049550470892680001','取消订单','','card',5,'9971564621172962',1515050273),(72,1,'Carey',0,'100.00','22258482.00','PO_I1049550470892670001','赠送积分','','points',0,'',1515050273),(73,1,'Carey',0,'694.89','101682.60','PO_I1049550470892680001','取消订单','','money',0,'',1515050273),(74,1,'Carey',0,'1001.00','22258382.00','PO_I1049550470892680001','取消订单','','points',0,'',1515050273),(75,1,'Carey',0,'780.00','31367.01','PO_I1049550470892680001','取消订单','','card',5,'9971564621172962',1515050273),(76,1,'Carey',0,'100.00','22258482.00','PO_I1049550470892670001','赠送积分','','points',0,'',1515050273),(77,1,'Carey',0,'694.89','101682.60','PO_I1049550470892680001','取消订单','','money',0,'',1515050273),(78,1,'Carey',0,'1001.00','22258382.00','PO_I1049550470892680001','取消订单','','points',0,'',1515050273),(79,1,'Carey',0,'780.00','31367.01','PO_I1049550470892680001','取消订单','','card',5,'9971564621172962',1515050273),(80,1,'Carey',0,'100.00','22258482.00','PO_I1049550470892670001','赠送积分','','points',0,'',1515050273),(81,1,'Carey',0,'694.89','101682.60','PO_I1049550470892680001','取消订单','','money',0,'',1515050273),(82,1,'Carey',0,'1001.00','22258382.00','PO_I1049550470892680001','取消订单','','points',0,'',1515050273),(83,1,'Carey',0,'780.00','31367.01','PO_I1049550470892680001','取消订单','','card',5,'9971564621172962',1515050273),(84,1,'Carey',0,'100.00','22258482.00','PO_I1049550470892670001','赠送积分','','points',0,'',1515050273),(85,1,'Carey',0,'694.89','101682.60','PO_I1049550470892680001','取消订单','','money',0,'',1515050273),(86,1,'Carey',0,'1001.00','22258382.00','PO_I1049550470892680001','取消订单','','points',0,'',1515050273),(87,1,'Carey',0,'780.00','31367.01','PO_I1049550470892680001','取消订单','','card',5,'9971564621172962',1515050273),(88,1,'Carey',0,'100.00','22258482.00','PO_I1049550470892670001','赠送积分','','points',0,'',1515050273),(89,1,'Carey',0,'694.89','101682.60','PO_I1049550470892680001','取消订单','','money',0,'',1515050273),(90,1,'Carey',0,'1001.00','22258382.00','PO_I1049550470892680001','取消订单','','points',0,'',1515050273),(91,1,'Carey',0,'780.00','31367.01','PO_I1049550470892680001','取消订单','','card',5,'9971564621172962',1515050273),(92,1,'Carey',0,'100.00','22258482.00','PO_I1049550470892670001','赠送积分','','points',0,'',1515050273),(93,1,'Carey',0,'694.89','101682.60','PO_I1049550470892680001','取消订单','','money',0,'',1515050273),(94,1,'Carey',0,'1001.00','22258382.00','PO_I1049550470892680001','取消订单','','points',0,'',1515050273),(95,1,'Carey',0,'780.00','31367.01','PO_I1049550470892680001','取消订单','','card',5,'9971564621172962',1515050273),(96,1,'Carey',0,'100.00','22258482.00','PO_I1049550470892670001','赠送积分','','points',0,'',1515050273),(97,1,'Carey',0,'694.89','101682.60','PO_I1049550470892680001','取消订单','','money',0,'',1515050273),(98,1,'Carey',0,'1001.00','22258382.00','PO_I1049550470892680001','取消订单','','points',0,'',1515050273),(99,1,'Carey',0,'780.00','31367.01','PO_I1049550470892680001','取消订单','','card',5,'9971564621172962',1515050273),(100,1,'Carey',0,'100.00','22258482.00','PO_I1049550470892670001','赠送积分','','points',0,'',1515050273),(101,1,'Carey',0,'694.89','101682.60','PO_I1049550470892680001','取消订单','','money',0,'',1515050273),(102,1,'Carey',0,'1001.00','22258382.00','PO_I1049550470892680001','取消订单','','points',0,'',1515050273),(103,1,'Carey',0,'780.00','31367.01','PO_I1049550470892680001','取消订单','','card',5,'9971564621172962',1515050273),(104,1,'Carey',0,'100.00','22258482.00','PO_I1049550470892670001','赠送积分','','points',0,'',1515050273),(105,1,'Carey',0,'694.89','101682.60','PO_I1049550470892680001','取消订单','','money',0,'',1515050273),(106,1,'Carey',0,'1001.00','22258382.00','PO_I1049550470892680001','取消订单','','points',0,'',1515050273),(107,1,'Carey',0,'780.00','31367.01','PO_I1049550470892680001','取消订单','','card',5,'9971564621172962',1515050273),(108,1,'Carey',0,'100.00','22258482.00','PO_I1049550470892670001','赠送积分','','points',0,'',1515050273),(109,1,'Carey',0,'694.89','101682.60','PO_I1049550470892680001','取消订单','','money',0,'',1515050273),(110,1,'Carey',0,'1001.00','22258382.00','PO_I1049550470892680001','取消订单','','points',0,'',1515050273),(111,1,'Carey',0,'780.00','31367.01','PO_I1049550470892680001','取消订单','','card',5,'9971564621172962',1515050273),(112,1,'Carey',0,'100.00','22258482.00','PO_I1049550470892670001','赠送积分','','points',0,'',1515050273),(113,1,'Carey',0,'694.89','101682.60','PO_I1049550470892680001','取消订单','','money',0,'',1515050273),(114,1,'Carey',0,'1001.00','22258382.00','PO_I1049550470892680001','取消订单','','points',0,'',1515050273),(115,1,'Carey',0,'780.00','31367.01','PO_I1049550470892680001','取消订单','','card',5,'9971564621172962',1515050273),(116,1,'Carey',0,'100.00','22258482.00','PO_I1049550470892670001','赠送积分','','points',0,'',1515050273),(117,1,'Carey',0,'694.89','101682.60','PO_I1049550470892680001','取消订单','','money',0,'',1515050273),(118,1,'Carey',0,'1001.00','22258382.00','PO_I1049550470892680001','取消订单','','points',0,'',1515050273),(119,1,'Carey',0,'780.00','31367.01','PO_I1049550470892680001','取消订单','','card',5,'9971564621172962',1515050273),(120,1,'Carey',0,'100.00','22258482.00','PO_I1049550470892670001','赠送积分','','points',0,'',1515050273),(121,1,'Carey',0,'694.89','101682.60','PO_I1049550470892680001','取消订单','','money',0,'',1515050273),(122,1,'Carey',0,'1001.00','22258382.00','PO_I1049550470892680001','取消订单','','points',0,'',1515050273),(123,1,'Carey',0,'780.00','31367.01','PO_I1049550470892680001','取消订单','','card',5,'9971564621172962',1515050273),(124,1,'Carey',0,'100.00','22258482.00','PO_I1049550470892670001','赠送积分','','points',0,'',1515050273),(125,1,'Carey',0,'694.89','101682.60','PO_I1049550470892680001','取消订单','','money',0,'',1515050273),(126,1,'Carey',0,'1001.00','22258382.00','PO_I1049550470892680001','取消订单','','points',0,'',1515050273),(127,1,'Carey',0,'780.00','31367.01','PO_I1049550470892680001','取消订单','','card',5,'9971564621172962',1515050273),(128,1,'Carey',0,'100.00','22258482.00','PO_I1049550470892670001','赠送积分','','points',0,'',1515050273),(129,1,'Carey',0,'694.89','101682.60','PO_I1049550470892680001','取消订单','','money',0,'',1515050273),(130,1,'Carey',0,'1001.00','22258382.00','PO_I1049550470892680001','取消订单','','points',0,'',1515050273),(131,1,'Carey',0,'780.00','31367.01','PO_I1049550470892680001','取消订单','','card',5,'9971564621172962',1515050273),(132,1,'Carey',0,'100.00','22258482.00','PO_I1049550470892670001','赠送积分','','points',0,'',1515050273),(133,1,'Carey',0,'694.89','101682.60','PO_I1049550470892680001','取消订单','','money',0,'',1515050273),(134,1,'Carey',0,'1001.00','22258382.00','PO_I1049550470892680001','取消订单','','points',0,'',1515050273),(135,1,'Carey',0,'780.00','31367.01','PO_I1049550470892680001','取消订单','','card',5,'9971564621172962',1515050273),(136,1,'Carey',0,'100.00','22258482.00','PO_I1049550470892670001','赠送积分','','points',0,'',1515050273),(137,1,'Carey',0,'694.89','101682.60','PO_I1049550470892680001','取消订单','','money',0,'',1515050273),(138,1,'Carey',0,'1001.00','22258382.00','PO_I1049550470892680001','取消订单','','points',0,'',1515050273),(139,1,'Carey',0,'780.00','31367.01','PO_I1049550470892680001','取消订单','','card',5,'9971564621172962',1515050273),(140,1,'Carey',0,'100.00','22258482.00','PO_I1049550470892670001','赠送积分','','points',0,'',1515050273),(141,1,'Carey',0,'694.89','101682.60','PO_I1049550470892680001','取消订单','','money',0,'',1515050273),(142,1,'Carey',0,'1001.00','22258382.00','PO_I1049550470892680001','取消订单','','points',0,'',1515050273),(143,1,'Carey',0,'780.00','31367.01','PO_I1049550470892680001','取消订单','','card',5,'9971564621172962',1515050273),(144,1,'Carey',0,'100.00','22258482.00','PO_I1049550470892670001','赠送积分','','points',0,'',1515050273),(145,1,'Carey',0,'694.89','101682.60','PO_I1049550470892680001','取消订单','','money',0,'',1515050273),(146,1,'Carey',0,'1001.00','22258382.00','PO_I1049550470892680001','取消订单','','points',0,'',1515050273),(147,1,'Carey',0,'780.00','31367.01','PO_I1049550470892680001','取消订单','','card',5,'9971564621172962',1515050273),(148,1,'Carey',0,'100.00','22258482.00','PO_I1049550470892670001','赠送积分','','points',0,'',1515050273),(149,1,'Carey',0,'694.89','101682.60','PO_I1049550470892680001','取消订单','','money',0,'',1515050273),(150,1,'Carey',0,'1001.00','22258382.00','PO_I1049550470892680001','取消订单','','points',0,'',1515050273),(151,1,'Carey',0,'780.00','31367.01','PO_I1049550470892680001','取消订单','','card',5,'9971564621172962',1515050273),(152,1,'Carey',0,'100.00','22258482.00','PO_I1049550470892670001','赠送积分','','points',0,'',1515050273),(153,1,'Carey',0,'694.89','101682.60','PO_I1049550470892680001','取消订单','','money',0,'',1515050273),(154,1,'Carey',0,'1001.00','22258382.00','PO_I1049550470892680001','取消订单','','points',0,'',1515050273),(155,1,'Carey',0,'780.00','31367.01','PO_I1049550470892680001','取消订单','','card',5,'9971564621172962',1515050273),(156,1,'Carey',0,'100.00','22258482.00','PO_I1049550470892670001','赠送积分','','points',0,'',1515050273),(157,1,'Carey',0,'694.89','101682.60','PO_I1049550470892680001','取消订单','','money',0,'',1515050273),(158,1,'Carey',0,'1001.00','22258382.00','PO_I1049550470892680001','取消订单','','points',0,'',1515050273),(159,1,'Carey',0,'780.00','31367.01','PO_I1049550470892680001','取消订单','','card',5,'9971564621172962',1515050273),(160,1,'Carey',0,'100.00','22258482.00','PO_I1049550470892670001','赠送积分','','points',0,'',1515050273),(161,1,'Carey',0,'694.89','101682.60','PO_I1049550470892680001','取消订单','','money',0,'',1515050273),(162,1,'Carey',0,'1001.00','22258382.00','PO_I1049550470892680001','取消订单','','points',0,'',1515050273),(163,1,'Carey',0,'780.00','31367.01','PO_I1049550470892680001','取消订单','','card',5,'9971564621172962',1515050273),(164,1,'Carey',0,'100.00','22258482.00','PO_I1049550470892670001','赠送积分','','points',0,'',1515050273),(165,1,'Carey',0,'694.89','101682.60','PO_I1049550470892680001','取消订单','','money',0,'',1515050273),(166,1,'Carey',0,'1001.00','22258382.00','PO_I1049550470892680001','取消订单','','points',0,'',1515050273),(167,1,'Carey',0,'780.00','31367.01','PO_I1049550470892680001','取消订单','','card',5,'9971564621172962',1515050273),(168,1,'Carey',0,'100.00','22258482.00','PO_I1049550470892670001','赠送积分','','points',0,'',1515050273),(169,1,'Carey',0,'694.89','101682.60','PO_I1049550470892680001','取消订单','','money',0,'',1515050273),(170,1,'Carey',0,'1001.00','22258382.00','PO_I1049550470892680001','取消订单','','points',0,'',1515050273),(171,1,'Carey',0,'780.00','31367.01','PO_I1049550470892680001','取消订单','','card',5,'9971564621172962',1515050273),(172,1,'Carey',0,'100.00','22258482.00','PO_I1049550470892670001','赠送积分','','points',0,'',1515050273),(173,1,'Carey',0,'694.89','101682.60','PO_I1049550470892680001','取消订单','','money',0,'',1515050273),(174,1,'Carey',0,'1001.00','22258382.00','PO_I1049550470892680001','取消订单','','points',0,'',1515050273),(175,1,'Carey',0,'780.00','31367.01','PO_I1049550470892680001','取消订单','','card',5,'9971564621172962',1515050273),(176,1,'Carey',0,'100.00','22258482.00','PO_I1049550470892670001','赠送积分','','points',0,'',1515050273),(177,1,'Carey',0,'694.89','101682.60','PO_I1049550470892680001','取消订单','','money',0,'',1515050273),(178,1,'Carey',0,'1001.00','22258382.00','PO_I1049550470892680001','取消订单','','points',0,'',1515050273),(179,1,'Carey',0,'780.00','31367.01','PO_I1049550470892680001','取消订单','','card',5,'9971564621172962',1515050273),(180,1,'Carey',0,'100.00','22258482.00','PO_I1049550470892670001','赠送积分','','points',0,'',1515050273),(181,1,'Carey',0,'694.89','101682.60','PO_I1049550470892680001','取消订单','','money',0,'',1515050273),(182,1,'Carey',0,'1001.00','22258382.00','PO_I1049550470892680001','取消订单','','points',0,'',1515050273),(183,1,'Carey',0,'780.00','31367.01','PO_I1049550470892680001','取消订单','','card',5,'9971564621172962',1515050273),(184,1,'Carey',0,'100.00','22258482.00','PO_I1049550470892670001','赠送积分','','points',0,'',1515050273),(185,1,'Carey',0,'694.89','101682.60','PO_I1049550470892680001','取消订单','','money',0,'',1515050273),(186,1,'Carey',0,'1001.00','22258382.00','PO_I1049550470892680001','取消订单','','points',0,'',1515050273),(187,1,'Carey',0,'780.00','31367.01','PO_I1049550470892680001','取消订单','','card',5,'9971564621172962',1515050273),(188,1,'Carey',0,'100.00','22258482.00','PO_I1049550470892670001','赠送积分','','points',0,'',1515050273),(189,1,'Carey',0,'694.89','101682.60','PO_I1049550470892680001','取消订单','','money',0,'',1515050273),(190,1,'Carey',0,'1001.00','22258382.00','PO_I1049550470892680001','取消订单','','points',0,'',1515050273),(191,1,'Carey',0,'780.00','31367.01','PO_I1049550470892680001','取消订单','','card',5,'9971564621172962',1515050273),(192,1,'Carey',0,'100.00','22258482.00','PO_I1049550470892670001','赠送积分','','points',0,'',1515050273),(193,1,'Carey',0,'694.89','101682.60','PO_I1049550470892680001','取消订单','','money',0,'',1515050273),(194,1,'Carey',0,'1001.00','22258382.00','PO_I1049550470892680001','取消订单','','points',0,'',1515050273),(195,1,'Carey',0,'780.00','31367.01','PO_I1049550470892680001','取消订单','','card',5,'9971564621172962',1515050273),(196,1,'Carey',0,'100.00','22258482.00','PO_I1049550470892670001','赠送积分','','points',0,'',1515050273),(197,1,'Carey',0,'694.89','101682.60','PO_I1049550470892680001','取消订单','','money',0,'',1515050273),(198,1,'Carey',0,'1001.00','22258382.00','PO_I1049550470892680001','取消订单','','points',0,'',1515050273),(199,1,'Carey',0,'780.00','31367.01','PO_I1049550470892680001','取消订单','','card',5,'9971564621172962',1515050273),(200,1,'Carey',0,'100.00','22258482.00','PO_I1049550470892670001','赠送积分','','points',0,'',1515050273),(201,1,'Carey',0,'694.89','101682.60','PO_I1049550470892680001','取消订单','','money',0,'',1515050273),(202,1,'Carey',0,'1001.00','22258382.00','PO_I1049550470892680001','取消订单','','points',0,'',1515050273),(203,1,'Carey',0,'780.00','31367.01','PO_I1049550470892680001','取消订单','','card',5,'9971564621172962',1515050273),(204,1,'Carey',0,'100.00','22258482.00','PO_I1049550470892670001','赠送积分','','points',0,'',1515050273),(205,1,'Carey',0,'694.89','101682.60','PO_I1049550470892680001','取消订单','','money',0,'',1515050273),(206,1,'Carey',0,'1001.00','22258382.00','PO_I1049550470892680001','取消订单','','points',0,'',1515050273),(207,1,'Carey',0,'780.00','31367.01','PO_I1049550470892680001','取消订单','','card',5,'9971564621172962',1515050273),(208,1,'Carey',0,'100.00','22258482.00','PO_I1049550470892670001','赠送积分','','points',0,'',1515050273),(209,1,'Carey',0,'694.89','101682.60','PO_I1049550470892680001','取消订单','','money',0,'',1515050273),(210,1,'Carey',0,'1001.00','22258382.00','PO_I1049550470892680001','取消订单','','points',0,'',1515050273),(211,1,'Carey',0,'780.00','31367.01','PO_I1049550470892680001','取消订单','','card',5,'9971564621172962',1515050273),(212,1,'Carey',0,'100.00','22258482.00','PO_I1049550470892670001','赠送积分','','points',0,'',1515050273),(213,1,'Carey',0,'694.89','101682.60','PO_I1049550470892680001','取消订单','','money',0,'',1515050273),(214,1,'Carey',0,'1001.00','22258382.00','PO_I1049550470892680001','取消订单','','points',0,'',1515050273),(215,1,'Carey',0,'780.00','31367.01','PO_I1049550470892680001','取消订单','','card',5,'9971564621172962',1515050273),(216,1,'Carey',0,'100.00','22258482.00','PO_I1049550470892670001','赠送积分','','points',0,'',1515050273),(217,1,'Carey',0,'694.89','101682.60','PO_I1049550470892680001','取消订单','','money',0,'',1515050273),(218,1,'Carey',0,'1001.00','22258382.00','PO_I1049550470892680001','取消订单','','points',0,'',1515050273),(219,1,'Carey',0,'780.00','31367.01','PO_I1049550470892680001','取消订单','','card',5,'9971564621172962',1515050273),(220,1,'Carey',0,'100.00','22258482.00','PO_I1049550470892670001','赠送积分','','points',0,'',1515050273),(221,1,'Carey',0,'694.89','101682.60','PO_I1049550470892680001','取消订单','','money',0,'',1515050273),(222,1,'Carey',0,'1001.00','22258382.00','PO_I1049550470892680001','取消订单','','points',0,'',1515050273),(223,1,'Carey',0,'780.00','31367.01','PO_I1049550470892680001','取消订单','','card',5,'9971564621172962',1515050273),(224,1,'Carey',0,'100.00','22258482.00','PO_I1049550470892670001','赠送积分','','points',0,'',1515050273),(225,1,'Carey',0,'694.89','101682.60','PO_I1049550470892680001','取消订单','','money',0,'',1515050273),(226,1,'Carey',0,'1001.00','22258382.00','PO_I1049550470892680001','取消订单','','points',0,'',1515050273),(227,1,'Carey',0,'780.00','31367.01','PO_I1049550470892680001','取消订单','','card',5,'9971564621172962',1515050273),(228,1,'Carey',0,'100.00','22258482.00','PO_I1049550470892670001','赠送积分','','points',0,'',1515050273),(229,1,'Carey',0,'694.89','101682.60','PO_I1049550470892680001','取消订单','','money',0,'',1515050273),(230,1,'Carey',0,'1001.00','22258382.00','PO_I1049550470892680001','取消订单','','points',0,'',1515050273),(231,1,'Carey',0,'780.00','31367.01','PO_I1049550470892680001','取消订单','','card',5,'9971564621172962',1515050273),(232,1,'Carey',0,'100.00','22258482.00','PO_I1049550470892670001','赠送积分','','points',0,'',1515050273),(233,1,'Carey',0,'694.89','101682.60','PO_I1049550470892680001','取消订单','','money',0,'',1515050273),(234,1,'Carey',0,'1001.00','22258382.00','PO_I1049550470892680001','取消订单','','points',0,'',1515050273),(235,1,'Carey',0,'780.00','31367.01','PO_I1049550470892680001','取消订单','','card',5,'9971564621172962',1515050273),(236,1,'Carey',0,'100.00','22258482.00','PO_I1049550470892670001','赠送积分','','points',0,'',1515050273),(237,1,'Carey',0,'694.89','101682.60','PO_I1049550470892680001','取消订单','','money',0,'',1515050273),(238,1,'Carey',0,'1001.00','22258382.00','PO_I1049550470892680001','取消订单','','points',0,'',1515050273),(239,1,'Carey',0,'780.00','31367.01','PO_I1049550470892680001','取消订单','','card',5,'9971564621172962',1515050273),(240,1,'Carey',0,'100.00','22258482.00','PO_I1049550470892670001','赠送积分','','points',0,'',1515050273),(241,1,'Carey',0,'694.89','101682.60','PO_I1049550470892680001','取消订单','','money',0,'',1515050273),(242,1,'Carey',0,'1001.00','22258382.00','PO_I1049550470892680001','取消订单','','points',0,'',1515050273),(243,1,'Carey',0,'780.00','31367.01','PO_I1049550470892680001','取消订单','','card',5,'9971564621172962',1515050273),(244,1,'Carey',0,'100.00','22258482.00','PO_I1049550470892670001','赠送积分','','points',0,'',1515050273),(245,1,'Carey',0,'694.89','101682.60','PO_I1049550470892680001','取消订单','','money',0,'',1515050273),(246,1,'Carey',0,'1001.00','22258382.00','PO_I1049550470892680001','取消订单','','points',0,'',1515050273),(247,1,'Carey',0,'780.00','31367.01','PO_I1049550470892680001','取消订单','','card',5,'9971564621172962',1515050273),(248,1,'Carey',0,'100.00','22258482.00','PO_I1049550470892670001','赠送积分','','points',0,'',1515050273),(249,1,'Carey',0,'694.89','101682.60','PO_I1049550470892680001','取消订单','','money',0,'',1515050273),(250,1,'Carey',0,'1001.00','22258382.00','PO_I1049550470892680001','取消订单','','points',0,'',1515050273),(251,1,'Carey',0,'780.00','31367.01','PO_I1049550470892680001','取消订单','','card',5,'9971564621172962',1515050273),(252,1,'Carey',0,'100.00','22258482.00','PO_I1049550470892670001','赠送积分','','points',0,'',1515050273),(253,1,'Carey',0,'694.89','101682.60','PO_I1049550470892680001','取消订单','','money',0,'',1515050273),(254,1,'Carey',0,'1001.00','22258382.00','PO_I1049550470892680001','取消订单','','points',0,'',1515050273),(255,1,'Carey',0,'780.00','31367.01','PO_I1049550470892680001','取消订单','','card',5,'9971564621172962',1515050273),(256,1,'Carey',0,'100.00','22258482.00','PO_I1049550470892670001','赠送积分','','points',0,'',1515050273),(257,1,'Carey',0,'694.89','101682.60','PO_I1049550470892680001','取消订单','','money',0,'',1515050273),(258,1,'Carey',0,'1001.00','22258382.00','PO_I1049550470892680001','取消订单','','points',0,'',1515050273),(259,1,'Carey',0,'780.00','31367.01','PO_I1049550470892680001','取消订单','','card',5,'9971564621172962',1515050273),(260,1,'Carey',0,'100.00','22258482.00','PO_I1049550470892670001','赠送积分','','points',0,'',1515050273),(261,1,'Carey',0,'694.89','101682.60','PO_I1049550470892680001','取消订单','','money',0,'',1515050273),(262,1,'Carey',0,'1001.00','22258382.00','PO_I1049550470892680001','取消订单','','points',0,'',1515050273),(263,1,'Carey',0,'780.00','31367.01','PO_I1049550470892680001','取消订单','','card',5,'9971564621172962',1515050273),(264,1,'Carey',0,'100.00','22258482.00','PO_I1049550470892670001','赠送积分','','points',0,'',1515050273),(265,1,'Carey',0,'694.89','101682.60','PO_I1049550470892680001','取消订单','','money',0,'',1515050273),(266,1,'Carey',0,'1001.00','22258382.00','PO_I1049550470892680001','取消订单','','points',0,'',1515050273),(267,1,'Carey',0,'780.00','31367.01','PO_I1049550470892680001','取消订单','','card',5,'9971564621172962',1515050273),(268,1,'Carey',1,'100.00','22258482.00','PO_I1049550470892670001','赠送积分','','points',0,'',1515050273),(269,1,'Carey',1,'694.89','101682.60','PO_I1049550470892680001','取消订单','','money',0,'',1515050273),(270,1,'Carey',1,'1001.00','22258382.00','PO_I1049550470892680001','取消订单','','points',0,'',1515050273),(271,1,'Carey',0,'5.00','31367.01','PO_I1049550470892680001','取消订单','5','card',5,'9971564621172962',1515050273),(272,1,'Carey',0,'4.00','22258482.00','PO_I1049550470892670001','赠送积分','4','points',0,'',1515050273),(273,1,'Carey',0,'3.00','101682.60','PO_I1049550470892680001','取消订单','3','money',0,'',1515050273),(274,1,'Carey',0,'2.00','22258382.00','PO_I1049550470892680001','取消订单','2','points',0,'',1515050273),(275,1,'Carey',0,'1.00','31367.01','PO_I1049550470892680001','取消订单','1','card',5,'9971564621172962',1515050273),(276,1,'admin',0,'110.77','1109.77','TX_H6300543145824740001','拒绝提现','','money',0,'',1561345837),(277,1,'admin',0,'110.77','1220.54','TX_H6300543945944240001','拒绝提现','','money',0,'',1561345860);

/*Table structure for table `ims_user` */

DROP TABLE IF EXISTS `ims_user`;

CREATE TABLE `ims_user` (
  `user_id` int(11) unsigned NOT NULL AUTO_INCREMENT,
  `username` varchar(80) CHARACTER SET utf8mb4 COLLATE utf8mb4_unicode_ci NOT NULL COMMENT '账号',
  `password` varchar(60) CHARACTER SET utf8mb4 COLLATE utf8mb4_unicode_ci NOT NULL COMMENT '密码',
  `mobile` varchar(15) CHARACTER SET utf8mb4 COLLATE utf8mb4_unicode_ci NOT NULL COMMENT '手机',
  `is_mobile` tinyint(1) NOT NULL DEFAULT '0' COMMENT '是否验证 0=否 1=是',
  `email` varchar(60) CHARACTER SET utf8mb4 COLLATE utf8mb4_unicode_ci NOT NULL DEFAULT '' COMMENT '邮箱',
  `is_email` tinyint(1) NOT NULL DEFAULT '0' COMMENT '是否验证 0=否 1=是',
  `nickname` varchar(50) CHARACTER SET utf8mb4 COLLATE utf8mb4_unicode_ci NOT NULL DEFAULT '' COMMENT '昵称',
  `head_pic` varchar(512) CHARACTER SET utf8mb4 COLLATE utf8mb4_unicode_ci NOT NULL DEFAULT '' COMMENT '头像',
  `sex` tinyint(1) NOT NULL DEFAULT '0' COMMENT '0=保密 1=男 2=女',
  `birthday` varchar(10) CHARACTER SET utf8mb4 COLLATE utf8mb4_unicode_ci NOT NULL DEFAULT '' COMMENT '生日',
  `level_icon` varchar(512) CHARACTER SET utf8mb4 COLLATE utf8mb4_unicode_ci NOT NULL DEFAULT '' COMMENT '等级图标',
  `user_level_id` int(11) unsigned NOT NULL DEFAULT '1' COMMENT '对应user_level表',
  `user_address_id` int(11) unsigned NOT NULL DEFAULT '0' COMMENT '对应user_address表',
  `group_id` mediumint(8) unsigned NOT NULL COMMENT '用户组Id',
  `last_login` int(11) NOT NULL DEFAULT '0' COMMENT '最后登录日期',
  `last_ip` varchar(15) CHARACTER SET utf8mb4 COLLATE utf8mb4_unicode_ci NOT NULL DEFAULT '' COMMENT '最后登录ip',
  `status` tinyint(1) NOT NULL DEFAULT '1' COMMENT '0=禁用 1=启用',
  `is_delete` tinyint(1) NOT NULL DEFAULT '0' COMMENT '0=未删 1=已删',
  `create_time` int(11) NOT NULL DEFAULT '0' COMMENT '创建日期',
  `update_time` int(11) NOT NULL DEFAULT '0' COMMENT '更新日期',
  PRIMARY KEY (`user_id`),
  KEY `username` (`username`),
  KEY `mobile` (`mobile`),
  KEY `email` (`email`),
  KEY `nickname` (`nickname`),
  KEY `user_level_id` (`user_level_id`),
  KEY `status` (`status`),
  KEY `is_delete` (`is_delete`)
) ENGINE=InnoDB AUTO_INCREMENT=85 DEFAULT CHARSET=utf8mb4 COLLATE=utf8mb4_unicode_ci COMMENT='顾客组账号';

/*Data for the table `ims_user` */

insert  into `ims_user`(`user_id`,`username`,`password`,`mobile`,`is_mobile`,`email`,`is_email`,`nickname`,`head_pic`,`sex`,`birthday`,`level_icon`,`user_level_id`,`user_address_id`,`group_id`,`last_login`,`last_ip`,`status`,`is_delete`,`create_time`,`update_time`) values (1,'dnyz','ab412677a10a7f9d7d34c67937bf5c1e','15867425430',0,'',0,'CareyShop','careyshop.oruei.com/uploads/files/20190703/8aa5ca5886378861f768219c8539a20b.jpg?type=careyshop',1,'1997-11-20','image/level/level2.png',2,10,3,1501751876,'127.0.0.1',1,0,1490945016,1565231779),(5,'dnyz521','ab412677a10a7f9d7d34c67937bf5c1e','15867425430',0,'',0,'思维空间','',0,'0000-00-00','image/level/level2.png',2,0,3,1501741634,'127.0.0.1',1,1,1490945016,1565231779),(6,'dnyz522','ab412677a10a7f9d7d34c67937bf5c1e','15867425430',0,'',0,'思维空间','',0,'0000-00-00','image/level/level2.png',2,0,3,1490977294,'',1,1,1490945016,1565231779),(7,'dnyz_A','1729c0c36d336144af763b6889057409','15867430421',0,'',0,'','',0,'1986-11-26','image/level/level1.png',1,0,3,0,'',1,1,1496913131,1565231646),(8,'test','1729c0c36d336144af763b6889057409','15867430435',1,'',0,'','',0,'','image/level/level1.png',1,0,3,0,'',1,1,0,1565231646),(9,'test123','1729c0c36d336144af763b6889057409','15867430436',1,'',0,'','',0,'','image/level/level1.png',1,0,3,0,'',1,0,0,1565231646),(10,'test1234','ab412677a10a7f9d7d34c67937bf5c1e','15867430437',1,'',0,'','',0,'','image/level/level1.png',1,0,3,0,'',1,0,0,1565231646),(11,'test1235','c2ae5ecbc528042b647338de295dba83','15867430438',1,'',0,'','',0,'','image/level/level1.png',1,0,3,1501683244,'127.0.0.1',0,0,0,1565231646),(12,'Dnyz666','ab412677a10a7f9d7d34c67937bf5c1e','15867430654',1,'',0,'','',0,'','image/level/level1.png',1,0,3,0,'',1,0,0,1565231646),(16,'Dnyz888','ab412677a10a7f9d7d34c67937bf5c1e','15867430655',1,'',0,'','',0,'','image/level/level1.png',1,0,3,0,'',1,0,0,1565231646),(17,'carey','c2ae5ecbc528042b647338de295dba83','13071297155',0,'',0,'carey','careyshop.oruei.com/uploads/files/20190625/c00b7c190e1508c0f97567a97599bee1.jpg?type=careyshop',1,'1997-11-20','image/level/level6.png',6,0,3,0,'',0,1,1524460342,1571105834),(18,'dnyz251','ab412677a10a7f9d7d34c67937bf5c1e','15867425430',0,'',0,'careya','//host/head_pic.jpg',1,'1997-11-20','image/level/level2.png',2,0,3,1501751876,'127.0.0.1',0,0,1490945016,1565231779),(19,'dnyz252','ab412677a10a7f9d7d34c67937bf5c1e','15867425430',0,'',0,'思维空间','',0,'0000-00-00','image/level/level2.png',2,0,3,1501741634,'127.0.0.1',1,1,1490945016,1565231779),(20,'dnyz253','ab412677a10a7f9d7d34c67937bf5c1e','15867425430',0,'',0,'思维空间','',0,'0000-00-00','image/level/level2.png',2,0,3,1490977294,'',1,1,1490945016,1565231779),(21,'dnyz254','1729c0c36d336144af763b6889057409','15867430421',0,'',0,'','',0,'1986-11-26','image/level/level1.png',1,0,3,0,'',1,0,1496913131,1565231646),(22,'dnyz255','1729c0c36d336144af763b6889057409','15867430435',1,'',0,'','',0,'','image/level/level1.png',1,0,3,0,'',1,0,0,1565231646),(23,'dnyz256','1729c0c36d336144af763b6889057409','15867430436',1,'',0,'','',0,'','image/level/level1.png',1,0,3,0,'',1,0,0,1565231646),(24,'dnyz257','ab412677a10a7f9d7d34c67937bf5c1e','15867430437',1,'',0,'','',0,'','image/level/level1.png',1,0,3,0,'',1,0,0,1565231646),(25,'dnyz258','c2ae5ecbc528042b647338de295dba83','15867430438',1,'',0,'','',0,'','image/level/level1.png',1,0,3,1501683244,'127.0.0.1',0,0,0,1565231646),(26,'dnyz259','ab412677a10a7f9d7d34c67937bf5c1e','15867430654',1,'',0,'','',0,'','image/level/level1.png',1,0,3,0,'',1,0,0,1565231646),(27,'dnyz260','ab412677a10a7f9d7d34c67937bf5c1e','15867430655',1,'',0,'','',0,'','image/level/level1.png',1,0,3,0,'',1,0,0,1565231646),(28,'dnyz261','c2ae5ecbc528042b647338de295dba83','13071297155',0,'',0,'carey','careyshop.oruei.com/uploads/files/20190625/7d91ee273fb17dfa0082c258758924db.jpg?type=careyshop',1,'1997-11-20','image/level/level6.png',6,0,3,0,'',1,1,1524460342,1571105834),(29,'dnyz271','ab412677a10a7f9d7d34c67937bf5c1e','15867425430',0,'',0,'careya','//host/head_pic.jpg',1,'1997-11-20','image/level/level2.png',2,0,3,1501751876,'127.0.0.1',0,0,1490945016,1565231779),(30,'dnyz272','ab412677a10a7f9d7d34c67937bf5c1e','15867425430',0,'',0,'思维空间','',0,'0000-00-00','image/level/level2.png',2,0,3,1501741634,'127.0.0.1',1,1,1490945016,1565231779),(31,'dnyz273','ab412677a10a7f9d7d34c67937bf5c1e','15867425430',0,'',0,'思维空间','',0,'0000-00-00','image/level/level2.png',2,0,3,1490977294,'',1,1,1490945016,1565231779),(32,'dnyz274','1729c0c36d336144af763b6889057409','15867430421',0,'',0,'','',0,'1986-11-26','image/level/level1.png',1,0,3,0,'',1,0,1496913131,1565231646),(33,'dnyz275','1729c0c36d336144af763b6889057409','15867430435',1,'',0,'','',0,'','image/level/level1.png',1,0,3,0,'',1,0,0,1565231646),(34,'dnyz276','1729c0c36d336144af763b6889057409','15867430436',1,'',0,'','',0,'','image/level/level1.png',1,0,3,0,'',1,0,0,1565231646),(35,'dnyz277','ab412677a10a7f9d7d34c67937bf5c1e','15867430437',1,'',0,'','',0,'','image/level/level1.png',1,0,3,0,'',1,0,0,1565231646),(36,'dnyz278','c2ae5ecbc528042b647338de295dba83','15867430438',1,'',0,'','',0,'','image/level/level1.png',1,0,3,1501683244,'127.0.0.1',0,0,0,1565231646),(37,'dnyz279','ab412677a10a7f9d7d34c67937bf5c1e','15867430654',1,'',0,'','',0,'','image/level/level1.png',1,0,3,0,'',1,0,0,1565231646),(38,'dnyz280','ab412677a10a7f9d7d34c67937bf5c1e','15867430655',1,'',0,'','',0,'','image/level/level1.png',1,0,3,0,'',1,0,0,1565231646),(39,'dnyz281','c2ae5ecbc528042b647338de295dba83','13071297155',0,'',0,'carey','careyshop.oruei.com/uploads/files/20190625/c00b7c190e1508c0f97567a97599bee1.jpg?type=careyshop',1,'1997-11-20','image/level/level6.png',6,0,3,0,'',1,1,1524460342,1571105834),(40,'dnyz291','ab412677a10a7f9d7d34c67937bf5c1e','15867425430',0,'',0,'careya','careyshop.oruei.com/uploads/files/20190625/7d91ee273fb17dfa0082c258758924db.jpg?type=careyshop',1,'1997-11-20','image/level/level2.png',2,0,3,1501751876,'127.0.0.1',1,0,1490945016,1565231779),(41,'dnyz292','ab412677a10a7f9d7d34c67937bf5c1e','15867425430',0,'',0,'思维空间','',0,'0000-00-00','image/level/level2.png',2,0,3,1501741634,'127.0.0.1',1,1,1490945016,1565231779),(42,'dnyz293','ab412677a10a7f9d7d34c67937bf5c1e','15867425430',0,'',0,'思维空间','',0,'0000-00-00','image/level/level2.png',2,0,3,1490977294,'',1,1,1490945016,1565231779),(43,'dnyz294','1729c0c36d336144af763b6889057409','15867430421',0,'',0,'','',0,'1986-11-26','image/level/level1.png',1,0,3,0,'',1,0,1496913131,1565231646),(44,'dnyz295','1729c0c36d336144af763b6889057409','15867430435',1,'',0,'','',0,'','image/level/level1.png',1,0,3,0,'',1,0,0,1565231646),(45,'dnyz296','1729c0c36d336144af763b6889057409','15867430436',1,'',0,'','',0,'','image/level/level1.png',1,0,3,0,'',1,0,0,1565231646),(46,'dnyz297','ab412677a10a7f9d7d34c67937bf5c1e','15867430437',1,'',0,'','',0,'','image/level/level1.png',1,0,3,0,'',1,0,0,1565231646),(47,'dnyz298','c2ae5ecbc528042b647338de295dba83','15867430438',1,'',0,'','',0,'','image/level/level1.png',1,0,3,1501683244,'127.0.0.1',1,0,0,1565231646),(48,'dnyz299','ab412677a10a7f9d7d34c67937bf5c1e','15867430654',1,'',0,'','',0,'','image/level/level1.png',1,0,3,0,'',1,0,0,1565231646),(49,'dnyz301','ab412677a10a7f9d7d34c67937bf5c1e','15867430655',1,'',0,'','',0,'','image/level/level1.png',1,0,3,0,'',0,0,0,1565231646),(50,'dnyz302','c2ae5ecbc528042b647338de295dba83','13071297155',0,'',0,'carey','',1,'1997-11-20','image/level/level6.png',6,0,3,0,'',1,1,1524460342,1571105834),(51,'dnyz251','ab412677a10a7f9d7d34c67937bf5c1e','15867425430',0,'',0,'careya','',1,'1997-11-20','image/level/level2.png',2,0,3,1501751876,'127.0.0.1',0,0,1490945016,1565231779),(52,'dnyz252','ab412677a10a7f9d7d34c67937bf5c1e','15867425430',0,'',0,'思维空间','',0,'0000-00-00','image/level/level2.png',2,0,3,1501741634,'127.0.0.1',1,1,1490945016,1565231779),(53,'dnyz253','ab412677a10a7f9d7d34c67937bf5c1e','15867425430',0,'',0,'思维空间','',0,'0000-00-00','image/level/level2.png',2,0,3,1490977294,'',1,1,1490945016,1565231779),(54,'dnyz254','1729c0c36d336144af763b6889057409','15867430421',0,'',0,'','',0,'1986-11-26','image/level/level1.png',1,0,3,0,'',0,0,1496913131,1565231646),(55,'dnyz255','1729c0c36d336144af763b6889057409','15867430435',1,'',0,'','',0,'','image/level/level1.png',1,0,3,0,'',1,1,0,1565231646),(56,'dnyz256','1729c0c36d336144af763b6889057409','15867430436',1,'',0,'','',0,'','image/level/level1.png',1,0,3,0,'',1,1,0,1565231646),(57,'dnyz257','ab412677a10a7f9d7d34c67937bf5c1e','15867430437',1,'',0,'','',0,'','image/level/level1.png',1,0,3,0,'',1,1,0,1565231646),(58,'dnyz258','c2ae5ecbc528042b647338de295dba83','15867430438',1,'',0,'','',0,'','image/level/level1.png',1,0,3,1501683244,'127.0.0.1',0,0,0,1565231646),(59,'dnyz259','ab412677a10a7f9d7d34c67937bf5c1e','15867430654',1,'',0,'','',0,'','image/level/level1.png',1,0,3,0,'',0,0,0,1565231646),(60,'dnyz260','ab412677a10a7f9d7d34c67937bf5c1e','15867430655',1,'',0,'','',0,'','image/level/level1.png',1,0,3,0,'',0,0,0,1565231646),(61,'dnyz261','c2ae5ecbc528042b647338de295dba83','13071297155',0,'',0,'carey','',1,'1997-11-20','image/level/level6.png',6,0,3,0,'',1,1,1524460342,1571105834),(62,'dnyz251','ab412677a10a7f9d7d34c67937bf5c1e','15867425430',0,'',0,'careya','',1,'1997-11-20','image/level/level2.png',2,0,3,1501751876,'127.0.0.1',1,1,1490945016,1565231779),(63,'dnyz252','ab412677a10a7f9d7d34c67937bf5c1e','15867425430',0,'',0,'思维空间','',0,'0000-00-00','image/level/level2.png',2,0,3,1501741634,'127.0.0.1',1,1,1490945016,1565231779),(64,'dnyz253','ab412677a10a7f9d7d34c67937bf5c1e','15867425430',0,'',0,'思维空间','',0,'0000-00-00','image/level/level2.png',2,0,3,1490977294,'',1,1,1490945016,1565231779),(65,'dnyz254','1729c0c36d336144af763b6889057409','15867430421',0,'',0,'','',0,'1986-11-26','image/level/level1.png',1,0,3,0,'',0,1,1496913131,1565231646),(66,'dnyz255','1729c0c36d336144af763b6889057409','15867430435',1,'',0,'','//host/head_pic.jpg',0,'','image/level/level1.png',1,0,3,0,'',1,1,1561426824,1565231646),(67,'dnyz256','53c0dd694cc7b818795e99cb0cb414fb','15867430436',1,'',0,'','careyshop.oruei.com/uploads/files/20190627/e2ffeec398a5d31ee522a60ced6f9cdf.png?type=careyshop',1,'','image/level/level1.png',1,0,3,0,'255.255.255.255',1,1,1561431349,1565231646),(68,'dnyz257','ab412677a10a7f9d7d34c67937bf5c1e','15867430437',1,'',0,'shop','aliyun.oss.careyshop.cn/uploads/files/20190625/501be098-d163-4ed1-a91c-8274c93e1f68.jpg?type=aliyun',0,'','image/level/level1.png',1,0,10,1561433718,'119.39.77.94',0,1,1561433718,1565231646),(69,'dnyz258','c2ae5ecbc528042b647338de295dba83','15867430438',0,'',0,'carey','aliyun.oss.careyshop.cn/uploads/files/20190625/b341f4c4-10c3-41b2-b49f-fc83ad3ec1ad.jpg?type=aliyun',0,'','image/level/level1.png',1,0,9,1501683244,'125.116.104.79',0,1,1561441303,1565231646),(70,'dnyz259','ab412677a10a7f9d7d34c67937bf5c1e','15867430654',0,'',0,'CareyShop.','aliyun.oss.careyshop.cn/uploads/files/20190625/381b8683-604b-4ab8-8742-0a0fb03dd89b.jpg?type=aliyun',2,'2019-06-19','image/level/level4.png',1,0,8,1561441315,'60.247.5.116',1,1,1561441317,1565231646),(71,'dnyz260','ab412677a10a7f9d7d34c67937bf5c1e','15867430655',1,'',0,'思维空间','aliyun.oss.careyshop.cn/uploads/files/20190625/32f50c71-40e6-45fb-b4dd-02f7a6b154d0.jpg?type=aliyun',2,'2019-06-20','image/level/level4.png',1,0,9,1561441320,'125.85.204.222',1,1,1561441320,1565231646),(72,'dnyz261','4ab5a309309fe53110c5fab7a413472a','13071297155',1,'dnyz261@126.com',1,'AAA','careyshop.oruei.com/uploads/files/20190924/69473d6846e8e415d71782af9577294c.jpg?type=careyshop',1,'1997-11-20','image/level/level6.png',6,9,3,1524472125,'221.12.48.19',1,1,1524460342,1571105834),(79,'admin','571665dca5638abe5b9b9ba44a3ce68e','1377777',0,'',0,'','',0,'','image/level/level1.png',1,0,7,0,'',1,1,1561684077,1565231646),(80,'admin1','799678695df6616e57fb8960eb88fd5a','1366666',0,'',0,'','',0,'','image/level/level1.png',1,0,10,0,'',1,1,1561684258,1565231646),(81,'admin2','8fd15c5bb34ccb4398ff678605d18362','1388888',0,'',0,'','',0,'','image/level/level1.png',1,0,10,0,'',1,1,1561684361,1565231646),(82,'admin3','a3f503f93e25cbcad633b1bd25854740','13565656',0,'',0,'','',0,'','image/level/level1.png',1,0,3,0,'',0,1,1561684542,1565231646),(83,'admin4','a3f503f93e25cbcad633b1bd25854740','131111111',0,'',0,'','',0,'','image/level/level1.png',1,0,7,0,'',0,1,1561684715,1565231646),(84,'dnyz262','c2ae5ecbc528042b647338de295dba83','13777090809',0,'',0,'','',0,'','image/level/level5.png',1,0,3,0,'',1,1,1565228865,1565231646);

/*Table structure for table `ims_user_address` */

DROP TABLE IF EXISTS `ims_user_address`;

CREATE TABLE `ims_user_address` (
  `user_address_id` int(11) unsigned NOT NULL AUTO_INCREMENT,
  `user_id` int(11) unsigned NOT NULL DEFAULT '0' COMMENT '对应user表',
  `consignee` varchar(30) CHARACTER SET utf8mb4 COLLATE utf8mb4_unicode_ci NOT NULL COMMENT '姓名',
  `country` smallint(5) unsigned NOT NULL DEFAULT '0' COMMENT '国家',
  `province` smallint(5) unsigned NOT NULL COMMENT '省份',
  `city` smallint(5) unsigned NOT NULL COMMENT '城市',
  `district` smallint(5) unsigned NOT NULL DEFAULT '0' COMMENT '县区',
  `region` varchar(255) CHARACTER SET utf8mb4 COLLATE utf8mb4_unicode_ci NOT NULL DEFAULT '' COMMENT '所在地区',
  `address` varchar(255) CHARACTER SET utf8mb4 COLLATE utf8mb4_unicode_ci NOT NULL COMMENT '详细地址',
  `zipcode` varchar(20) CHARACTER SET utf8mb4 COLLATE utf8mb4_unicode_ci DEFAULT '' COMMENT '邮编',
  `tel` varchar(15) CHARACTER SET utf8mb4 COLLATE utf8mb4_unicode_ci NOT NULL DEFAULT '' COMMENT '电话',
  `mobile` varchar(15) CHARACTER SET utf8mb4 COLLATE utf8mb4_unicode_ci NOT NULL COMMENT '手机号码',
  `is_delete` tinyint(1) NOT NULL DEFAULT '0' COMMENT '0=未删 1=已删',
  PRIMARY KEY (`user_address_id`),
  KEY `user_id` (`user_id`),
  KEY `is_delete` (`is_delete`)
) ENGINE=InnoDB AUTO_INCREMENT=41 DEFAULT CHARSET=utf8mb4 COLLATE=utf8mb4_unicode_ci COMMENT='账号收货地址';

/*Data for the table `ims_user_address` */

insert  into `ims_user_address`(`user_address_id`,`user_id`,`consignee`,`country`,`province`,`city`,`district`,`region`,`address`,`zipcode`,`tel`,`mobile`,`is_delete`) values (3,72,'赵3',0,12,124,1240,'浙江 宁波市 鼓楼区','江北万达商务楼','315000','87487585','13777003149',0),(4,1,'赵No',0,88,88,88,'','江北区','','','15867425430',1),(5,1,'赵B',0,12,12,12,'','江北区','','','',1),(6,1,'赵',0,88,88,88,'','江北区','','','15867425430',1),(7,72,'A',0,8,89,1021,'吉林 四平市 梨树县','B','315000','D','15867430421',0),(8,72,'赵Yes',0,88,88,88,'','江北区','','','15867425430',1),(9,72,'B',0,4,39,446,'河北 石家庄市 井陉矿区','CCC','315111','123456','15867425430',0),(10,1,'赵',0,12,124,4044,'浙江 宁波市 江北区','江北区','','','15867425430',0),(11,1,'赵',0,88,88,88,'','江北区','','','15867425430',0),(12,1,'赵',0,88,88,88,'','江北区','','','15867425430',0),(13,1,'赵',0,88,88,88,'','江北区','','','15867425430',0),(14,1,'赵',0,88,88,88,'','江北区','','','15867425430',0),(15,1,'赵',0,88,88,88,'','江北区','','','15867425430',0),(16,1,'赵',0,88,88,88,'','江北区','','','15867425430',0),(17,1,'赵',0,88,88,88,'','江北区','','','15867425430',0),(18,1,'赵',0,88,88,88,'','江北区','','','15867425430',1),(19,1,'赵',0,88,88,88,'','江北区','','','15867425430',0),(20,1,'赵',0,88,88,88,'','江北区','','','15867425430',0),(21,1,'赵',0,88,88,88,'','江北区','','','15867425430',0),(22,1,'赵',0,88,88,88,'','江北区','','','15867425430',0),(23,1,'赵',0,88,88,88,'','江北区','','','15867425430',0),(24,1,'赵',0,88,88,88,'','江北区','','','15867425430',0),(25,1,'赵',0,88,88,88,'','江北区','','','15867425430',0),(26,1,'赵',0,88,88,88,'','江北区','','','15867425430',0),(27,1,'赵',0,88,88,88,'','江北区','','','15867425430',0),(28,1,'赵',0,88,88,88,'','江北区','','','15867425430',0),(29,1,'赵',0,88,88,88,'','江北区','','','15867425430',0),(30,72,'赵yes',0,18,204,2139,'湖北 武汉市 武昌区','江北区江北区江北区江北区','','','15867425430',0),(31,72,'aaaaaaaaa',0,10,109,1215,'上海 上海市 黄浦区','aaaaaaaaaaa','','','137777777',1),(32,72,'aaaaaaaa',0,3,38,422,'天津 天津市 和平区','bbbbbbbbbb','2222222','1111111111','131111111111',0),(33,72,'bbbbbbbbbb',0,23,270,2675,'重庆 重庆市 大渡口区','cccccccccc','','','131111111111',0),(34,72,'思维',0,12,124,4044,'浙江 宁波市 江北区','江北万达','315000','0574-87487585','13777090215',0),(35,72,'思维',0,9,97,1092,'黑龙江 齐齐哈尔市 富拉尔基区','广厦怡庭北区22幢92号606室','315000','','13071297155',0),(36,72,'张三',0,30,350,3474,'青海 海北藏族自治州 门源回族自治县','世纪大道华东成1号楼','','','137777111',0),(37,72,'李四',0,9,108,1207,'黑龙江 大兴安岭地区 松岭区','选中的数据过滤项，如果需要自定义表头过滤的渲染方式，可能会需要此属性。','','','13111111',0),(38,72,'AAA',0,10,109,1216,'上海 上海市 卢湾区','BBB','','','1311111',0),(39,72,'CCC',0,3,38,423,'天津 天津市 河东区','DDD','','','1344444',0),(40,72,'55555',0,23,270,2675,'重庆 重庆市 大渡口区','44444','100000','222222','3333333',0);

/*Table structure for table `ims_user_level` */

DROP TABLE IF EXISTS `ims_user_level`;

CREATE TABLE `ims_user_level` (
  `user_level_id` smallint(5) unsigned NOT NULL AUTO_INCREMENT,
  `name` varchar(30) CHARACTER SET utf8mb4 COLLATE utf8mb4_unicode_ci NOT NULL COMMENT '等级名称',
  `icon` varchar(512) CHARACTER SET utf8mb4 COLLATE utf8mb4_unicode_ci NOT NULL DEFAULT '' COMMENT '图标',
  `amount` decimal(10,2) NOT NULL COMMENT '消费金额',
  `discount` tinyint(3) NOT NULL COMMENT '折扣',
  `description` varchar(200) CHARACTER SET utf8mb4 COLLATE utf8mb4_unicode_ci DEFAULT '' COMMENT '等级描述',
  PRIMARY KEY (`user_level_id`),
  KEY `amount` (`amount`)
) ENGINE=InnoDB AUTO_INCREMENT=8 DEFAULT CHARSET=utf8mb4 COLLATE=utf8mb4_unicode_ci COMMENT='账号等级';

/*Data for the table `ims_user_level` */

insert  into `ims_user_level`(`user_level_id`,`name`,`icon`,`amount`,`discount`,`description`) values (1,'青铜会员','image/level/level1.png','0.00',100,'青铜会员'),(2,'白银会员','image/level/level2.png','10000.00',98,'白银会员累计消费满10000，全场享9.8折优惠'),(3,'黄金会员','image/level/level3.png','30000.00',95,'黄金会员累计消费满30000，全场享9.5折优惠'),(4,'铂金会员','image/level/level4.png','50000.00',92,'铂金会员累计消费满50000，全场享9.2折优惠'),(5,'钻石会员','image/level/level5.png','100000.00',90,'钻石会员累计消费满100000，全场享9折优惠'),(6,'至尊 VIP','image/level/level6.png','200000.00',88,'至尊VIP累计消费满200000，全场享8.8折优惠'),(7,'青铜会员','image/level/level1.png','0.00',100,'青铜会员');

/*Table structure for table `ims_user_money` */

DROP TABLE IF EXISTS `ims_user_money`;

CREATE TABLE `ims_user_money` (
  `user_money_id` int(11) unsigned NOT NULL AUTO_INCREMENT,
  `user_id` int(11) unsigned NOT NULL DEFAULT '0' COMMENT '对应user表',
  `total_money` decimal(10,2) NOT NULL DEFAULT '0.00' COMMENT '累计消费',
  `balance` decimal(10,2) NOT NULL DEFAULT '0.00' COMMENT '可用余额',
  `lock_balance` decimal(10,2) NOT NULL DEFAULT '0.00' COMMENT '锁定余额',
  `points` int(11) NOT NULL DEFAULT '0' COMMENT '账号积分',
  `lock_points` int(11) NOT NULL DEFAULT '0' COMMENT '锁定积分',
  PRIMARY KEY (`user_money_id`),
  KEY `user_id` (`user_id`)
) ENGINE=InnoDB AUTO_INCREMENT=15 DEFAULT CHARSET=utf8mb4 COLLATE=utf8mb4_unicode_ci COMMENT='账号资金表';

/*Data for the table `ims_user_money` */

insert  into `ims_user_money`(`user_money_id`,`user_id`,`total_money`,`balance`,`lock_balance`,`points`,`lock_points`) values (1,1,'0.00','1220.54','445.15',0,0),(2,73,'0.00','0.00','0.00',0,0),(3,74,'0.00','0.00','0.00',0,0),(4,75,'0.00','0.00','0.00',0,0),(5,76,'0.00','0.00','0.00',0,0),(6,77,'0.00','0.00','0.00',0,0),(7,78,'0.00','0.00','0.00',0,0),(8,72,'999.00','1323.54','445.15',400,0),(9,79,'0.00','0.00','0.00',0,0),(10,80,'0.00','0.00','0.00',0,0),(11,81,'0.00','0.00','0.00',0,0),(12,82,'0.00','0.00','0.00',0,0),(13,83,'0.00','0.00','0.00',0,0),(14,84,'0.00','0.00','0.00',0,0);

/*Table structure for table `ims_withdraw` */

DROP TABLE IF EXISTS `ims_withdraw`;

CREATE TABLE `ims_withdraw` (
  `withdraw_id` int(11) unsigned NOT NULL AUTO_INCREMENT,
  `withdraw_no` varchar(50) CHARACTER SET utf8mb4 COLLATE utf8mb4_unicode_ci NOT NULL COMMENT '提现单号',
  `user_id` int(11) unsigned NOT NULL DEFAULT '0' COMMENT '对应user表',
  `name` varchar(32) CHARACTER SET utf8mb4 COLLATE utf8mb4_unicode_ci NOT NULL COMMENT '收款人姓名',
  `mobile` varchar(12) CHARACTER SET utf8mb4 COLLATE utf8mb4_unicode_ci NOT NULL COMMENT '收款人手机',
  `bank_name` varchar(50) CHARACTER SET utf8mb4 COLLATE utf8mb4_unicode_ci NOT NULL COMMENT '收款账户',
  `account` varchar(100) CHARACTER SET utf8mb4 COLLATE utf8mb4_unicode_ci NOT NULL COMMENT '收款账号',
  `money` decimal(10,2) NOT NULL COMMENT '提现金额',
  `fee` decimal(10,2) NOT NULL DEFAULT '0.00' COMMENT '手续费(百分比)',
  `amount` decimal(10,2) NOT NULL COMMENT '合计金额',
  `remark` varchar(255) CHARACTER SET utf8mb4 COLLATE utf8mb4_unicode_ci NOT NULL DEFAULT '' COMMENT '备注',
  `status` tinyint(1) NOT NULL DEFAULT '0' COMMENT '0=待处理 1=处理中 2=已取消 3=已完成 4=已拒绝',
  `create_time` int(11) NOT NULL DEFAULT '0' COMMENT '创建日期',
  `update_time` int(11) NOT NULL DEFAULT '0' COMMENT '更新日期',
  PRIMARY KEY (`withdraw_id`),
  KEY `user_id` (`user_id`),
  KEY `status` (`status`),
  KEY `withdraw_no` (`withdraw_no`),
  KEY `create_time` (`create_time`)
) ENGINE=InnoDB AUTO_INCREMENT=13 DEFAULT CHARSET=utf8mb4 COLLATE=utf8mb4_unicode_ci COMMENT='提现申请';

/*Data for the table `ims_withdraw` */

insert  into `ims_withdraw`(`withdraw_id`,`withdraw_no`,`user_id`,`name`,`mobile`,`bank_name`,`account`,`money`,`fee`,`amount`,`remark`,`status`,`create_time`,`update_time`) values (1,'TX_H6238358225052790001',1,'赵','15867425430','支付宝','dnyz@163.com','100.00','0.00','100.00','',2,1498183582,1498183761),(2,'TX_H6238479678832110001',1,'赵','15867425430','支付宝','dnyz@163.com','99.99','0.00','99.99','备注',3,1498184796,1498206529),(4,'TX_H6238547918993630001',1,'赵','15867425430','支付宝','dnyz@163.com','99.99','6.00','105.99','账号不完整账号不完整账号不完整账号不完整账号不完整账号不完整账号不完整账号不完整账号不完整账号不完整账号不完整账号不完整',4,1498185479,1498209124),(5,'TX_H6300542394601500001',1,'赵','15867425430','支付宝','dnyz@163.com','104.50','6.00','110.77','提现完成备注测试',3,1498805424,1561345801),(6,'TX_H6300543145824740001',1,'赵','15867425430','支付宝','dnyz@163.com','104.50','6.00','110.77','账号不正确',1,1498805431,1561345837),(7,'TX_H6300543945944240001',1,'赵','15867425430','支付宝','dnyz@163.com','104.50','6.00','110.77','ok',0,1498805439,1561345860),(8,'TX_H6300544085683450001',1,'赵','15867425430','支付宝','dnyz@163.com','104.50','6.00','110.77','ok',0,1498805440,1561354718),(9,'TX_H6300544219265430001',1,'赵','15867425430','支付宝','dnyz@163.com','104.50','6.00','110.77','value',0,1498805442,1561345925),(10,'TX_H6300544401461660001',1,'赵','15867425430','支付宝','dnyz@163.com','104.50','6.00','110.77','',0,1498805444,1561347165),(12,'TX_H7079689041181850001',1,'赵','15867425430','支付宝','dnyz@163.com','0.03','6.00','0.03','',0,1499396890,1499396890);

/*Table structure for table `ims_withdraw_user` */

DROP TABLE IF EXISTS `ims_withdraw_user`;

CREATE TABLE `ims_withdraw_user` (
  `withdraw_user_id` int(11) unsigned NOT NULL AUTO_INCREMENT,
  `user_id` int(11) unsigned NOT NULL DEFAULT '0' COMMENT '对应user表',
  `name` varchar(32) CHARACTER SET utf8mb4 COLLATE utf8mb4_unicode_ci NOT NULL COMMENT '收款人姓名',
  `mobile` varchar(15) CHARACTER SET utf8mb4 COLLATE utf8mb4_unicode_ci NOT NULL COMMENT '收款人手机',
  `bank_name` varchar(50) CHARACTER SET utf8mb4 COLLATE utf8mb4_unicode_ci NOT NULL COMMENT '收款账户',
  `account` varchar(100) CHARACTER SET utf8mb4 COLLATE utf8mb4_unicode_ci NOT NULL COMMENT '收款账号',
  `is_delete` tinyint(1) NOT NULL DEFAULT '0' COMMENT '0=未删 1=已删',
  PRIMARY KEY (`withdraw_user_id`),
  KEY `user_id` (`user_id`),
  KEY `is_delete` (`is_delete`)
) ENGINE=InnoDB AUTO_INCREMENT=9 DEFAULT CHARSET=utf8mb4 COLLATE=utf8mb4_unicode_ci COMMENT='提现账号';

/*Data for the table `ims_withdraw_user` */

insert  into `ims_withdraw_user`(`withdraw_user_id`,`user_id`,`name`,`mobile`,`bank_name`,`account`,`is_delete`) values (1,1,'赵','15867425430','支付宝','dnyz@163.com',0),(2,1,'赵','15867425430','支付宝','dnyz@126.com',1),(3,2,'赵','15867425430','支付宝','dnyz@126.com',0),(4,1,'1','22222222','3','4',0),(5,72,'101','22222222301','301','401',0),(6,72,'2','2222224444','3','4',1),(7,72,'333','33333333','3','3',0),(8,72,'A1','1311111','B2','C3',0);

/*!40101 SET SQL_MODE=@OLD_SQL_MODE */;
/*!40014 SET FOREIGN_KEY_CHECKS=@OLD_FOREIGN_KEY_CHECKS */;
/*!40014 SET UNIQUE_CHECKS=@OLD_UNIQUE_CHECKS */;
/*!40111 SET SQL_NOTES=@OLD_SQL_NOTES */;
